user_id,recency,frequency,monetary,segment,color
1,60,1,186.24,At-Risk,#BA7517
2,230,3,356.75,New Customers,#7F77DD
3,6,5,774.1800000000001,At-Risk,#BA7517
6,106,2,222.82,At-Risk,#BA7517
7,75,3,441.29,At-Risk,#BA7517
8,58,4,497.20000000000005,At-Risk,#BA7517
11,255,1,46.49,New Customers,#7F77DD
12,219,1,68.12,New Customers,#7F77DD
14,156,3,662.6,New Customers,#7F77DD
15,43,5,1229.01,At-Risk,#BA7517
16,247,1,270.34,New Customers,#7F77DD
17,286,1,233.32,New Customers,#7F77DD
18,232,2,612.51,New Customers,#7F77DD
19,117,1,69.88,At-Risk,#BA7517
20,102,2,439.14,At-Risk,#BA7517
21,139,3,680.3,New Customers,#7F77DD
22,245,1,117.56,New Customers,#7F77DD
23,44,10,1940.74,At-Risk,#BA7517
24,189,3,867.1700000000001,New Customers,#7F77DD
25,38,21,4838.42,At-Risk,#BA7517
26,274,1,181.14,New Customers,#7F77DD
27,4,4,941.02,At-Risk,#BA7517
29,85,4,854.3,At-Risk,#BA7517
30,11,4,1050.4299999999998,At-Risk,#BA7517
31,139,2,178.94,New Customers,#7F77DD
32,166,1,163.11,New Customers,#7F77DD
33,342,2,462.49,New Customers,#7F77DD
34,25,3,1036.6,At-Risk,#BA7517
35,154,2,313.54,New Customers,#7F77DD
36,172,2,664.5799999999999,New Customers,#7F77DD
37,44,1,175.0,At-Risk,#BA7517
39,108,1,373.9,At-Risk,#BA7517
40,17,5,914.9100000000001,At-Risk,#BA7517
41,143,2,693.7,New Customers,#7F77DD
42,25,3,286.55,At-Risk,#BA7517
43,137,2,432.84000000000003,New Customers,#7F77DD
45,148,2,300.09000000000003,New Customers,#7F77DD
46,125,3,334.94,At-Risk,#BA7517
47,65,1,240.0,At-Risk,#BA7517
48,53,3,330.53000000000003,At-Risk,#BA7517
49,30,6,762.5699999999999,At-Risk,#BA7517
50,20,2,902.97,At-Risk,#BA7517
51,344,1,374.4,New Customers,#7F77DD
52,33,2,122.26,At-Risk,#BA7517
53,175,2,509.74,New Customers,#7F77DD
56,33,2,105.22,At-Risk,#BA7517
57,25,1,114.66,At-Risk,#BA7517
58,27,8,1296.58,At-Risk,#BA7517
59,64,4,451.51,At-Risk,#BA7517
60,138,3,426.81,New Customers,#7F77DD
61,48,2,332.37,At-Risk,#BA7517
62,40,13,2173.84,At-Risk,#BA7517
64,70,4,655.8,At-Risk,#BA7517
65,308,1,80.65,New Customers,#7F77DD
66,84,2,296.53999999999996,At-Risk,#BA7517
67,129,3,362.02,At-Risk,#BA7517
68,107,2,1141.5400000000002,At-Risk,#BA7517
69,169,3,1087.59,New Customers,#7F77DD
70,37,5,966.59,At-Risk,#BA7517
71,151,1,117.47,New Customers,#7F77DD
72,25,1,42.24,At-Risk,#BA7517
73,18,1,240.7,At-Risk,#BA7517
74,146,4,542.37,New Customers,#7F77DD
75,100,3,1698.55,At-Risk,#BA7517
76,58,2,1622.9499999999998,At-Risk,#BA7517
77,197,1,41.67,New Customers,#7F77DD
78,100,3,381.54999999999995,At-Risk,#BA7517
79,145,2,281.86,New Customers,#7F77DD
80,52,5,994.9200000000001,At-Risk,#BA7517
81,41,2,469.68,At-Risk,#BA7517
82,48,6,1834.13,At-Risk,#BA7517
83,40,8,1771.3300000000002,At-Risk,#BA7517
84,301,1,280.71,New Customers,#7F77DD
85,127,1,53.72,At-Risk,#BA7517
86,15,5,649.95,At-Risk,#BA7517
87,112,3,682.36,At-Risk,#BA7517
88,23,12,2573.15,At-Risk,#BA7517
89,142,1,235.74,New Customers,#7F77DD
90,106,1,201.38,At-Risk,#BA7517
91,37,1,46.58,At-Risk,#BA7517
92,91,3,986.01,At-Risk,#BA7517
93,69,3,600.0899999999999,At-Risk,#BA7517
94,80,3,202.58,At-Risk,#BA7517
95,142,1,1166.7,New Customers,#7F77DD
97,14,5,1388.97,At-Risk,#BA7517
98,31,6,956.1800000000001,At-Risk,#BA7517
99,39,3,820.82,At-Risk,#BA7517
100,51,2,392.84000000000003,At-Risk,#BA7517
102,37,6,1223.36,At-Risk,#BA7517
103,76,2,273.68,At-Risk,#BA7517
104,182,1,119.48,New Customers,#7F77DD
105,37,2,218.72,At-Risk,#BA7517
106,158,2,289.84000000000003,New Customers,#7F77DD
107,313,1,51.38,New Customers,#7F77DD
108,12,13,1466.37,At-Risk,#BA7517
109,2,87,17070.06,Loyal Customers,#1D9E75
110,324,1,468.99,New Customers,#7F77DD
111,6,14,2089.23,At-Risk,#BA7517
112,67,5,1711.05,At-Risk,#BA7517
113,29,3,411.56,At-Risk,#BA7517
114,160,5,1963.6100000000001,New Customers,#7F77DD
115,152,1,131.4,New Customers,#7F77DD
116,26,1,79.52,At-Risk,#BA7517
117,41,3,684.8299999999999,At-Risk,#BA7517
118,28,2,867.56,At-Risk,#BA7517
119,63,1,656.13,At-Risk,#BA7517
124,129,2,311.0,At-Risk,#BA7517
125,338,1,44.45,New Customers,#7F77DD
126,77,1,187.96,At-Risk,#BA7517
127,197,2,720.8100000000001,New Customers,#7F77DD
128,105,9,1587.1599999999999,At-Risk,#BA7517
129,309,1,102.75,New Customers,#7F77DD
130,196,2,447.52,New Customers,#7F77DD
131,289,1,78.88,New Customers,#7F77DD
132,20,3,804.27,At-Risk,#BA7517
133,12,6,1304.73,At-Risk,#BA7517
136,226,1,73.33,New Customers,#7F77DD
138,206,2,511.84,New Customers,#7F77DD
139,20,9,1489.84,At-Risk,#BA7517
140,358,1,174.15,New Customers,#7F77DD
141,28,6,1149.1399999999999,At-Risk,#BA7517
142,277,1,35.87,New Customers,#7F77DD
143,287,1,127.04,New Customers,#7F77DD
144,108,5,1176.49,At-Risk,#BA7517
145,170,2,760.14,New Customers,#7F77DD
146,171,1,139.9,New Customers,#7F77DD
147,9,5,607.68,At-Risk,#BA7517
149,42,1,290.9,At-Risk,#BA7517
150,3,5,1077.55,At-Risk,#BA7517
152,60,10,1953.23,At-Risk,#BA7517
153,52,8,840.99,At-Risk,#BA7517
154,154,1,78.65,New Customers,#7F77DD
155,40,3,378.39,At-Risk,#BA7517
156,104,1,347.96,At-Risk,#BA7517
157,21,11,1730.43,At-Risk,#BA7517
158,265,2,889.45,New Customers,#7F77DD
159,150,2,583.98,New Customers,#7F77DD
161,109,1,44.42,At-Risk,#BA7517
162,247,2,245.54000000000002,New Customers,#7F77DD
163,336,1,82.71,New Customers,#7F77DD
164,40,2,293.81,At-Risk,#BA7517
165,10,2,313.78999999999996,At-Risk,#BA7517
166,44,3,565.57,At-Risk,#BA7517
167,111,1,190.98,At-Risk,#BA7517
169,5,4,378.01,At-Risk,#BA7517
170,123,1,519.0,At-Risk,#BA7517
171,86,1,170.05,At-Risk,#BA7517
172,20,5,1397.74,At-Risk,#BA7517
173,49,2,270.1,At-Risk,#BA7517
174,218,1,35.16,New Customers,#7F77DD
177,110,2,196.72,At-Risk,#BA7517
178,227,1,142.97,New Customers,#7F77DD
179,183,1,582.96,New Customers,#7F77DD
180,27,13,3098.94,At-Risk,#BA7517
181,12,1,137.45,At-Risk,#BA7517
182,97,2,380.72999999999996,At-Risk,#BA7517
183,211,1,149.04,New Customers,#7F77DD
184,12,10,2144.04,At-Risk,#BA7517
185,131,2,361.55,New Customers,#7F77DD
186,58,14,2718.51,At-Risk,#BA7517
188,49,1,220.23,At-Risk,#BA7517
189,56,1,68.2,At-Risk,#BA7517
190,17,6,2057.56,At-Risk,#BA7517
191,189,1,469.52,New Customers,#7F77DD
192,151,1,833.08,New Customers,#7F77DD
193,10,7,654.41,At-Risk,#BA7517
195,63,2,368.17,At-Risk,#BA7517
196,103,2,251.79,At-Risk,#BA7517
197,15,4,461.77,At-Risk,#BA7517
199,33,13,1970.3500000000001,At-Risk,#BA7517
200,123,5,605.6800000000001,At-Risk,#BA7517
201,41,1,121.9,At-Risk,#BA7517
202,212,2,206.38,New Customers,#7F77DD
203,3,4,856.9399999999999,At-Risk,#BA7517
204,162,2,411.98,New Customers,#7F77DD
205,204,2,158.43,New Customers,#7F77DD
206,202,2,521.2,New Customers,#7F77DD
207,1,17,2866.98,At-Risk,#BA7517
208,81,3,448.21,At-Risk,#BA7517
210,176,1,118.63,New Customers,#7F77DD
211,62,11,4826.7989240495435,At-Risk,#BA7517
212,112,2,291.82000000000005,At-Risk,#BA7517
213,82,7,1870.74,At-Risk,#BA7517
214,78,1,110.39,At-Risk,#BA7517
215,192,2,539.65,New Customers,#7F77DD
216,177,3,535.6800000000001,New Customers,#7F77DD
217,28,14,3739.24,At-Risk,#BA7517
218,9,3,984.46,At-Risk,#BA7517
219,30,5,1079.28,At-Risk,#BA7517
220,318,1,423.4,New Customers,#7F77DD
221,45,5,1248.5610098404807,At-Risk,#BA7517
222,252,1,27.01,New Customers,#7F77DD
223,31,4,436.09000000000003,At-Risk,#BA7517
224,73,4,610.25,At-Risk,#BA7517
225,45,2,572.34,At-Risk,#BA7517
226,56,6,974.0699999999999,At-Risk,#BA7517
227,8,11,1928.8600000000001,At-Risk,#BA7517
228,29,5,1006.67,At-Risk,#BA7517
230,46,2,360.64,At-Risk,#BA7517
231,17,5,850.66,At-Risk,#BA7517
233,85,10,1572.75,At-Risk,#BA7517
234,1,3,512.41,At-Risk,#BA7517
235,106,1,231.51,At-Risk,#BA7517
236,192,3,279.47,New Customers,#7F77DD
238,106,3,380.14,At-Risk,#BA7517
240,86,1,203.22,At-Risk,#BA7517
242,33,9,1783.61,At-Risk,#BA7517
243,2,11,1658.44,At-Risk,#BA7517
244,99,7,815.12,At-Risk,#BA7517
245,20,2,266.51,At-Risk,#BA7517
246,97,7,1690.57,At-Risk,#BA7517
247,205,1,136.74,New Customers,#7F77DD
248,28,3,246.72,At-Risk,#BA7517
249,57,1,172.02,At-Risk,#BA7517
250,257,1,236.04,New Customers,#7F77DD
251,332,1,105.54,New Customers,#7F77DD
252,26,3,377.45,At-Risk,#BA7517
253,63,4,518.13,At-Risk,#BA7517
254,60,3,1050.1399999999999,At-Risk,#BA7517
255,3,2,739.4000000000001,At-Risk,#BA7517
256,160,2,738.48,New Customers,#7F77DD
257,40,9,2080.52,At-Risk,#BA7517
258,45,3,1203.1100000000001,At-Risk,#BA7517
259,1,7,1072.1100000000001,At-Risk,#BA7517
260,81,2,292.89,At-Risk,#BA7517
261,118,5,1181.1599999999999,At-Risk,#BA7517
263,39,2,254.8,At-Risk,#BA7517
264,136,2,994.71,New Customers,#7F77DD
265,289,1,278.97,New Customers,#7F77DD
266,56,4,378.18,At-Risk,#BA7517
267,58,1,77.2,At-Risk,#BA7517
268,350,1,91.21,New Customers,#7F77DD
269,23,4,1035.03,At-Risk,#BA7517
270,21,1,680.48,At-Risk,#BA7517
271,343,1,80.16,New Customers,#7F77DD
272,173,2,245.79000000000002,New Customers,#7F77DD
273,276,1,674.44,New Customers,#7F77DD
274,279,1,79.42,New Customers,#7F77DD
275,1,1,99.51,At-Risk,#BA7517
276,131,3,353.79,At-Risk,#BA7517
278,4,1,47.92,At-Risk,#BA7517
279,2,3,923.87,At-Risk,#BA7517
280,90,1,118.88,At-Risk,#BA7517
282,213,2,327.67,New Customers,#7F77DD
283,19,3,838.6899999999999,At-Risk,#BA7517
288,22,2,617.6600000000001,At-Risk,#BA7517
289,219,1,184.1,New Customers,#7F77DD
290,156,2,343.46,New Customers,#7F77DD
292,7,4,1841.68,At-Risk,#BA7517
293,53,5,1256.3600000000001,At-Risk,#BA7517
294,144,2,153.86,New Customers,#7F77DD
295,95,5,2149.92,At-Risk,#BA7517
296,56,5,1949.95,At-Risk,#BA7517
297,177,2,204.01,New Customers,#7F77DD
298,117,2,424.27,At-Risk,#BA7517
299,84,2,158.72,At-Risk,#BA7517
300,14,5,730.6899999999999,At-Risk,#BA7517
303,31,5,1602.2800000000002,At-Risk,#BA7517
304,61,2,229.59,At-Risk,#BA7517
306,17,2,362.7,At-Risk,#BA7517
307,342,1,262.56,New Customers,#7F77DD
308,34,1,221.83,At-Risk,#BA7517
309,22,3,278.15,At-Risk,#BA7517
310,8,3,712.18,At-Risk,#BA7517
312,116,2,182.28,At-Risk,#BA7517
313,55,1,55.66,At-Risk,#BA7517
314,32,2,270.42,At-Risk,#BA7517
315,37,6,1330.47,At-Risk,#BA7517
316,122,5,1125.1499999999999,At-Risk,#BA7517
317,56,2,110.27000000000001,At-Risk,#BA7517
319,1,3,208.06,At-Risk,#BA7517
320,34,1,358.89,At-Risk,#BA7517
321,116,4,377.93,At-Risk,#BA7517
322,29,2,470.44,At-Risk,#BA7517
323,161,1,161.55,New Customers,#7F77DD
324,13,2,172.27,At-Risk,#BA7517
325,9,10,2476.88,At-Risk,#BA7517
327,42,4,759.65,At-Risk,#BA7517
328,21,1,298.98,At-Risk,#BA7517
329,187,2,499.97999999999996,New Customers,#7F77DD
330,96,2,126.67,At-Risk,#BA7517
331,26,1,259.17,At-Risk,#BA7517
332,148,3,1266.47,New Customers,#7F77DD
333,70,2,283.28,At-Risk,#BA7517
334,105,1,212.26,At-Risk,#BA7517
335,110,2,181.11,At-Risk,#BA7517
336,284,1,62.74,New Customers,#7F77DD
337,14,14,2072.14,At-Risk,#BA7517
338,335,1,194.9,New Customers,#7F77DD
339,87,1,682.64,At-Risk,#BA7517
340,68,1,1887.7229377902404,At-Risk,#BA7517
341,8,5,743.12,At-Risk,#BA7517
342,110,1,123.62,At-Risk,#BA7517
343,40,3,453.88,At-Risk,#BA7517
345,329,1,122.34,New Customers,#7F77DD
346,4,13,2655.04,At-Risk,#BA7517
347,234,2,337.68,New Customers,#7F77DD
350,173,1,203.16,New Customers,#7F77DD
351,113,1,292.14,At-Risk,#BA7517
353,91,2,471.08000000000004,At-Risk,#BA7517
354,148,2,253.38,New Customers,#7F77DD
356,11,3,1219.23,At-Risk,#BA7517
357,23,9,1698.15,At-Risk,#BA7517
358,72,3,568.23,At-Risk,#BA7517
359,68,1,92.62,At-Risk,#BA7517
361,54,1,232.96,At-Risk,#BA7517
363,26,2,389.13,At-Risk,#BA7517
364,93,1,64.94,At-Risk,#BA7517
365,104,6,798.35,At-Risk,#BA7517
366,154,5,535.06,New Customers,#7F77DD
368,154,4,509.64,New Customers,#7F77DD
369,28,3,974.88,At-Risk,#BA7517
370,71,7,1311.34,At-Risk,#BA7517
372,53,4,973.18,At-Risk,#BA7517
373,24,14,3017.06,At-Risk,#BA7517
374,152,4,1109.43,New Customers,#7F77DD
375,279,1,190.24,New Customers,#7F77DD
376,18,2,247.57999999999998,At-Risk,#BA7517
377,54,4,1212.03,At-Risk,#BA7517
378,40,2,358.15,At-Risk,#BA7517
379,8,1,190.51,At-Risk,#BA7517
380,16,4,455.15999999999997,At-Risk,#BA7517
381,10,2,245.29000000000002,At-Risk,#BA7517
382,22,9,922.28,At-Risk,#BA7517
383,11,6,725.74,At-Risk,#BA7517
385,202,4,512.8299999999999,New Customers,#7F77DD
386,117,4,503.89,At-Risk,#BA7517
389,194,1,45.13,New Customers,#7F77DD
391,211,2,274.46000000000004,New Customers,#7F77DD
392,52,3,426.54999999999995,At-Risk,#BA7517
393,259,1,235.22,New Customers,#7F77DD
395,264,1,158.06,New Customers,#7F77DD
397,13,10,1132.52,At-Risk,#BA7517
398,201,3,575.24,New Customers,#7F77DD
399,233,2,480.05,New Customers,#7F77DD
400,80,1,63.94,At-Risk,#BA7517
401,30,4,1066.5,At-Risk,#BA7517
402,81,2,305.97,At-Risk,#BA7517
403,5,43,9197.17,At-Risk,#BA7517
404,74,2,400.86,At-Risk,#BA7517
405,205,1,153.42,New Customers,#7F77DD
406,8,2,229.84,At-Risk,#BA7517
407,296,2,260.33,New Customers,#7F77DD
408,32,3,291.28000000000003,At-Risk,#BA7517
409,8,2,348.0,At-Risk,#BA7517
410,23,5,1738.15,At-Risk,#BA7517
411,241,1,97.4,New Customers,#7F77DD
412,150,1,75.23,New Customers,#7F77DD
413,103,6,814.9300000000001,At-Risk,#BA7517
414,191,1,137.76,New Customers,#7F77DD
416,61,3,948.35,At-Risk,#BA7517
417,4,3,373.25,At-Risk,#BA7517
418,102,6,734.64,At-Risk,#BA7517
419,143,3,1077.65,New Customers,#7F77DD
420,103,1,107.8,At-Risk,#BA7517
421,71,3,443.02,At-Risk,#BA7517
422,69,3,546.09,At-Risk,#BA7517
423,156,1,259.06,New Customers,#7F77DD
424,7,19,3731.2400000000002,At-Risk,#BA7517
425,44,1,355.64,At-Risk,#BA7517
426,261,1,163.99,New Customers,#7F77DD
427,79,4,831.89,At-Risk,#BA7517
428,13,1,105.87,At-Risk,#BA7517
429,27,6,710.74,At-Risk,#BA7517
431,5,5,722.55,At-Risk,#BA7517
432,4,179,37731.47,Loyal Customers,#1D9E75
433,79,3,1022.5799999999999,At-Risk,#BA7517
434,227,2,616.24,New Customers,#7F77DD
435,90,5,859.85,At-Risk,#BA7517
436,34,3,259.95,At-Risk,#BA7517
438,133,1,68.65,New Customers,#7F77DD
439,364,1,130.2,New Customers,#7F77DD
440,9,8,1421.66,At-Risk,#BA7517
442,135,3,559.31,New Customers,#7F77DD
444,129,2,283.67,At-Risk,#BA7517
445,50,4,621.93,At-Risk,#BA7517
446,146,3,301.57,New Customers,#7F77DD
447,45,8,1661.86,At-Risk,#BA7517
448,57,2,343.78,At-Risk,#BA7517
449,193,2,245.2,New Customers,#7F77DD
450,3,3,364.96999999999997,At-Risk,#BA7517
453,23,3,553.9,At-Risk,#BA7517
454,256,1,71.85,New Customers,#7F77DD
455,27,18,2207.54,At-Risk,#BA7517
456,61,4,427.05,At-Risk,#BA7517
458,195,2,300.08000000000004,New Customers,#7F77DD
459,121,2,114.87,At-Risk,#BA7517
460,190,1,1073.45,New Customers,#7F77DD
461,206,1,210.89,New Customers,#7F77DD
462,128,2,239.01,At-Risk,#BA7517
463,78,1,89.02,At-Risk,#BA7517
464,70,1,56.23,At-Risk,#BA7517
465,82,4,530.51,At-Risk,#BA7517
466,139,3,236.88,New Customers,#7F77DD
467,87,3,936.3299999999999,At-Risk,#BA7517
468,163,4,765.94,New Customers,#7F77DD
469,265,1,126.44,New Customers,#7F77DD
470,149,3,751.61,New Customers,#7F77DD
471,29,2,199.61,At-Risk,#BA7517
472,148,1,197.34,New Customers,#7F77DD
473,9,2,538.1999999999999,At-Risk,#BA7517
474,182,2,264.05,New Customers,#7F77DD
475,18,4,526.72,At-Risk,#BA7517
476,340,1,77.53,New Customers,#7F77DD
477,186,1,154.05,New Customers,#7F77DD
478,223,1,108.32,New Customers,#7F77DD
479,181,1,611.76,New Customers,#7F77DD
480,292,1,222.97,New Customers,#7F77DD
482,168,2,474.00181880823015,New Customers,#7F77DD
483,202,4,439.72999999999996,New Customers,#7F77DD
484,180,1,232.06,New Customers,#7F77DD
485,10,4,495.02,At-Risk,#BA7517
486,5,13,2900.15,At-Risk,#BA7517
487,107,5,1145.2800000000002,At-Risk,#BA7517
489,57,4,1292.34,At-Risk,#BA7517
490,150,3,349.55,New Customers,#7F77DD
491,13,3,324.14,At-Risk,#BA7517
492,147,4,547.69,New Customers,#7F77DD
493,53,5,918.5,At-Risk,#BA7517
494,139,1,42.92,New Customers,#7F77DD
496,52,3,481.28999999999996,At-Risk,#BA7517
497,124,3,529.63,At-Risk,#BA7517
498,266,1,127.72,New Customers,#7F77DD
499,5,6,1108.3783342066192,At-Risk,#BA7517
500,133,3,618.2,New Customers,#7F77DD
501,2,1,129.92,At-Risk,#BA7517
502,199,5,1873.05,New Customers,#7F77DD
503,25,1,84.98,At-Risk,#BA7517
504,87,4,915.4100000000001,At-Risk,#BA7517
505,211,1,67.18,New Customers,#7F77DD
506,31,4,901.03,At-Risk,#BA7517
507,172,3,223.57999999999998,New Customers,#7F77DD
508,111,4,412.53,At-Risk,#BA7517
509,3,9,1550.46,At-Risk,#BA7517
510,210,1,147.38,New Customers,#7F77DD
512,1,25,5056.85,At-Risk,#BA7517
513,38,1,228.55,At-Risk,#BA7517
514,123,2,544.96,At-Risk,#BA7517
516,162,5,3696.5220906925974,New Customers,#7F77DD
517,58,2,746.1,At-Risk,#BA7517
518,209,1,56.05,New Customers,#7F77DD
519,44,3,659.44,At-Risk,#BA7517
521,56,6,558.15,At-Risk,#BA7517
522,243,2,128.76999999999998,New Customers,#7F77DD
523,29,5,1036.5,At-Risk,#BA7517
524,307,1,124.42,New Customers,#7F77DD
525,132,3,270.47,New Customers,#7F77DD
526,104,1,47.07,At-Risk,#BA7517
527,112,3,486.59000000000003,At-Risk,#BA7517
528,7,3,180.84,At-Risk,#BA7517
530,15,1,72.96,At-Risk,#BA7517
531,70,2,313.64,At-Risk,#BA7517
533,215,1,93.62,New Customers,#7F77DD
535,40,2,336.53,At-Risk,#BA7517
536,248,1,154.51,New Customers,#7F77DD
537,79,1,257.75,At-Risk,#BA7517
538,251,2,320.55999999999995,New Customers,#7F77DD
539,46,2,425.35999999999996,At-Risk,#BA7517
540,20,5,680.45,At-Risk,#BA7517
541,203,3,703.12,New Customers,#7F77DD
542,19,10,2144.7,At-Risk,#BA7517
543,49,2,142.37,At-Risk,#BA7517
544,78,2,159.64999999999998,At-Risk,#BA7517
546,160,3,227.06,New Customers,#7F77DD
547,45,5,672.02,At-Risk,#BA7517
548,13,1,120.6,At-Risk,#BA7517
549,24,20,4406.75,At-Risk,#BA7517
550,65,4,512.62,At-Risk,#BA7517
551,13,1,49.61,At-Risk,#BA7517
553,59,4,1141.94,At-Risk,#BA7517
556,283,2,130.79000000000002,New Customers,#7F77DD
557,110,2,868.12,At-Risk,#BA7517
558,23,1,591.75,At-Risk,#BA7517
559,201,2,616.47,New Customers,#7F77DD
560,232,1,81.14,New Customers,#7F77DD
561,196,1,74.75,New Customers,#7F77DD
562,48,1,126.74,At-Risk,#BA7517
563,268,1,97.32,New Customers,#7F77DD
564,113,4,763.24,At-Risk,#BA7517
565,313,3,435.4,New Customers,#7F77DD
566,40,9,2944.89,At-Risk,#BA7517
567,21,10,1475.85,At-Risk,#BA7517
568,43,4,658.72,At-Risk,#BA7517
569,114,2,255.16,At-Risk,#BA7517
570,154,3,1164.21,New Customers,#7F77DD
571,168,2,124.49000000000001,New Customers,#7F77DD
572,103,2,89.58000000000001,At-Risk,#BA7517
573,312,1,211.95,New Customers,#7F77DD
574,201,1,114.72,New Customers,#7F77DD
575,141,2,95.0,New Customers,#7F77DD
576,58,2,860.8299999999999,At-Risk,#BA7517
577,268,1,111.72,New Customers,#7F77DD
578,140,1,89.05,New Customers,#7F77DD
579,9,9,1250.79,At-Risk,#BA7517
580,153,2,498.33,New Customers,#7F77DD
581,2,90,14376.22,Loyal Customers,#1D9E75
582,264,1,151.91,New Customers,#7F77DD
583,194,2,422.46000000000004,New Customers,#7F77DD
584,245,1,93.98,New Customers,#7F77DD
586,35,5,704.22,At-Risk,#BA7517
587,199,1,83.64,New Customers,#7F77DD
588,2,4,2219.6000000000004,At-Risk,#BA7517
589,27,3,495.99,At-Risk,#BA7517
590,14,9,1827.2,At-Risk,#BA7517
591,37,1,217.24,At-Risk,#BA7517
592,76,1,80.53,At-Risk,#BA7517
593,55,5,710.07,At-Risk,#BA7517
594,153,5,745.88,New Customers,#7F77DD
595,31,7,1190.13,At-Risk,#BA7517
596,257,1,175.2,New Customers,#7F77DD
597,36,2,1011.97,At-Risk,#BA7517
599,46,8,894.63,At-Risk,#BA7517
600,30,4,726.3,At-Risk,#BA7517
601,71,7,1590.17,At-Risk,#BA7517
602,64,3,480.57,At-Risk,#BA7517
603,188,1,283.36,New Customers,#7F77DD
604,157,3,617.62,New Customers,#7F77DD
605,56,4,978.6099999999999,At-Risk,#BA7517
606,125,1,158.1,At-Risk,#BA7517
607,63,11,1993.18,At-Risk,#BA7517
608,3,4,354.24,At-Risk,#BA7517
609,308,1,123.82,New Customers,#7F77DD
610,34,3,303.15,At-Risk,#BA7517
611,63,2,289.21999999999997,At-Risk,#BA7517
612,120,3,888.9499999999999,At-Risk,#BA7517
613,258,2,410.3,New Customers,#7F77DD
615,30,4,1027.4499999999998,At-Risk,#BA7517
616,55,6,1202.97,At-Risk,#BA7517
617,163,2,452.52,New Customers,#7F77DD
619,329,1,120.36,New Customers,#7F77DD
621,53,4,721.16,At-Risk,#BA7517
622,21,1,88.7,At-Risk,#BA7517
623,180,2,278.37,New Customers,#7F77DD
624,117,1,156.87,At-Risk,#BA7517
625,14,13,2140.2799999999997,At-Risk,#BA7517
626,196,2,167.82999999999998,New Customers,#7F77DD
627,129,3,296.47,At-Risk,#BA7517
628,1,3,495.25,At-Risk,#BA7517
629,28,11,1792.41,At-Risk,#BA7517
631,183,3,646.27,New Customers,#7F77DD
633,169,2,230.67000000000002,New Customers,#7F77DD
634,2,7,1130.75,At-Risk,#BA7517
635,49,4,396.36,At-Risk,#BA7517
636,42,7,709.94,At-Risk,#BA7517
637,169,2,113.32,New Customers,#7F77DD
638,345,1,177.35,New Customers,#7F77DD
639,111,1,194.58,At-Risk,#BA7517
640,109,2,252.34999999999997,At-Risk,#BA7517
642,25,1,330.12,At-Risk,#BA7517
643,5,25,4148.01,At-Risk,#BA7517
644,144,1,72.06,New Customers,#7F77DD
645,43,2,286.41,At-Risk,#BA7517
646,90,3,635.25,At-Risk,#BA7517
647,184,2,356.97,New Customers,#7F77DD
648,58,4,735.64,At-Risk,#BA7517
649,29,3,326.88,At-Risk,#BA7517
650,360,1,53.91,New Customers,#7F77DD
651,263,2,455.64,New Customers,#7F77DD
652,71,17,2449.2200000000003,At-Risk,#BA7517
653,265,1,184.92,New Customers,#7F77DD
654,80,5,1101.56,At-Risk,#BA7517
655,106,2,500.37,At-Risk,#BA7517
656,76,1,636.12,At-Risk,#BA7517
657,64,5,1604.45,At-Risk,#BA7517
659,104,1,69.79,At-Risk,#BA7517
660,14,9,2205.11,At-Risk,#BA7517
661,272,1,304.5,New Customers,#7F77DD
663,80,1,196.6,At-Risk,#BA7517
665,88,5,843.3,At-Risk,#BA7517
666,25,3,368.53,At-Risk,#BA7517
667,171,1,64.22,New Customers,#7F77DD
668,217,1,337.44,New Customers,#7F77DD
669,71,8,1108.22,At-Risk,#BA7517
670,79,1,520.8,At-Risk,#BA7517
671,55,4,727.5899999999999,At-Risk,#BA7517
672,115,4,400.83,At-Risk,#BA7517
673,4,3,716.79,At-Risk,#BA7517
674,164,2,509.76,New Customers,#7F77DD
675,272,3,661.64,New Customers,#7F77DD
676,101,1,81.78,At-Risk,#BA7517
678,30,1,34.96,At-Risk,#BA7517
680,18,14,3229.3,At-Risk,#BA7517
681,12,1,293.3,At-Risk,#BA7517
683,18,6,749.56,At-Risk,#BA7517
685,33,1,186.16,At-Risk,#BA7517
686,119,2,305.45,At-Risk,#BA7517
687,3,2,324.36,At-Risk,#BA7517
688,163,3,1562.5700000000002,New Customers,#7F77DD
689,366,1,968.4,New Customers,#7F77DD
690,8,4,366.27,At-Risk,#BA7517
692,127,4,852.15,At-Risk,#BA7517
693,98,5,951.45,At-Risk,#BA7517
694,62,1,72.65,At-Risk,#BA7517
695,64,2,177.95999999999998,At-Risk,#BA7517
696,181,2,528.9200000000001,New Customers,#7F77DD
697,10,5,1066.85,At-Risk,#BA7517
698,130,3,387.9,At-Risk,#BA7517
699,199,2,253.71,New Customers,#7F77DD
701,251,2,290.93,New Customers,#7F77DD
702,13,9,1722.75,At-Risk,#BA7517
703,100,2,838.3199999999999,At-Risk,#BA7517
704,7,3,638.06,At-Risk,#BA7517
707,62,5,1493.52,At-Risk,#BA7517
709,174,1,44.49,New Customers,#7F77DD
710,104,1,42.85,At-Risk,#BA7517
711,283,1,175.78,New Customers,#7F77DD
712,34,5,636.66,At-Risk,#BA7517
713,12,1,189.81,At-Risk,#BA7517
714,188,2,434.41,New Customers,#7F77DD
715,78,3,363.27000000000004,At-Risk,#BA7517
716,196,3,667.9,New Customers,#7F77DD
717,9,2,736.8199999999999,At-Risk,#BA7517
718,43,6,708.92,At-Risk,#BA7517
719,87,1,60.37,At-Risk,#BA7517
720,27,8,1811.3400000000001,At-Risk,#BA7517
722,30,5,5239.062503794396,At-Risk,#BA7517
723,100,1,80.6,At-Risk,#BA7517
724,19,1,234.2,At-Risk,#BA7517
725,59,5,802.2,At-Risk,#BA7517
726,35,6,903.1800000000001,At-Risk,#BA7517
728,41,2,124.82,At-Risk,#BA7517
729,51,2,1095.38,At-Risk,#BA7517
730,261,1,208.17,New Customers,#7F77DD
731,114,2,334.05,At-Risk,#BA7517
732,131,5,1750.88,At-Risk,#BA7517
734,107,3,710.75,At-Risk,#BA7517
735,24,5,1321.43,At-Risk,#BA7517
736,6,15,2860.23,At-Risk,#BA7517
737,109,1,229.88,At-Risk,#BA7517
738,16,1,203.01,At-Risk,#BA7517
740,252,1,323.14,New Customers,#7F77DD
741,20,2,923.88,At-Risk,#BA7517
742,15,2,683.24,At-Risk,#BA7517
743,53,7,1719.42,At-Risk,#BA7517
744,103,2,550.58,At-Risk,#BA7517
745,25,4,818.5,At-Risk,#BA7517
746,164,2,132.66,New Customers,#7F77DD
747,7,5,538.8,At-Risk,#BA7517
750,9,3,893.1800000000001,At-Risk,#BA7517
751,150,1,51.64,New Customers,#7F77DD
752,262,2,286.61,New Customers,#7F77DD
753,52,2,363.95,At-Risk,#BA7517
754,115,3,445.92,At-Risk,#BA7517
755,205,3,1013.54,New Customers,#7F77DD
757,9,5,479.28999999999996,At-Risk,#BA7517
758,102,2,246.45,At-Risk,#BA7517
760,50,6,1578.3,At-Risk,#BA7517
761,85,2,253.54,At-Risk,#BA7517
762,154,3,693.36,New Customers,#7F77DD
763,45,2,417.19,At-Risk,#BA7517
764,29,1,342.04,At-Risk,#BA7517
765,49,4,989.5600000000001,At-Risk,#BA7517
768,180,6,1288.94,New Customers,#7F77DD
769,316,2,326.06,New Customers,#7F77DD
770,276,1,147.52,New Customers,#7F77DD
773,54,2,996.29,At-Risk,#BA7517
774,108,2,383.39,At-Risk,#BA7517
775,101,1,466.14,At-Risk,#BA7517
776,15,12,1834.64,At-Risk,#BA7517
777,97,2,401.84000000000003,At-Risk,#BA7517
778,19,3,1032.1999999999998,At-Risk,#BA7517
779,19,3,562.64,At-Risk,#BA7517
780,70,3,399.59,At-Risk,#BA7517
781,128,4,925.45,At-Risk,#BA7517
782,55,1,168.86,At-Risk,#BA7517
783,263,1,236.19,New Customers,#7F77DD
784,14,6,1228.42,At-Risk,#BA7517
785,182,1,382.12,New Customers,#7F77DD
786,168,2,225.07999999999998,New Customers,#7F77DD
787,84,2,633.74,At-Risk,#BA7517
788,83,2,379.28000000000003,At-Risk,#BA7517
789,167,2,513.0,New Customers,#7F77DD
791,6,4,1916.18,At-Risk,#BA7517
792,43,2,246.32999999999998,At-Risk,#BA7517
793,137,2,403.7,New Customers,#7F77DD
794,6,5,750.92,At-Risk,#BA7517
795,87,2,530.8199999999999,At-Risk,#BA7517
796,307,1,219.26,New Customers,#7F77DD
797,69,2,613.01,At-Risk,#BA7517
798,189,4,678.85,New Customers,#7F77DD
799,53,16,3147.28,At-Risk,#BA7517
800,110,3,822.4200000000001,At-Risk,#BA7517
802,51,3,716.42,At-Risk,#BA7517
803,22,3,426.56,At-Risk,#BA7517
804,167,2,514.15,New Customers,#7F77DD
805,18,3,330.62,At-Risk,#BA7517
806,46,5,417.76,At-Risk,#BA7517
808,33,4,575.13,At-Risk,#BA7517
809,26,5,493.39,At-Risk,#BA7517
810,5,19,3314.4300000000003,At-Risk,#BA7517
811,54,3,170.1,At-Risk,#BA7517
812,1,24,5386.71,At-Risk,#BA7517
813,351,1,68.21,New Customers,#7F77DD
814,6,40,7508.25,At-Risk,#BA7517
818,26,5,272.62,At-Risk,#BA7517
819,69,1,83.04,At-Risk,#BA7517
820,15,7,973.26,At-Risk,#BA7517
821,107,4,570.6600000000001,At-Risk,#BA7517
822,78,7,2005.19,At-Risk,#BA7517
824,28,3,286.29999999999995,At-Risk,#BA7517
825,115,3,395.17,At-Risk,#BA7517
826,40,3,963.95,At-Risk,#BA7517
827,196,1,373.45,New Customers,#7F77DD
828,22,1,193.92,At-Risk,#BA7517
830,17,36,6123.25,At-Risk,#BA7517
831,286,3,941.74,New Customers,#7F77DD
832,255,2,168.72,New Customers,#7F77DD
833,24,5,782.15,At-Risk,#BA7517
834,22,5,1641.77,At-Risk,#BA7517
836,251,1,230.8,New Customers,#7F77DD
838,35,1,214.59,At-Risk,#BA7517
839,172,6,664.68,New Customers,#7F77DD
840,222,2,354.65,New Customers,#7F77DD
845,337,1,128.94,New Customers,#7F77DD
846,67,5,1143.6100000000001,At-Risk,#BA7517
847,16,4,958.71,At-Risk,#BA7517
849,36,4,870.9,At-Risk,#BA7517
850,265,2,545.78,New Customers,#7F77DD
851,109,2,254.68,At-Risk,#BA7517
853,62,3,1412.04,At-Risk,#BA7517
854,68,2,459.94,At-Risk,#BA7517
855,149,1,37.3,New Customers,#7F77DD
856,112,1,253.24,At-Risk,#BA7517
857,31,4,516.74,At-Risk,#BA7517
858,12,5,1589.3799999999999,At-Risk,#BA7517
859,92,3,506.41,At-Risk,#BA7517
860,269,1,57.14,New Customers,#7F77DD
861,64,1,230.62,At-Risk,#BA7517
862,35,2,176.43,At-Risk,#BA7517
865,59,4,572.8199999999999,At-Risk,#BA7517
866,184,1,429.78,New Customers,#7F77DD
867,65,1,141.73,At-Risk,#BA7517
868,9,8,1087.1299999999999,At-Risk,#BA7517
869,23,4,841.16,At-Risk,#BA7517
870,170,2,181.56,New Customers,#7F77DD
871,6,4,486.05,At-Risk,#BA7517
872,17,18,3194.07,At-Risk,#BA7517
874,193,1,99.88,New Customers,#7F77DD
875,128,3,957.1800000000001,At-Risk,#BA7517
876,206,1,607.68,New Customers,#7F77DD
877,111,1,102.82,At-Risk,#BA7517
878,31,14,9718.949957810213,At-Risk,#BA7517
880,35,4,729.58,At-Risk,#BA7517
881,57,1,88.16,At-Risk,#BA7517
882,7,5,1109.23,At-Risk,#BA7517
883,4,3,510.38,At-Risk,#BA7517
884,125,7,1147.05,At-Risk,#BA7517
885,188,2,180.4,New Customers,#7F77DD
886,10,10,1875.56,At-Risk,#BA7517
888,19,6,689.3199999999999,At-Risk,#BA7517
889,151,1,72.92,New Customers,#7F77DD
890,25,13,2838.986108348716,At-Risk,#BA7517
891,37,5,972.46,At-Risk,#BA7517
892,227,2,413.46,New Customers,#7F77DD
893,38,2,256.2,At-Risk,#BA7517
894,162,2,399.66999999999996,New Customers,#7F77DD
895,163,2,190.98000000000002,New Customers,#7F77DD
896,1,3,311.49,At-Risk,#BA7517
897,19,4,1098.36,At-Risk,#BA7517
898,31,11,1733.24,At-Risk,#BA7517
899,243,2,475.5,New Customers,#7F77DD
900,11,4,547.0,At-Risk,#BA7517
901,339,1,209.36,New Customers,#7F77DD
902,131,1,531.12,New Customers,#7F77DD
904,61,3,209.5,At-Risk,#BA7517
905,31,2,407.26,At-Risk,#BA7517
906,26,8,2111.46,At-Risk,#BA7517
907,47,6,2487.83,At-Risk,#BA7517
908,136,1,261.75,New Customers,#7F77DD
909,15,3,2310.6,At-Risk,#BA7517
910,18,2,164.45,At-Risk,#BA7517
911,193,2,175.68,New Customers,#7F77DD
913,78,1,269.72,At-Risk,#BA7517
914,200,5,842.54,New Customers,#7F77DD
915,21,17,3211.32,At-Risk,#BA7517
916,236,1,58.96,New Customers,#7F77DD
917,47,2,109.31,At-Risk,#BA7517
918,67,5,1569.15,At-Risk,#BA7517
919,10,4,407.57,At-Risk,#BA7517
920,46,1,152.6,At-Risk,#BA7517
921,360,1,170.13,New Customers,#7F77DD
922,68,4,945.76,At-Risk,#BA7517
923,44,2,652.1600000000001,At-Risk,#BA7517
924,256,3,512.5,New Customers,#7F77DD
925,227,2,206.55,New Customers,#7F77DD
926,69,2,249.53,At-Risk,#BA7517
927,101,6,1168.92,At-Risk,#BA7517
928,31,15,3464.64,At-Risk,#BA7517
929,58,5,1679.69,At-Risk,#BA7517
930,69,3,168.15,At-Risk,#BA7517
931,103,3,1105.3400000000001,At-Risk,#BA7517
933,247,2,165.35,New Customers,#7F77DD
934,3,2,1081.69,At-Risk,#BA7517
935,84,2,369.35,At-Risk,#BA7517
937,114,2,246.73,At-Risk,#BA7517
939,218,1,57.28,New Customers,#7F77DD
940,13,4,464.11,At-Risk,#BA7517
941,77,2,232.32,At-Risk,#BA7517
942,35,1,398.74,At-Risk,#BA7517
943,126,3,511.89,At-Risk,#BA7517
944,266,1,910.85,New Customers,#7F77DD
945,135,4,775.63,New Customers,#7F77DD
946,220,2,389.29,New Customers,#7F77DD
947,35,5,580.52,At-Risk,#BA7517
948,12,1,210.09,At-Risk,#BA7517
949,160,2,473.86,New Customers,#7F77DD
950,21,18,3350.12,At-Risk,#BA7517
952,5,10,1701.41,At-Risk,#BA7517
953,160,1,157.95,New Customers,#7F77DD
954,267,1,369.86,New Customers,#7F77DD
955,193,1,506.08,New Customers,#7F77DD
956,11,8,1426.19,At-Risk,#BA7517
957,114,8,820.15,At-Risk,#BA7517
958,58,2,127.28,At-Risk,#BA7517
959,148,2,112.94,New Customers,#7F77DD
960,318,1,109.45,New Customers,#7F77DD
961,76,3,647.02,At-Risk,#BA7517
962,150,2,105.41,New Customers,#7F77DD
963,185,2,398.86,New Customers,#7F77DD
964,223,1,91.87,New Customers,#7F77DD
965,250,1,196.27,New Customers,#7F77DD
966,22,8,2387.69,At-Risk,#BA7517
967,198,1,89.94,New Customers,#7F77DD
968,35,5,897.64,At-Risk,#BA7517
969,108,4,533.0799999999999,At-Risk,#BA7517
970,97,3,315.76,At-Risk,#BA7517
971,29,1,60.69,At-Risk,#BA7517
972,1,73,14338.4,Loyal Customers,#1D9E75
973,11,5,629.23,At-Risk,#BA7517
974,63,5,1329.53,At-Risk,#BA7517
975,9,7,1591.56,At-Risk,#BA7517
977,14,5,945.22,At-Risk,#BA7517
978,29,2,317.41999999999996,At-Risk,#BA7517
979,207,3,1305.37,New Customers,#7F77DD
981,59,4,1152.06,At-Risk,#BA7517
982,172,2,177.73,New Customers,#7F77DD
983,36,7,516.1700000000001,At-Risk,#BA7517
984,78,3,1122.84,At-Risk,#BA7517
986,23,1,82.06,At-Risk,#BA7517
987,309,2,377.99,New Customers,#7F77DD
989,92,5,468.24,At-Risk,#BA7517
990,83,4,999.21,At-Risk,#BA7517
991,162,2,204.77999999999997,New Customers,#7F77DD
992,43,3,2224.783189674709,At-Risk,#BA7517
993,25,3,559.1600000000001,At-Risk,#BA7517
994,358,1,90.02,New Customers,#7F77DD
995,252,1,169.16,New Customers,#7F77DD
996,106,2,437.29999999999995,At-Risk,#BA7517
999,208,3,539.0799999999999,New Customers,#7F77DD
1000,60,7,1280.34,At-Risk,#BA7517
1002,119,2,194.64,At-Risk,#BA7517
1004,64,3,372.96000000000004,At-Risk,#BA7517
1005,111,1,214.54,At-Risk,#BA7517
1006,69,2,630.96,At-Risk,#BA7517
1008,154,8,1738.48,New Customers,#7F77DD
1009,153,3,518.7,New Customers,#7F77DD
1011,87,3,362.14,At-Risk,#BA7517
1012,348,1,166.82,New Customers,#7F77DD
1013,22,4,621.97,At-Risk,#BA7517
1014,292,2,478.24,New Customers,#7F77DD
1015,64,4,600.66,At-Risk,#BA7517
1016,76,2,290.19,At-Risk,#BA7517
1017,39,2,78.52,At-Risk,#BA7517
1018,27,5,1204.88,At-Risk,#BA7517
1019,12,3,606.1800000000001,At-Risk,#BA7517
1020,20,1,38.16,At-Risk,#BA7517
1021,137,2,402.76,New Customers,#7F77DD
1022,139,4,809.7,New Customers,#7F77DD
1023,17,2,621.5,At-Risk,#BA7517
1024,98,3,282.17999999999995,At-Risk,#BA7517
1025,15,3,381.09999999999997,At-Risk,#BA7517
1026,12,2,389.13,At-Risk,#BA7517
1027,186,1,75.1,New Customers,#7F77DD
1028,28,2,164.79,At-Risk,#BA7517
1030,30,14,1935.69,At-Risk,#BA7517
1031,140,4,1158.23,New Customers,#7F77DD
1032,53,6,1885.85,At-Risk,#BA7517
1033,205,1,92.1,New Customers,#7F77DD
1034,19,6,1425.03,At-Risk,#BA7517
1035,11,4,732.53,At-Risk,#BA7517
1036,112,5,522.38,At-Risk,#BA7517
1037,2,3,1183.47,At-Risk,#BA7517
1038,151,3,355.64,New Customers,#7F77DD
1039,60,4,496.21,At-Risk,#BA7517
1040,150,3,729.03,New Customers,#7F77DD
1041,80,7,794.22,At-Risk,#BA7517
1042,54,1,154.96,At-Risk,#BA7517
1043,48,4,1081.41,At-Risk,#BA7517
1044,43,3,371.3,At-Risk,#BA7517
1045,194,4,937.75,New Customers,#7F77DD
1046,217,1,81.45,New Customers,#7F77DD
1047,18,6,710.41,At-Risk,#BA7517
1048,148,1,171.79,New Customers,#7F77DD
1049,172,6,1043.24,New Customers,#7F77DD
1050,10,14,3250.51,At-Risk,#BA7517
1051,163,1,60.83,New Customers,#7F77DD
1053,5,47,9029.68,At-Risk,#BA7517
1054,97,2,501.72,At-Risk,#BA7517
1055,111,1,424.2,At-Risk,#BA7517
1056,152,1,78.61,New Customers,#7F77DD
1057,117,2,175.01999999999998,At-Risk,#BA7517
1058,13,4,852.1100000000001,At-Risk,#BA7517
1059,264,1,47.13,New Customers,#7F77DD
1060,78,5,1395.3,At-Risk,#BA7517
1061,2,4,752.87,At-Risk,#BA7517
1062,301,1,509.25,New Customers,#7F77DD
1063,12,3,679.2,At-Risk,#BA7517
1064,153,2,232.32,New Customers,#7F77DD
1065,179,1,92.19,New Customers,#7F77DD
1066,71,2,285.54,At-Risk,#BA7517
1067,12,6,1017.8199999999999,At-Risk,#BA7517
1069,3,11,1983.9499999999998,At-Risk,#BA7517
1070,5,14,3192.311604881782,At-Risk,#BA7517
1071,3,5,536.46,At-Risk,#BA7517
1072,26,1,1843.1655486886257,At-Risk,#BA7517
1073,223,1,77.52,New Customers,#7F77DD
1074,139,3,409.96,New Customers,#7F77DD
1075,176,1,946.2,New Customers,#7F77DD
1076,37,5,510.45,At-Risk,#BA7517
1077,23,2,155.34,At-Risk,#BA7517
1078,7,3,412.94,At-Risk,#BA7517
1079,52,3,422.51,At-Risk,#BA7517
1081,292,1,160.84,New Customers,#7F77DD
1082,98,2,980.03,At-Risk,#BA7517
1083,24,16,4511.07,At-Risk,#BA7517
1084,4,2,200.51999999999998,At-Risk,#BA7517
1085,21,1,383.76,At-Risk,#BA7517
1086,84,2,392.85,At-Risk,#BA7517
1087,87,8,1859.02,At-Risk,#BA7517
1088,116,2,261.18,At-Risk,#BA7517
1090,63,1,90.4,At-Risk,#BA7517
1091,8,15,3059.8,At-Risk,#BA7517
1092,14,22,3894.34,At-Risk,#BA7517
1093,68,2,591.95,At-Risk,#BA7517
1094,234,1,144.18,New Customers,#7F77DD
1095,70,1,135.91,At-Risk,#BA7517
1096,35,5,1454.76,At-Risk,#BA7517
1097,12,5,1439.47,At-Risk,#BA7517
1098,78,3,313.24,At-Risk,#BA7517
1099,133,1,124.52,New Customers,#7F77DD
1101,129,1,169.26,At-Risk,#BA7517
1102,185,1,636.39,New Customers,#7F77DD
1103,321,1,242.68,New Customers,#7F77DD
1104,145,3,347.1,New Customers,#7F77DD
1105,291,1,146.09,New Customers,#7F77DD
1106,268,1,236.85,New Customers,#7F77DD
1107,42,3,180.67,At-Risk,#BA7517
1108,191,1,480.76,New Customers,#7F77DD
1109,22,25,5902.49,At-Risk,#BA7517
1110,36,3,234.28,At-Risk,#BA7517
1111,159,1,203.7,New Customers,#7F77DD
1112,127,2,377.5,At-Risk,#BA7517
1113,46,6,1160.47,At-Risk,#BA7517
1114,121,1,115.33,At-Risk,#BA7517
1115,289,1,42.33,New Customers,#7F77DD
1116,170,1,122.66,New Customers,#7F77DD
1117,33,4,1847.02,At-Risk,#BA7517
1118,19,12,3762.91,At-Risk,#BA7517
1119,128,2,144.66,At-Risk,#BA7517
1120,95,4,433.47,At-Risk,#BA7517
1121,197,1,120.2,New Customers,#7F77DD
1122,38,3,194.11,At-Risk,#BA7517
1123,299,1,88.85,New Customers,#7F77DD
1124,119,8,2524.7,At-Risk,#BA7517
1125,16,3,729.81,At-Risk,#BA7517
1126,78,4,712.34,At-Risk,#BA7517
1127,62,4,261.78999999999996,At-Risk,#BA7517
1128,10,6,586.75,At-Risk,#BA7517
1129,15,7,1074.35,At-Risk,#BA7517
1130,36,1,236.38,At-Risk,#BA7517
1131,202,5,1352.57,New Customers,#7F77DD
1132,158,1,166.36,New Customers,#7F77DD
1133,145,3,462.85,New Customers,#7F77DD
1134,142,1,102.31,New Customers,#7F77DD
1135,126,3,993.85,At-Risk,#BA7517
1136,32,2,951.7,At-Risk,#BA7517
1138,174,2,234.88,New Customers,#7F77DD
1139,74,3,1025.79,At-Risk,#BA7517
1140,54,4,356.8,At-Risk,#BA7517
1141,41,3,565.91,At-Risk,#BA7517
1142,195,1,137.64,New Customers,#7F77DD
1143,299,1,389.74,New Customers,#7F77DD
1144,261,2,401.81,New Customers,#7F77DD
1145,253,1,84.9,New Customers,#7F77DD
1146,51,5,1578.0099999999998,At-Risk,#BA7517
1147,91,4,674.1,At-Risk,#BA7517
1148,130,3,484.52,At-Risk,#BA7517
1149,16,3,495.8,At-Risk,#BA7517
1150,198,1,37.79,New Customers,#7F77DD
1151,101,3,703.3199999999999,At-Risk,#BA7517
1153,21,6,2494.97,At-Risk,#BA7517
1154,195,2,571.74,New Customers,#7F77DD
1155,74,2,569.98,At-Risk,#BA7517
1156,204,1,332.62,New Customers,#7F77DD
1157,237,1,86.38,New Customers,#7F77DD
1158,229,1,130.26,New Customers,#7F77DD
1159,324,2,247.45999999999998,New Customers,#7F77DD
1160,160,2,410.40999999999997,New Customers,#7F77DD
1161,217,2,146.04,New Customers,#7F77DD
1162,213,1,165.93,New Customers,#7F77DD
1163,88,1,101.16,At-Risk,#BA7517
1164,306,1,100.91,New Customers,#7F77DD
1165,11,12,5565.079949683669,At-Risk,#BA7517
1166,107,6,1205.75,At-Risk,#BA7517
1167,115,5,1480.3899999999999,At-Risk,#BA7517
1168,115,2,533.86,At-Risk,#BA7517
1169,58,6,933.17,At-Risk,#BA7517
1170,209,2,153.76999999999998,New Customers,#7F77DD
1171,286,1,221.0,New Customers,#7F77DD
1174,9,12,3824.1800000000003,At-Risk,#BA7517
1175,52,1,370.76,At-Risk,#BA7517
1176,273,2,260.0,New Customers,#7F77DD
1177,79,2,515.6,At-Risk,#BA7517
1178,52,5,851.09,At-Risk,#BA7517
1179,7,1,345.82,At-Risk,#BA7517
1180,63,3,543.41,At-Risk,#BA7517
1181,204,1,143.76,New Customers,#7F77DD
1182,340,1,89.82,New Customers,#7F77DD
1183,10,8,1727.8600000000001,At-Risk,#BA7517
1184,153,2,577.89,New Customers,#7F77DD
1185,217,1,470.6,New Customers,#7F77DD
1187,163,2,224.78,New Customers,#7F77DD
1188,263,1,58.62,New Customers,#7F77DD
1189,214,3,485.02,New Customers,#7F77DD
1190,188,4,284.23,New Customers,#7F77DD
1191,37,4,959.67,At-Risk,#BA7517
1193,9,7,1080.1599999999999,At-Risk,#BA7517
1194,78,8,872.5,At-Risk,#BA7517
1195,8,2,153.86,At-Risk,#BA7517
1196,26,1,88.52,At-Risk,#BA7517
1197,35,3,281.9,At-Risk,#BA7517
1198,1,11,1886.68,At-Risk,#BA7517
1199,38,1,78.63,At-Risk,#BA7517
1200,54,4,736.63,At-Risk,#BA7517
1201,11,4,664.1,At-Risk,#BA7517
1202,111,1,128.78,At-Risk,#BA7517
1203,2,39,6819.9,At-Risk,#BA7517
1204,176,1,159.47,New Customers,#7F77DD
1205,284,1,229.6,New Customers,#7F77DD
1207,60,3,518.82,At-Risk,#BA7517
1208,35,16,4983.298814997401,At-Risk,#BA7517
1209,323,1,297.24,New Customers,#7F77DD
1210,31,7,897.59,At-Risk,#BA7517
1211,37,9,1203.46,At-Risk,#BA7517
1212,87,2,648.56,At-Risk,#BA7517
1213,110,4,562.28,At-Risk,#BA7517
1214,80,3,1188.19,At-Risk,#BA7517
1215,56,1,186.71,At-Risk,#BA7517
1216,81,1,220.04,At-Risk,#BA7517
1217,136,3,405.12,New Customers,#7F77DD
1218,109,4,559.64,At-Risk,#BA7517
1219,61,1,175.3,At-Risk,#BA7517
1220,48,5,740.45,At-Risk,#BA7517
1221,17,2,491.83000000000004,At-Risk,#BA7517
1222,247,2,426.86,New Customers,#7F77DD
1223,22,1,153.32,At-Risk,#BA7517
1224,165,5,991.53,New Customers,#7F77DD
1225,21,5,602.3000000000001,At-Risk,#BA7517
1226,41,10,3147.88,At-Risk,#BA7517
1227,4,9,2230.5699999999997,At-Risk,#BA7517
1228,3,2,638.26,At-Risk,#BA7517
1229,42,5,1304.08,At-Risk,#BA7517
1230,245,5,1365.06,New Customers,#7F77DD
1232,30,10,1259.1399999999999,At-Risk,#BA7517
1233,145,2,137.43,New Customers,#7F77DD
1234,5,13,3092.73,At-Risk,#BA7517
1237,113,1,660.09,At-Risk,#BA7517
1238,99,2,263.63,At-Risk,#BA7517
1240,6,88,18278.96,Loyal Customers,#1D9E75
1241,272,1,84.18,New Customers,#7F77DD
1242,31,13,2926.6,At-Risk,#BA7517
1243,60,3,864.69,At-Risk,#BA7517
1244,155,1,90.66,New Customers,#7F77DD
1245,20,3,432.9,At-Risk,#BA7517
1247,3,5,1182.07,At-Risk,#BA7517
1249,36,3,235.36,At-Risk,#BA7517
1251,217,4,1224.47,New Customers,#7F77DD
1252,34,5,736.9300000000001,At-Risk,#BA7517
1253,65,4,718.44,At-Risk,#BA7517
1254,15,3,485.1,At-Risk,#BA7517
1255,306,1,53.43,New Customers,#7F77DD
1256,9,3,727.84,At-Risk,#BA7517
1257,52,1,211.7,At-Risk,#BA7517
1258,130,1,306.5,New Customers,#7F77DD
1259,37,1,139.4,At-Risk,#BA7517
1260,206,1,98.8,New Customers,#7F77DD
1261,167,10,2453.63,New Customers,#7F77DD
1262,42,2,409.38,At-Risk,#BA7517
1263,46,3,279.74,At-Risk,#BA7517
1264,16,6,801.75,At-Risk,#BA7517
1265,29,1,100.53,At-Risk,#BA7517
1266,95,4,765.01,At-Risk,#BA7517
1267,31,1,385.2,At-Risk,#BA7517
1268,49,2,1043.5,At-Risk,#BA7517
1269,4,4,419.96000000000004,At-Risk,#BA7517
1270,30,4,579.51,At-Risk,#BA7517
1271,63,1,98.68,At-Risk,#BA7517
1272,285,2,190.74,New Customers,#7F77DD
1273,8,12,1856.75,At-Risk,#BA7517
1275,134,2,173.42000000000002,New Customers,#7F77DD
1276,109,8,1852.8005327197484,At-Risk,#BA7517
1277,210,1,142.86,New Customers,#7F77DD
1278,184,1,166.24,New Customers,#7F77DD
1279,145,3,369.6,New Customers,#7F77DD
1280,53,10,3158.5,At-Risk,#BA7517
1281,235,1,26.94,New Customers,#7F77DD
1282,199,2,240.0,New Customers,#7F77DD
1283,86,5,1102.78,At-Risk,#BA7517
1284,106,3,852.73,At-Risk,#BA7517
1285,33,3,227.46,At-Risk,#BA7517
1286,68,1,51.87,At-Risk,#BA7517
1287,130,2,421.8,At-Risk,#BA7517
1288,68,4,391.68999999999994,At-Risk,#BA7517
1290,223,1,91.41,New Customers,#7F77DD
1291,364,1,51.7,New Customers,#7F77DD
1292,91,2,361.81,At-Risk,#BA7517
1293,8,11,1505.85,At-Risk,#BA7517
1294,252,1,161.5,New Customers,#7F77DD
1295,35,4,688.4,At-Risk,#BA7517
1296,350,1,154.5,New Customers,#7F77DD
1297,67,2,518.78,At-Risk,#BA7517
1298,225,1,244.3,New Customers,#7F77DD
1301,223,1,305.76,New Customers,#7F77DD
1302,233,1,47.16,New Customers,#7F77DD
1303,274,1,211.2,New Customers,#7F77DD
1304,49,2,391.83000000000004,At-Risk,#BA7517
1305,81,2,122.61,At-Risk,#BA7517
1306,297,1,106.15,New Customers,#7F77DD
1307,13,4,567.01,At-Risk,#BA7517
1308,131,2,237.89999999999998,New Customers,#7F77DD
1310,242,2,393.83,New Customers,#7F77DD
1311,207,2,316.0,New Customers,#7F77DD
1312,114,2,505.07000000000005,At-Risk,#BA7517
1313,160,2,319.99,New Customers,#7F77DD
1314,3,2,281.02,At-Risk,#BA7517
1315,62,9,901.9,At-Risk,#BA7517
1316,315,1,193.8,New Customers,#7F77DD
1317,87,2,390.37,At-Risk,#BA7517
1318,93,2,404.71,At-Risk,#BA7517
1319,287,1,312.74,New Customers,#7F77DD
1322,65,8,2810.22,At-Risk,#BA7517
1323,11,5,867.95,At-Risk,#BA7517
1324,265,2,540.86,New Customers,#7F77DD
1325,115,1,62.91,At-Risk,#BA7517
1326,42,2,348.83000000000004,At-Risk,#BA7517
1327,256,1,59.61,New Customers,#7F77DD
1328,1,5,1959.9099999999999,At-Risk,#BA7517
1329,269,2,257.38,New Customers,#7F77DD
1331,57,1,629.88,At-Risk,#BA7517
1332,18,60,12270.14,At-Risk,#BA7517
1333,25,3,372.12,At-Risk,#BA7517
1334,77,2,536.79,At-Risk,#BA7517
1335,253,1,79.68,New Customers,#7F77DD
1336,1,30,4950.65,At-Risk,#BA7517
1337,26,6,764.18,At-Risk,#BA7517
1338,199,1,151.44,New Customers,#7F77DD
1339,100,3,905.27,At-Risk,#BA7517
1340,170,2,235.99,New Customers,#7F77DD
1342,51,18,3776.47,At-Risk,#BA7517
1343,363,1,77.05,New Customers,#7F77DD
1347,96,2,142.07,At-Risk,#BA7517
1348,90,1,106.48,At-Risk,#BA7517
1349,8,5,699.15,At-Risk,#BA7517
1350,355,1,568.83,New Customers,#7F77DD
1351,255,1,83.48,New Customers,#7F77DD
1352,5,3,408.88,At-Risk,#BA7517
1353,311,1,171.7,New Customers,#7F77DD
1354,221,1,164.14,New Customers,#7F77DD
1356,122,2,233.45999999999998,At-Risk,#BA7517
1357,62,2,579.19,At-Risk,#BA7517
1358,232,2,130.07,New Customers,#7F77DD
1359,70,1,52.64,At-Risk,#BA7517
1360,19,3,773.43,At-Risk,#BA7517
1361,272,1,192.23,New Customers,#7F77DD
1362,182,3,282.48999999999995,New Customers,#7F77DD
1363,43,6,1266.0,At-Risk,#BA7517
1364,253,2,262.12,New Customers,#7F77DD
1365,7,85,17887.69199448009,Loyal Customers,#1D9E75
1366,11,6,665.66,At-Risk,#BA7517
1367,194,1,144.13,New Customers,#7F77DD
1369,24,3,659.14,At-Risk,#BA7517
1370,59,4,403.31,At-Risk,#BA7517
1371,44,1,4572.4297591287295,At-Risk,#BA7517
1372,25,1,125.39,At-Risk,#BA7517
1373,42,2,254.39999999999998,At-Risk,#BA7517
1374,60,4,867.51,At-Risk,#BA7517
1376,13,2,216.91000000000003,At-Risk,#BA7517
1377,8,24,4055.65,At-Risk,#BA7517
1378,30,2,294.1,At-Risk,#BA7517
1379,41,3,300.73,At-Risk,#BA7517
1381,22,4,536.99,At-Risk,#BA7517
1382,9,12,2189.62,At-Risk,#BA7517
1383,257,3,413.49,New Customers,#7F77DD
1384,243,1,395.85,New Customers,#7F77DD
1385,146,1,256.25,New Customers,#7F77DD
1386,72,1,112.86,At-Risk,#BA7517
1387,271,1,678.45,New Customers,#7F77DD
1388,158,1,227.69,New Customers,#7F77DD
1389,103,4,768.6,At-Risk,#BA7517
1390,2,11,2196.09,At-Risk,#BA7517
1391,46,2,920.82,At-Risk,#BA7517
1393,111,3,953.5,At-Risk,#BA7517
1394,200,1,777.4,New Customers,#7F77DD
1395,75,3,432.82,At-Risk,#BA7517
1396,175,2,395.64,New Customers,#7F77DD
1397,11,3,567.93,At-Risk,#BA7517
1398,292,2,251.95,New Customers,#7F77DD
1399,17,2,547.95,At-Risk,#BA7517
1400,145,1,146.86,New Customers,#7F77DD
1401,230,1,310.28,New Customers,#7F77DD
1402,13,17,2736.62,At-Risk,#BA7517
1403,192,2,601.09,New Customers,#7F77DD
1405,77,2,1155.56,At-Risk,#BA7517
1406,169,1,195.45,New Customers,#7F77DD
1407,14,1,342.4,At-Risk,#BA7517
1408,69,1,87.86,At-Risk,#BA7517
1409,244,4,249.82999999999998,New Customers,#7F77DD
1410,75,5,2738.16,At-Risk,#BA7517
1411,60,3,958.94,At-Risk,#BA7517
1412,123,2,284.05,At-Risk,#BA7517
1413,156,3,491.67,New Customers,#7F77DD
1415,9,3,1513.53,At-Risk,#BA7517
1416,23,7,2343.9,At-Risk,#BA7517
1417,127,1,147.04,At-Risk,#BA7517
1418,127,1,154.82,At-Risk,#BA7517
1419,157,3,672.54,New Customers,#7F77DD
1420,10,2,307.25,At-Risk,#BA7517
1421,63,4,294.71,At-Risk,#BA7517
1422,116,2,601.83,At-Risk,#BA7517
1423,129,2,117.13,At-Risk,#BA7517
1424,52,2,417.24,At-Risk,#BA7517
1425,168,3,580.7,New Customers,#7F77DD
1426,1,17,2994.17,At-Risk,#BA7517
1427,121,1,258.92,At-Risk,#BA7517
1428,57,2,1501.22,At-Risk,#BA7517
1429,198,4,762.85,New Customers,#7F77DD
1430,222,1,390.94,New Customers,#7F77DD
1431,158,3,470.69000000000005,New Customers,#7F77DD
1432,339,1,1051.3328589187004,New Customers,#7F77DD
1433,264,1,84.17,New Customers,#7F77DD
1434,228,3,274.14,New Customers,#7F77DD
1435,264,1,92.1,New Customers,#7F77DD
1436,151,1,376.56,New Customers,#7F77DD
1437,4,8,2195.4900000000002,At-Risk,#BA7517
1438,172,1,194.75,New Customers,#7F77DD
1440,285,1,193.59,New Customers,#7F77DD
1442,178,3,420.53999999999996,New Customers,#7F77DD
1443,185,1,103.74,New Customers,#7F77DD
1444,133,2,386.89,New Customers,#7F77DD
1445,134,2,548.14,New Customers,#7F77DD
1447,246,1,59.15,New Customers,#7F77DD
1448,94,2,188.76999999999998,At-Risk,#BA7517
1449,78,3,1248.5700000000002,At-Risk,#BA7517
1450,29,10,2012.95,At-Risk,#BA7517
1451,16,3,222.77,At-Risk,#BA7517
1452,81,4,445.28999999999996,At-Risk,#BA7517
1454,97,2,291.34000000000003,At-Risk,#BA7517
1456,1,6,1018.41,At-Risk,#BA7517
1457,28,2,598.8100000000001,At-Risk,#BA7517
1458,105,1,287.4,At-Risk,#BA7517
1459,286,2,140.21,New Customers,#7F77DD
1460,45,2,296.24,At-Risk,#BA7517
1461,49,12,3066.8,At-Risk,#BA7517
1462,204,2,424.44,New Customers,#7F77DD
1463,90,2,356.16999999999996,At-Risk,#BA7517
1464,256,1,66.27,New Customers,#7F77DD
1465,172,2,143.22,New Customers,#7F77DD
1466,102,4,490.09999999999997,At-Risk,#BA7517
1467,14,2,320.71,At-Risk,#BA7517
1468,101,2,3882.317079297177,At-Risk,#BA7517
1469,237,1,99.19,New Customers,#7F77DD
1470,312,1,182.52,New Customers,#7F77DD
1471,21,2,376.72,At-Risk,#BA7517
1473,141,1,119.16,New Customers,#7F77DD
1474,253,1,534.36,New Customers,#7F77DD
1475,13,7,1025.98,At-Risk,#BA7517
1476,348,1,28.1,New Customers,#7F77DD
1478,17,7,1394.22,At-Risk,#BA7517
1479,54,6,1608.06,At-Risk,#BA7517
1480,52,1,911.0,At-Risk,#BA7517
1481,338,1,87.86,New Customers,#7F77DD
1482,200,3,332.15,New Customers,#7F77DD
1483,174,1,249.18,New Customers,#7F77DD
1484,73,6,848.99,At-Risk,#BA7517
1485,101,1,52.95,At-Risk,#BA7517
1486,303,1,417.32,New Customers,#7F77DD
1487,238,1,141.14,New Customers,#7F77DD
1488,115,1,44.68,At-Risk,#BA7517
1489,182,3,292.5,New Customers,#7F77DD
1490,18,3,237.35,At-Risk,#BA7517
1491,147,5,601.7,New Customers,#7F77DD
1492,6,11,1426.93,At-Risk,#BA7517
1493,116,1,348.44,At-Risk,#BA7517
1494,148,6,1279.07,New Customers,#7F77DD
1495,221,2,164.42,New Customers,#7F77DD
1496,5,4,1492.5,At-Risk,#BA7517
1498,123,3,393.85,At-Risk,#BA7517
1499,15,2,424.52,At-Risk,#BA7517
1500,69,2,304.85,At-Risk,#BA7517
1501,152,1,92.97,New Customers,#7F77DD
1502,14,9,1056.61,At-Risk,#BA7517
1503,288,1,169.02,New Customers,#7F77DD
1504,24,4,743.89,At-Risk,#BA7517
1506,88,7,943.91,At-Risk,#BA7517
1507,101,1,62.7,At-Risk,#BA7517
1508,168,2,275.3,New Customers,#7F77DD
1509,13,19,3494.31,At-Risk,#BA7517
1510,19,7,905.49,At-Risk,#BA7517
1511,234,1,177.65,New Customers,#7F77DD
1512,133,2,538.9,New Customers,#7F77DD
1513,47,6,648.68,At-Risk,#BA7517
1514,140,2,134.08,New Customers,#7F77DD
1516,133,4,1238.12,At-Risk,#BA7517
1517,261,1,360.15,New Customers,#7F77DD
1518,39,5,790.0,At-Risk,#BA7517
1521,163,1,110.54,New Customers,#7F77DD
1522,79,2,198.71,At-Risk,#BA7517
1523,56,2,315.64,At-Risk,#BA7517
1524,196,2,157.86,New Customers,#7F77DD
1525,19,6,1714.98,At-Risk,#BA7517
1526,57,1,177.21,At-Risk,#BA7517
1527,169,4,1254.15,New Customers,#7F77DD
1528,261,1,60.2,New Customers,#7F77DD
1529,73,3,397.03999999999996,At-Risk,#BA7517
1530,199,2,450.92,New Customers,#7F77DD
1531,282,1,156.58,New Customers,#7F77DD
1532,200,2,214.12,New Customers,#7F77DD
1533,86,4,529.94,At-Risk,#BA7517
1534,155,3,241.46,New Customers,#7F77DD
1535,15,2,914.1700000000001,At-Risk,#BA7517
1536,67,5,1109.7,At-Risk,#BA7517
1538,88,2,553.14,At-Risk,#BA7517
1539,30,1,109.82,At-Risk,#BA7517
1540,43,2,306.52,At-Risk,#BA7517
1541,159,2,391.02,New Customers,#7F77DD
1542,66,2,327.32,At-Risk,#BA7517
1543,199,4,604.09,New Customers,#7F77DD
1544,58,3,633.17,At-Risk,#BA7517
1545,41,2,189.44,At-Risk,#BA7517
1547,9,29,4855.12,At-Risk,#BA7517
1548,29,3,336.87,At-Risk,#BA7517
1549,12,5,1506.48,At-Risk,#BA7517
1550,3,4,994.56,At-Risk,#BA7517
1551,165,4,1288.87,New Customers,#7F77DD
1552,209,2,183.94,New Customers,#7F77DD
1554,53,4,4739.206201413637,At-Risk,#BA7517
1555,12,8,1850.2,At-Risk,#BA7517
1556,85,3,453.09999999999997,At-Risk,#BA7517
1557,9,4,773.23,At-Risk,#BA7517
1558,76,3,344.88,At-Risk,#BA7517
1559,119,2,339.5,At-Risk,#BA7517
1560,73,1,121.6,At-Risk,#BA7517
1561,197,2,151.61,New Customers,#7F77DD
1562,3,36,8705.33,At-Risk,#BA7517
1563,52,3,614.8,At-Risk,#BA7517
1565,149,2,363.43,New Customers,#7F77DD
1566,269,1,50.01,New Customers,#7F77DD
1567,36,1,89.48,At-Risk,#BA7517
1568,351,1,186.48,New Customers,#7F77DD
1571,38,3,703.76,At-Risk,#BA7517
1572,1,3,1872.56,At-Risk,#BA7517
1573,30,2,137.44,At-Risk,#BA7517
1574,98,1,115.58,At-Risk,#BA7517
1575,58,8,1861.82,At-Risk,#BA7517
1576,58,3,342.73,At-Risk,#BA7517
1577,173,2,309.82,New Customers,#7F77DD
1578,319,1,95.91,New Customers,#7F77DD
1579,270,2,461.84000000000003,New Customers,#7F77DD
1580,40,1,49.0,At-Risk,#BA7517
1581,275,2,996.69,New Customers,#7F77DD
1583,46,2,319.52,At-Risk,#BA7517
1584,58,2,413.24,At-Risk,#BA7517
1587,4,39,7408.04,At-Risk,#BA7517
1588,101,5,1054.18,At-Risk,#BA7517
1589,131,1,68.37,New Customers,#7F77DD
1590,232,2,288.67,New Customers,#7F77DD
1591,165,5,760.36,New Customers,#7F77DD
1592,115,4,751.81,At-Risk,#BA7517
1593,59,7,745.27,At-Risk,#BA7517
1594,124,2,119.83999999999999,At-Risk,#BA7517
1596,103,2,379.1,At-Risk,#BA7517
1597,15,7,717.65,At-Risk,#BA7517
1598,13,16,3805.69,At-Risk,#BA7517
1599,6,3,695.02,At-Risk,#BA7517
1600,47,4,499.93,At-Risk,#BA7517
1601,44,2,561.11,At-Risk,#BA7517
1602,28,2,517.11,At-Risk,#BA7517
1603,69,3,1399.7,At-Risk,#BA7517
1604,23,3,678.59,At-Risk,#BA7517
1605,300,1,84.06,New Customers,#7F77DD
1606,353,1,89.3,New Customers,#7F77DD
1607,50,2,548.53,At-Risk,#BA7517
1609,136,1,82.72,New Customers,#7F77DD
1610,5,2,160.93,At-Risk,#BA7517
1612,245,1,583.47,New Customers,#7F77DD
1613,31,2,263.63,At-Risk,#BA7517
1614,88,1,148.1,At-Risk,#BA7517
1615,35,4,377.8,At-Risk,#BA7517
1617,79,10,1580.52,At-Risk,#BA7517
1618,96,4,473.36,At-Risk,#BA7517
1619,165,1,265.18,New Customers,#7F77DD
1620,67,6,976.3599999999999,At-Risk,#BA7517
1621,49,7,961.43,At-Risk,#BA7517
1622,166,2,364.7,New Customers,#7F77DD
1623,218,2,394.82,New Customers,#7F77DD
1624,191,2,1334.48,New Customers,#7F77DD
1625,302,1,102.42,New Customers,#7F77DD
1626,185,1,436.02,New Customers,#7F77DD
1627,149,3,418.6,New Customers,#7F77DD
1628,5,4,843.12,At-Risk,#BA7517
1629,25,4,556.01,At-Risk,#BA7517
1630,78,3,942.28,At-Risk,#BA7517
1632,86,4,458.47,At-Risk,#BA7517
1633,75,4,430.93,At-Risk,#BA7517
1636,161,1,74.42,New Customers,#7F77DD
1637,79,5,744.78,At-Risk,#BA7517
1638,29,3,793.35,At-Risk,#BA7517
1639,24,3,447.69,At-Risk,#BA7517
1640,89,1,268.14,At-Risk,#BA7517
1642,163,6,657.52,New Customers,#7F77DD
1643,130,7,1347.37,At-Risk,#BA7517
1647,31,5,1060.5900000000001,At-Risk,#BA7517
1649,105,1,75.88,At-Risk,#BA7517
1650,113,6,1286.54,At-Risk,#BA7517
1651,111,2,261.84,At-Risk,#BA7517
1652,16,5,878.09,At-Risk,#BA7517
1653,252,1,119.71,New Customers,#7F77DD
1654,199,1,190.46,New Customers,#7F77DD
1655,32,6,571.17,At-Risk,#BA7517
1657,45,3,954.85,At-Risk,#BA7517
1658,258,2,343.4,New Customers,#7F77DD
1659,159,1,58.91,New Customers,#7F77DD
1660,156,2,541.5,New Customers,#7F77DD
1661,88,4,573.4200000000001,At-Risk,#BA7517
1662,42,3,158.63,At-Risk,#BA7517
1663,162,2,310.68,New Customers,#7F77DD
1664,71,2,220.33999999999997,At-Risk,#BA7517
1665,187,1,59.33,New Customers,#7F77DD
1666,57,3,771.3299999999999,At-Risk,#BA7517
1668,62,1,134.26,At-Risk,#BA7517
1669,121,3,499.65999999999997,At-Risk,#BA7517
1670,41,9,1484.01,At-Risk,#BA7517
1671,185,3,457.6,New Customers,#7F77DD
1674,38,4,197.51,At-Risk,#BA7517
1675,24,3,383.87,At-Risk,#BA7517
1676,28,5,1743.8052433619252,At-Risk,#BA7517
1677,65,3,577.24,At-Risk,#BA7517
1678,20,3,642.06,At-Risk,#BA7517
1679,24,1,120.52,At-Risk,#BA7517
1680,109,2,763.54,At-Risk,#BA7517
1681,18,6,1495.3899999999999,At-Risk,#BA7517
1682,303,1,68.26,New Customers,#7F77DD
1683,14,2,272.65,At-Risk,#BA7517
1684,105,2,458.02,At-Risk,#BA7517
1685,48,3,477.07,At-Risk,#BA7517
1686,58,3,1001.85,At-Risk,#BA7517
1687,156,1,193.55,New Customers,#7F77DD
1688,197,1,455.84,New Customers,#7F77DD
1689,149,2,256.15,New Customers,#7F77DD
1690,265,1,179.01,New Customers,#7F77DD
1691,75,4,918.32,At-Risk,#BA7517
1692,192,1,46.77,New Customers,#7F77DD
1693,114,4,822.3900000000001,At-Risk,#BA7517
1694,116,4,940.21,At-Risk,#BA7517
1695,54,2,91.67,At-Risk,#BA7517
1696,86,2,343.43,At-Risk,#BA7517
1697,19,18,6805.706008613464,At-Risk,#BA7517
1699,20,6,1226.0,At-Risk,#BA7517
1700,27,4,1704.3300000000002,At-Risk,#BA7517
1701,39,3,450.0,At-Risk,#BA7517
1702,16,6,1546.6899999999998,At-Risk,#BA7517
1703,1,7,820.36,At-Risk,#BA7517
1704,217,2,497.0,New Customers,#7F77DD
1705,16,5,1014.9,At-Risk,#BA7517
1706,163,1,321.0,New Customers,#7F77DD
1707,66,3,782.51,At-Risk,#BA7517
1708,43,1,244.05,At-Risk,#BA7517
1709,84,5,733.99,At-Risk,#BA7517
1710,46,3,194.79,At-Risk,#BA7517
1711,12,5,722.01,At-Risk,#BA7517
1712,45,3,334.07000000000005,At-Risk,#BA7517
1713,5,12,3209.96,At-Risk,#BA7517
1714,46,5,498.85,At-Risk,#BA7517
1715,65,6,832.22,At-Risk,#BA7517
1716,211,2,140.08,New Customers,#7F77DD
1717,19,2,514.54,At-Risk,#BA7517
1718,281,1,352.55,New Customers,#7F77DD
1719,42,3,545.45,At-Risk,#BA7517
1720,40,2,149.75,At-Risk,#BA7517
1721,269,2,271.5,New Customers,#7F77DD
1722,55,4,847.33,At-Risk,#BA7517
1723,250,2,127.81,New Customers,#7F77DD
1724,15,6,2157.37,At-Risk,#BA7517
1725,165,2,121.16999999999999,New Customers,#7F77DD
1727,225,1,234.44,New Customers,#7F77DD
1728,355,1,179.94,New Customers,#7F77DD
1729,9,6,1509.63,At-Risk,#BA7517
1730,102,2,324.21,At-Risk,#BA7517
1732,101,2,176.0,At-Risk,#BA7517
1733,221,1,247.91,New Customers,#7F77DD
1734,161,1,105.81,New Customers,#7F77DD
1735,110,3,571.11,At-Risk,#BA7517
1736,256,1,116.0,New Customers,#7F77DD
1737,43,2,134.4,At-Risk,#BA7517
1739,75,5,491.59000000000003,At-Risk,#BA7517
1740,25,3,944.8,At-Risk,#BA7517
1741,157,2,950.01,New Customers,#7F77DD
1742,190,2,518.5899999999999,New Customers,#7F77DD
1743,3,9,1397.02,At-Risk,#BA7517
1744,31,2,229.45,At-Risk,#BA7517
1745,84,1,439.47,At-Risk,#BA7517
1746,139,2,133.41,New Customers,#7F77DD
1747,31,5,514.69,At-Risk,#BA7517
1748,53,4,677.5500000000001,At-Risk,#BA7517
1749,312,3,960.1400000000001,New Customers,#7F77DD
1750,11,1,355.72,At-Risk,#BA7517
1751,8,2,294.07,At-Risk,#BA7517
1753,134,15,3091.46,At-Risk,#BA7517
1756,107,3,601.23,At-Risk,#BA7517
1757,154,3,711.5899999999999,New Customers,#7F77DD
1758,75,1,165.22,At-Risk,#BA7517
1759,152,1,193.72,New Customers,#7F77DD
1761,129,2,315.06,At-Risk,#BA7517
1762,63,1,207.78,At-Risk,#BA7517
1763,62,1,430.38,At-Risk,#BA7517
1764,232,1,51.78,New Customers,#7F77DD
1766,184,2,292.09000000000003,New Customers,#7F77DD
1767,44,2,241.93,At-Risk,#BA7517
1768,4,14,3522.1929582890784,At-Risk,#BA7517
1770,159,2,1470.78,New Customers,#7F77DD
1771,7,24,4187.05,At-Risk,#BA7517
1772,132,3,934.76,At-Risk,#BA7517
1773,45,4,965.12,At-Risk,#BA7517
1774,119,3,312.49,At-Risk,#BA7517
1775,6,3,710.5899999999999,At-Risk,#BA7517
1776,177,3,780.48,New Customers,#7F77DD
1777,38,8,1900.2230759767604,At-Risk,#BA7517
1778,91,5,930.93,At-Risk,#BA7517
1780,212,1,248.73,New Customers,#7F77DD
1781,144,2,273.2,New Customers,#7F77DD
1782,339,1,194.55,New Customers,#7F77DD
1783,50,4,1217.38,At-Risk,#BA7517
1784,70,2,525.72,At-Risk,#BA7517
1785,125,4,408.65999999999997,At-Risk,#BA7517
1786,55,2,493.08,At-Risk,#BA7517
1787,20,2,63.36,At-Risk,#BA7517
1788,96,2,279.7,At-Risk,#BA7517
1789,8,5,680.6500000000001,At-Risk,#BA7517
1790,53,4,696.4300000000001,At-Risk,#BA7517
1791,93,3,1013.94,At-Risk,#BA7517
1793,61,2,313.2,At-Risk,#BA7517
1794,82,3,476.53999999999996,At-Risk,#BA7517
1795,40,3,347.38,At-Risk,#BA7517
1796,211,2,899.35,New Customers,#7F77DD
1798,213,6,907.52,New Customers,#7F77DD
1799,64,2,275.71000000000004,At-Risk,#BA7517
1800,30,4,672.82,At-Risk,#BA7517
1801,43,1,602.34,At-Risk,#BA7517
1802,105,3,452.77,At-Risk,#BA7517
1804,1,2,657.06,At-Risk,#BA7517
1805,37,4,608.12,At-Risk,#BA7517
1806,22,5,599.5,At-Risk,#BA7517
1807,166,1,105.97,New Customers,#7F77DD
1808,79,4,345.61,At-Risk,#BA7517
1809,67,2,295.8,At-Risk,#BA7517
1810,186,4,1039.87,New Customers,#7F77DD
1811,36,3,531.98,At-Risk,#BA7517
1812,15,3,470.6,At-Risk,#BA7517
1813,54,4,539.82,At-Risk,#BA7517
1814,62,5,372.28,At-Risk,#BA7517
1815,73,1,98.86,At-Risk,#BA7517
1816,229,1,72.83,New Customers,#7F77DD
1817,91,3,883.66,At-Risk,#BA7517
1818,133,1,173.76,New Customers,#7F77DD
1819,61,2,546.86,At-Risk,#BA7517
1821,19,2,926.8800000000001,At-Risk,#BA7517
1822,132,3,382.63,New Customers,#7F77DD
1823,21,3,334.78999999999996,At-Risk,#BA7517
1824,10,1,113.36,At-Risk,#BA7517
1825,29,8,974.8,At-Risk,#BA7517
1826,17,9,1891.48,At-Risk,#BA7517
1827,56,1,24.79,At-Risk,#BA7517
1828,52,1,148.24,At-Risk,#BA7517
1829,42,3,555.72,At-Risk,#BA7517
1830,75,5,446.47,At-Risk,#BA7517
1831,29,5,1215.83,At-Risk,#BA7517
1832,133,1,305.28,New Customers,#7F77DD
1833,124,2,654.16,At-Risk,#BA7517
1834,2,7,1535.58,At-Risk,#BA7517
1835,20,3,339.88,At-Risk,#BA7517
1836,2,20,5104.24,At-Risk,#BA7517
1837,144,2,1166.23,New Customers,#7F77DD
1838,199,1,87.86,New Customers,#7F77DD
1839,194,1,74.11,New Customers,#7F77DD
1840,217,1,84.73,New Customers,#7F77DD
1841,121,3,367.99,At-Risk,#BA7517
1843,19,18,4447.51,At-Risk,#BA7517
1844,85,1,1036.72,At-Risk,#BA7517
1845,23,4,1589.43,At-Risk,#BA7517
1846,240,1,69.6,New Customers,#7F77DD
1847,93,6,1119.6100000000001,At-Risk,#BA7517
1848,98,2,457.79,At-Risk,#BA7517
1850,177,2,365.39,New Customers,#7F77DD
1851,161,3,574.27,New Customers,#7F77DD
1852,176,2,107.65,New Customers,#7F77DD
1853,19,2,256.84000000000003,At-Risk,#BA7517
1854,226,1,191.29,New Customers,#7F77DD
1855,173,4,546.61,New Customers,#7F77DD
1856,172,1,197.4,New Customers,#7F77DD
1857,43,2,744.99,At-Risk,#BA7517
1858,105,5,896.47,At-Risk,#BA7517
1859,46,3,363.08,At-Risk,#BA7517
1860,43,3,277.55,At-Risk,#BA7517
1861,208,1,109.01,New Customers,#7F77DD
1862,77,4,827.35,At-Risk,#BA7517
1863,185,1,189.09,New Customers,#7F77DD
1864,86,4,665.21,At-Risk,#BA7517
1865,5,18,3026.06,At-Risk,#BA7517
1866,15,19,4550.24,At-Risk,#BA7517
1867,206,1,43.32,New Customers,#7F77DD
1868,1,6,1563.72,At-Risk,#BA7517
1869,353,1,68.69,New Customers,#7F77DD
1871,280,1,57.96,New Customers,#7F77DD
1872,225,3,289.56,New Customers,#7F77DD
1873,218,1,98.05,New Customers,#7F77DD
1874,79,1,140.22,At-Risk,#BA7517
1876,30,6,916.0899999999999,At-Risk,#BA7517
1877,11,3,406.75,At-Risk,#BA7517
1878,42,1,188.25,At-Risk,#BA7517
1879,34,4,474.06,At-Risk,#BA7517
1881,6,2,143.38,At-Risk,#BA7517
1882,54,1,128.74,At-Risk,#BA7517
1883,77,4,400.61,At-Risk,#BA7517
1884,143,2,100.4,New Customers,#7F77DD
1886,69,3,548.6500000000001,At-Risk,#BA7517
1887,28,2,453.64,At-Risk,#BA7517
1889,60,6,940.3199999999999,At-Risk,#BA7517
1890,69,2,435.0,At-Risk,#BA7517
1891,39,4,1802.14,At-Risk,#BA7517
1893,115,3,395.83,At-Risk,#BA7517
1894,67,3,475.14000000000004,At-Risk,#BA7517
1896,37,3,980.45,At-Risk,#BA7517
1897,98,4,534.7,At-Risk,#BA7517
1898,53,6,563.54,At-Risk,#BA7517
1899,29,24,3515.8,At-Risk,#BA7517
1900,28,8,1137.57,At-Risk,#BA7517
1901,31,2,228.66000000000003,At-Risk,#BA7517
1904,249,2,434.7,New Customers,#7F77DD
1905,2,13,2411.32,At-Risk,#BA7517
1907,66,1,36.6,At-Risk,#BA7517
1908,234,1,145.19,New Customers,#7F77DD
1909,22,14,3473.48,At-Risk,#BA7517
1910,234,1,55.15,New Customers,#7F77DD
1911,66,6,1530.32,At-Risk,#BA7517
1912,46,3,1367.3799999999999,At-Risk,#BA7517
1913,186,1,74.5,New Customers,#7F77DD
1914,114,1,182.36,At-Risk,#BA7517
1916,67,4,1246.6,At-Risk,#BA7517
1917,174,1,62.18,New Customers,#7F77DD
1918,16,8,1836.3600000000001,At-Risk,#BA7517
1919,26,2,385.47,At-Risk,#BA7517
1920,2,8,1175.24,At-Risk,#BA7517
1921,276,1,86.31,New Customers,#7F77DD
1923,328,1,119.2,New Customers,#7F77DD
1924,99,1,114.73,At-Risk,#BA7517
1925,38,3,330.03,At-Risk,#BA7517
1926,14,5,796.88,At-Risk,#BA7517
1927,2,6,939.4,At-Risk,#BA7517
1928,62,2,554.44,At-Risk,#BA7517
1930,6,3,843.09,At-Risk,#BA7517
1931,40,3,499.97,At-Risk,#BA7517
1932,23,8,1552.87,At-Risk,#BA7517
1933,29,5,1220.15,At-Risk,#BA7517
1934,168,1,161.61,New Customers,#7F77DD
1935,84,2,182.87,At-Risk,#BA7517
1936,108,2,333.57,At-Risk,#BA7517
1937,6,26,3603.06,At-Risk,#BA7517
1938,141,2,114.42,New Customers,#7F77DD
1939,285,1,113.79,New Customers,#7F77DD
1940,105,8,1506.42,At-Risk,#BA7517
1941,43,1,405.56,At-Risk,#BA7517
1942,91,5,1207.27,At-Risk,#BA7517
1944,154,2,1399.3899999999999,New Customers,#7F77DD
1945,124,1,100.12,At-Risk,#BA7517
1947,276,1,109.24,New Customers,#7F77DD
1949,97,1,59.76,At-Risk,#BA7517
1950,47,4,774.66,At-Risk,#BA7517
1951,22,5,1102.75,At-Risk,#BA7517
1952,158,2,121.61,New Customers,#7F77DD
1953,134,2,261.76,New Customers,#7F77DD
1954,206,1,30.23,New Customers,#7F77DD
1955,4,5,1652.8200000000002,At-Risk,#BA7517
1958,146,3,409.48,New Customers,#7F77DD
1959,47,7,1294.75,At-Risk,#BA7517
1961,324,1,40.32,New Customers,#7F77DD
1962,63,14,3333.53,At-Risk,#BA7517
1963,25,5,941.82,At-Risk,#BA7517
1964,114,5,947.37,At-Risk,#BA7517
1965,284,2,868.8199999999999,New Customers,#7F77DD
1966,48,2,629.71,At-Risk,#BA7517
1967,251,1,283.2,New Customers,#7F77DD
1968,57,1,163.86,At-Risk,#BA7517
1969,52,2,271.4,At-Risk,#BA7517
1970,3,4,941.88,At-Risk,#BA7517
1971,151,3,657.12,New Customers,#7F77DD
1972,1,44,8932.03,At-Risk,#BA7517
1973,13,5,968.31,At-Risk,#BA7517
1974,159,3,661.32,New Customers,#7F77DD
1975,195,2,213.29999999999998,New Customers,#7F77DD
1976,69,2,209.98,At-Risk,#BA7517
1977,135,1,67.3,New Customers,#7F77DD
1978,68,3,1090.3899999999999,At-Risk,#BA7517
1979,103,2,315.36,At-Risk,#BA7517
1981,1,578,120715.46212411263,Champions,#378ADD
1982,37,2,788.26,At-Risk,#BA7517
1983,52,2,134.23,At-Risk,#BA7517
1984,42,4,701.0799999999999,At-Risk,#BA7517
1985,234,1,57.77,New Customers,#7F77DD
1986,195,1,55.87,New Customers,#7F77DD
1987,5,3,613.47,At-Risk,#BA7517
1988,23,2,467.1,At-Risk,#BA7517
1989,36,7,620.13,At-Risk,#BA7517
1990,232,2,192.60000000000002,New Customers,#7F77DD
1992,185,1,90.77,New Customers,#7F77DD
1993,76,2,183.23,At-Risk,#BA7517
1995,50,3,1463.74,At-Risk,#BA7517
1996,10,8,860.6,At-Risk,#BA7517
1997,54,2,362.99,At-Risk,#BA7517
1998,62,1,409.0,At-Risk,#BA7517
1999,25,5,561.83,At-Risk,#BA7517
2000,73,1,83.59,At-Risk,#BA7517
2003,108,3,493.39,At-Risk,#BA7517
2004,75,8,1172.31,At-Risk,#BA7517
2005,142,1,487.32,New Customers,#7F77DD
2006,7,18,4142.94,At-Risk,#BA7517
2007,68,2,404.94,At-Risk,#BA7517
2008,3,5,892.49,At-Risk,#BA7517
2009,30,2,91.28,At-Risk,#BA7517
2010,186,1,385.55,New Customers,#7F77DD
2011,325,1,34.76,New Customers,#7F77DD
2012,87,5,708.68,At-Risk,#BA7517
2013,117,4,833.1999999999999,At-Risk,#BA7517
2014,111,1,259.78,At-Risk,#BA7517
2015,6,16,3014.34,At-Risk,#BA7517
2016,37,16,2858.1,At-Risk,#BA7517
2017,31,2,248.45999999999998,At-Risk,#BA7517
2019,215,2,475.17,New Customers,#7F77DD
2020,17,35,8311.696015977312,At-Risk,#BA7517
2021,147,1,308.92,New Customers,#7F77DD
2023,14,3,434.82,At-Risk,#BA7517
2024,16,6,1083.3400000000001,At-Risk,#BA7517
2027,178,3,471.59,New Customers,#7F77DD
2028,165,2,508.1,New Customers,#7F77DD
2029,249,2,328.1,New Customers,#7F77DD
2030,3,6,1406.62,At-Risk,#BA7517
2031,96,5,777.25,At-Risk,#BA7517
2032,65,6,1726.49,At-Risk,#BA7517
2033,284,1,129.39,New Customers,#7F77DD
2034,7,2,211.68,At-Risk,#BA7517
2035,86,2,506.49,At-Risk,#BA7517
2036,59,3,390.35,At-Risk,#BA7517
2037,43,5,3623.745367308366,At-Risk,#BA7517
2038,306,1,42.99,New Customers,#7F77DD
2039,248,2,298.2,New Customers,#7F77DD
2040,20,8,2622.3,At-Risk,#BA7517
2041,14,3,540.4200000000001,At-Risk,#BA7517
2042,36,5,1569.7,At-Risk,#BA7517
2043,144,4,382.09,New Customers,#7F77DD
2044,186,1,256.44,New Customers,#7F77DD
2045,119,2,961.53,At-Risk,#BA7517
2046,235,1,252.25,New Customers,#7F77DD
2047,338,2,157.35000000000002,New Customers,#7F77DD
2048,44,4,618.6,At-Risk,#BA7517
2049,104,2,173.85,At-Risk,#BA7517
2050,89,9,1388.93,At-Risk,#BA7517
2051,282,2,276.69,New Customers,#7F77DD
2052,42,2,447.20000000000005,At-Risk,#BA7517
2053,188,1,30.95,New Customers,#7F77DD
2055,140,3,373.52,New Customers,#7F77DD
2056,250,2,492.45000000000005,New Customers,#7F77DD
2057,18,4,650.22,At-Risk,#BA7517
2058,167,3,338.18,New Customers,#7F77DD
2059,7,2,404.5,At-Risk,#BA7517
2060,99,1,679.04,At-Risk,#BA7517
2061,113,1,77.59,At-Risk,#BA7517
2062,84,10,1801.03,At-Risk,#BA7517
2063,173,1,229.33,New Customers,#7F77DD
2064,112,4,797.57,At-Risk,#BA7517
2065,19,2,160.51,At-Risk,#BA7517
2066,103,2,251.58999999999997,At-Risk,#BA7517
2067,29,24,3128.12,At-Risk,#BA7517
2068,171,1,138.74,New Customers,#7F77DD
2069,2,7,1505.73,At-Risk,#BA7517
2070,3,2,246.5,At-Risk,#BA7517
2071,317,1,1122.08,New Customers,#7F77DD
2072,126,1,269.85,At-Risk,#BA7517
2073,17,5,945.84,At-Risk,#BA7517
2074,140,1,202.09,New Customers,#7F77DD
2076,134,3,659.86,New Customers,#7F77DD
2077,42,3,365.89,At-Risk,#BA7517
2078,221,2,903.828009881902,New Customers,#7F77DD
2079,62,4,623.03,At-Risk,#BA7517
2081,78,2,218.42000000000002,At-Risk,#BA7517
2082,272,1,116.06,New Customers,#7F77DD
2083,27,2,203.32,At-Risk,#BA7517
2084,33,1,247.65,At-Risk,#BA7517
2085,118,2,316.51,At-Risk,#BA7517
2086,24,3,726.52,At-Risk,#BA7517
2087,30,4,486.05,At-Risk,#BA7517
2088,124,2,249.84,At-Risk,#BA7517
2089,78,2,532.61,At-Risk,#BA7517
2090,34,2,315.6,At-Risk,#BA7517
2091,21,3,365.21000000000004,At-Risk,#BA7517
2092,37,2,417.52,At-Risk,#BA7517
2093,6,152,35479.818780603935,Loyal Customers,#1D9E75
2095,29,4,824.97,At-Risk,#BA7517
2099,176,3,376.96000000000004,New Customers,#7F77DD
2101,137,2,546.88,New Customers,#7F77DD
2102,47,2,813.37,At-Risk,#BA7517
2103,198,4,689.67,New Customers,#7F77DD
2104,18,3,224.62,At-Risk,#BA7517
2105,104,2,429.46999999999997,At-Risk,#BA7517
2106,135,2,347.78999999999996,New Customers,#7F77DD
2107,12,5,1429.73,At-Risk,#BA7517
2109,1,4,1576.21,At-Risk,#BA7517
2110,88,3,797.36,At-Risk,#BA7517
2111,159,3,618.07,New Customers,#7F77DD
2113,161,1,139.89,New Customers,#7F77DD
2114,130,1,78.26,New Customers,#7F77DD
2115,43,1,129.48,At-Risk,#BA7517
2116,9,2,117.1,At-Risk,#BA7517
2117,31,6,847.98,At-Risk,#BA7517
2118,104,1,233.1,At-Risk,#BA7517
2119,10,1,106.7,At-Risk,#BA7517
2120,207,3,425.23,New Customers,#7F77DD
2121,29,4,769.75,At-Risk,#BA7517
2122,37,6,1020.74,At-Risk,#BA7517
2123,78,3,512.01,At-Risk,#BA7517
2124,27,4,836.51,At-Risk,#BA7517
2125,103,1,60.6,At-Risk,#BA7517
2126,272,1,63.67,New Customers,#7F77DD
2127,23,2,830.22,At-Risk,#BA7517
2128,40,2,811.88,At-Risk,#BA7517
2129,139,2,246.92,New Customers,#7F77DD
2130,6,4,1004.1300000000001,At-Risk,#BA7517
2131,80,1,103.72,At-Risk,#BA7517
2132,120,2,320.98,At-Risk,#BA7517
2133,132,4,1097.5900000000001,At-Risk,#BA7517
2134,182,2,687.86,New Customers,#7F77DD
2135,15,8,1609.15,At-Risk,#BA7517
2137,110,2,164.78,At-Risk,#BA7517
2138,220,2,349.02,New Customers,#7F77DD
2139,146,3,1272.8200000000002,New Customers,#7F77DD
2140,45,1,94.66,At-Risk,#BA7517
2141,16,3,996.96,At-Risk,#BA7517
2142,177,2,347.27,New Customers,#7F77DD
2143,23,6,1128.32,At-Risk,#BA7517
2144,67,9,2129.08,At-Risk,#BA7517
2145,62,3,275.41,At-Risk,#BA7517
2146,78,1,44.7,At-Risk,#BA7517
2147,1,5,766.29,At-Risk,#BA7517
2148,77,2,727.6899999999999,At-Risk,#BA7517
2149,125,2,922.26,At-Risk,#BA7517
2150,192,2,147.26999999999998,New Customers,#7F77DD
2151,60,4,668.28,At-Risk,#BA7517
2152,46,2,335.79999999999995,At-Risk,#BA7517
2153,33,3,649.88,At-Risk,#BA7517
2154,61,2,291.17,At-Risk,#BA7517
2155,12,2,347.28,At-Risk,#BA7517
2156,20,11,2808.33,At-Risk,#BA7517
2157,211,1,244.06,New Customers,#7F77DD
2158,85,2,230.54999999999998,At-Risk,#BA7517
2159,107,4,577.1,At-Risk,#BA7517
2160,203,1,153.84,New Customers,#7F77DD
2161,136,1,129.78,New Customers,#7F77DD
2162,28,3,288.04,At-Risk,#BA7517
2163,285,1,201.29,New Customers,#7F77DD
2164,218,1,94.8,New Customers,#7F77DD
2165,284,1,121.24,New Customers,#7F77DD
2166,75,3,446.16,At-Risk,#BA7517
2167,152,5,1073.45,New Customers,#7F77DD
2168,7,13,3630.75,At-Risk,#BA7517
2169,20,2,299.89,At-Risk,#BA7517
2170,177,2,339.40999999999997,New Customers,#7F77DD
2171,213,1,171.04,New Customers,#7F77DD
2172,288,1,71.49,New Customers,#7F77DD
2173,34,4,1008.99,At-Risk,#BA7517
2174,138,2,194.04000000000002,New Customers,#7F77DD
2175,231,4,609.7,New Customers,#7F77DD
2176,239,2,347.9,New Customers,#7F77DD
2177,84,7,1550.8600000000001,At-Risk,#BA7517
2179,140,2,183.95,New Customers,#7F77DD
2180,104,2,294.48,At-Risk,#BA7517
2181,1,4,629.4000000000001,At-Risk,#BA7517
2182,22,2,929.9300000000001,At-Risk,#BA7517
2183,25,8,1345.6999999999998,At-Risk,#BA7517
2184,166,1,32.65,New Customers,#7F77DD
2185,274,1,98.58,New Customers,#7F77DD
2186,106,4,653.74,At-Risk,#BA7517
2187,245,2,467.31,New Customers,#7F77DD
2188,79,4,867.44,At-Risk,#BA7517
2189,171,6,1298.16,New Customers,#7F77DD
2190,83,2,295.15999999999997,At-Risk,#BA7517
2191,59,14,2594.64,At-Risk,#BA7517
2192,217,3,808.35,New Customers,#7F77DD
2193,52,2,294.46000000000004,At-Risk,#BA7517
2194,270,1,273.77,New Customers,#7F77DD
2195,161,1,476.24,New Customers,#7F77DD
2197,27,3,1099.6399999999999,At-Risk,#BA7517
2198,185,1,92.53,New Customers,#7F77DD
2199,60,3,280.40999999999997,At-Risk,#BA7517
2200,53,4,412.59000000000003,At-Risk,#BA7517
2201,29,4,711.41,At-Risk,#BA7517
2203,71,2,227.07,At-Risk,#BA7517
2204,173,2,307.81,New Customers,#7F77DD
2205,30,2,222.42000000000002,At-Risk,#BA7517
2206,127,1,224.75,At-Risk,#BA7517
2207,193,3,541.35,New Customers,#7F77DD
2208,173,3,974.8,New Customers,#7F77DD
2209,182,1,308.02,New Customers,#7F77DD
2210,102,5,523.83,At-Risk,#BA7517
2211,115,3,727.46,At-Risk,#BA7517
2213,37,6,695.4300000000001,At-Risk,#BA7517
2214,99,6,1386.27,At-Risk,#BA7517
2215,81,2,256.81,At-Risk,#BA7517
2216,240,1,71.68,New Customers,#7F77DD
2217,116,1,141.18,At-Risk,#BA7517
2219,279,1,180.54,New Customers,#7F77DD
2220,76,3,503.70000000000005,At-Risk,#BA7517
2221,116,2,160.94,At-Risk,#BA7517
2222,93,2,260.23,At-Risk,#BA7517
2223,209,3,368.35999999999996,New Customers,#7F77DD
2224,159,1,224.19,New Customers,#7F77DD
2225,8,4,760.11,At-Risk,#BA7517
2226,23,3,283.2,At-Risk,#BA7517
2228,184,3,853.0899999999999,New Customers,#7F77DD
2229,94,3,873.09,At-Risk,#BA7517
2230,18,1,76.89,At-Risk,#BA7517
2231,53,7,2133.0499999999997,At-Risk,#BA7517
2232,91,7,1008.46,At-Risk,#BA7517
2233,314,1,134.69,New Customers,#7F77DD
2234,17,1,54.86,At-Risk,#BA7517
2235,354,1,73.17,New Customers,#7F77DD
2237,11,1,105.62,At-Risk,#BA7517
2238,189,1,124.45,New Customers,#7F77DD
2239,36,2,248.39999999999998,At-Risk,#BA7517
2240,52,3,4203.214146443678,At-Risk,#BA7517
2241,283,1,355.82,New Customers,#7F77DD
2242,7,4,397.65,At-Risk,#BA7517
2243,63,3,466.24,At-Risk,#BA7517
2244,170,2,289.43,New Customers,#7F77DD
2245,138,4,256.89,New Customers,#7F77DD
2246,91,4,351.44,At-Risk,#BA7517
2247,136,4,755.24,New Customers,#7F77DD
2248,49,4,877.21,At-Risk,#BA7517
2249,23,6,1378.02,At-Risk,#BA7517
2250,11,2,249.48000000000002,At-Risk,#BA7517
2251,202,2,250.64999999999998,New Customers,#7F77DD
2252,12,2,680.6,At-Risk,#BA7517
2254,59,3,451.05999999999995,At-Risk,#BA7517
2255,32,2,273.01,At-Risk,#BA7517
2256,33,1,589.26,At-Risk,#BA7517
2257,29,7,1915.52,At-Risk,#BA7517
2258,3,2,619.59,At-Risk,#BA7517
2259,194,4,328.81,New Customers,#7F77DD
2260,139,3,439.59000000000003,New Customers,#7F77DD
2261,68,4,1296.21,At-Risk,#BA7517
2262,46,1,33.86,At-Risk,#BA7517
2263,100,4,839.02,At-Risk,#BA7517
2264,2,2,280.18,At-Risk,#BA7517
2265,114,1,249.36,At-Risk,#BA7517
2266,74,3,342.52,At-Risk,#BA7517
2267,154,3,866.4100000000001,New Customers,#7F77DD
2268,158,1,84.15,New Customers,#7F77DD
2269,84,1,142.44,At-Risk,#BA7517
2270,190,2,372.1,New Customers,#7F77DD
2271,151,3,909.29,New Customers,#7F77DD
2272,67,1,425.02,At-Risk,#BA7517
2273,21,6,964.66,At-Risk,#BA7517
2274,198,1,120.68,New Customers,#7F77DD
2275,9,4,266.68,At-Risk,#BA7517
2276,70,1,173.47,At-Risk,#BA7517
2277,133,1,112.98,New Customers,#7F77DD
2278,133,4,1296.98,At-Risk,#BA7517
2279,78,6,926.8199999999999,At-Risk,#BA7517
2280,15,19,3379.0,At-Risk,#BA7517
2281,130,3,251.81,At-Risk,#BA7517
2282,35,5,1147.47,At-Risk,#BA7517
2283,267,1,67.47,New Customers,#7F77DD
2284,187,3,373.37,New Customers,#7F77DD
2285,13,18,2330.98,At-Risk,#BA7517
2286,10,5,610.4,At-Risk,#BA7517
2287,76,4,1155.17,At-Risk,#BA7517
2288,91,2,344.21,At-Risk,#BA7517
2289,60,2,464.68,At-Risk,#BA7517
2290,143,4,797.95,New Customers,#7F77DD
2291,114,5,875.58,At-Risk,#BA7517
2292,26,2,301.46,At-Risk,#BA7517
2293,87,3,399.35,At-Risk,#BA7517
2294,134,3,356.65999999999997,New Customers,#7F77DD
2295,2,3,668.4566431067263,At-Risk,#BA7517
2296,177,1,83.62,New Customers,#7F77DD
2297,1,6,1507.21,At-Risk,#BA7517
2299,54,2,349.81,At-Risk,#BA7517
2300,141,2,701.04,New Customers,#7F77DD
2301,96,2,335.61,At-Risk,#BA7517
2302,142,2,522.03,New Customers,#7F77DD
2303,182,2,408.03999999999996,New Customers,#7F77DD
2305,203,1,267.42,New Customers,#7F77DD
2306,7,8,1661.3600000000001,At-Risk,#BA7517
2307,76,3,344.90999999999997,At-Risk,#BA7517
2308,18,3,565.2,At-Risk,#BA7517
2309,35,3,833.83,At-Risk,#BA7517
2310,151,2,340.86,New Customers,#7F77DD
2311,146,1,85.0,New Customers,#7F77DD
2312,276,2,430.79999999999995,New Customers,#7F77DD
2314,43,3,405.68,At-Risk,#BA7517
2316,222,1,41.58,New Customers,#7F77DD
2317,39,2,569.1,At-Risk,#BA7517
2318,74,2,706.7,At-Risk,#BA7517
2319,65,1,48.29,At-Risk,#BA7517
2321,40,3,211.45,At-Risk,#BA7517
2322,49,13,1925.64,At-Risk,#BA7517
2323,28,3,572.6700000000001,At-Risk,#BA7517
2325,27,2,433.54,At-Risk,#BA7517
2327,7,45,7696.83,At-Risk,#BA7517
2328,20,2,264.27,At-Risk,#BA7517
2329,33,6,4469.736430498377,At-Risk,#BA7517
2330,25,6,1129.47,At-Risk,#BA7517
2331,235,2,272.46999999999997,New Customers,#7F77DD
2332,4,6,1082.56,At-Risk,#BA7517
2333,4,4,542.9300000000001,At-Risk,#BA7517
2334,43,4,1002.1400000000001,At-Risk,#BA7517
2335,50,4,1267.53,At-Risk,#BA7517
2336,318,1,52.12,New Customers,#7F77DD
2337,239,2,148.32,New Customers,#7F77DD
2338,136,1,234.04,New Customers,#7F77DD
2339,78,2,616.87,At-Risk,#BA7517
2340,105,1,307.41,At-Risk,#BA7517
2341,54,3,308.61,At-Risk,#BA7517
2342,250,1,79.45,New Customers,#7F77DD
2343,240,1,51.4,New Customers,#7F77DD
2344,289,1,151.27,New Customers,#7F77DD
2345,267,1,79.64,New Customers,#7F77DD
2346,230,1,403.12,New Customers,#7F77DD
2347,1,2,164.28,At-Risk,#BA7517
2348,10,2,421.69,At-Risk,#BA7517
2349,278,1,146.01,New Customers,#7F77DD
2350,156,2,237.6,New Customers,#7F77DD
2351,163,1,444.44,New Customers,#7F77DD
2353,17,3,194.84,At-Risk,#BA7517
2356,364,1,82.82,New Customers,#7F77DD
2358,239,1,52.16,New Customers,#7F77DD
2359,1,3,310.83000000000004,At-Risk,#BA7517
2360,148,1,200.96,New Customers,#7F77DD
2361,12,5,1347.36,At-Risk,#BA7517
2362,90,2,278.08000000000004,At-Risk,#BA7517
2363,8,5,721.53,At-Risk,#BA7517
2364,61,2,226.88000000000002,At-Risk,#BA7517
2365,158,4,1465.0900000000001,New Customers,#7F77DD
2366,105,2,223.43,At-Risk,#BA7517
2367,11,2,379.79,At-Risk,#BA7517
2369,107,1,292.1,At-Risk,#BA7517
2371,97,4,535.71,At-Risk,#BA7517
2372,45,8,1250.51,At-Risk,#BA7517
2373,43,2,257.64,At-Risk,#BA7517
2374,149,1,638.05,New Customers,#7F77DD
2375,1,6,968.75,At-Risk,#BA7517
2376,161,1,863.1,New Customers,#7F77DD
2377,178,2,365.73,New Customers,#7F77DD
2378,248,1,80.51,New Customers,#7F77DD
2379,64,2,242.39999999999998,At-Risk,#BA7517
2380,38,6,885.85,At-Risk,#BA7517
2381,108,3,1204.5,At-Risk,#BA7517
2382,6,11,2202.13,At-Risk,#BA7517
2383,209,2,540.74,New Customers,#7F77DD
2384,27,1,46.22,At-Risk,#BA7517
2385,121,1,179.43,At-Risk,#BA7517
2386,184,3,774.79,New Customers,#7F77DD
2389,296,1,45.33,New Customers,#7F77DD
2390,169,1,68.24,New Customers,#7F77DD
2391,65,5,1236.3200000000002,At-Risk,#BA7517
2392,222,2,254.49,New Customers,#7F77DD
2393,333,1,199.36,New Customers,#7F77DD
2394,130,2,599.02,At-Risk,#BA7517
2396,87,2,626.5600000000001,At-Risk,#BA7517
2397,2,7,2058.32,At-Risk,#BA7517
2398,163,2,312.31,New Customers,#7F77DD
2399,332,1,127.86,New Customers,#7F77DD
2400,4,7,1440.94,At-Risk,#BA7517
2401,46,2,217.38,At-Risk,#BA7517
2404,64,1,217.47,At-Risk,#BA7517
2405,170,2,335.4,New Customers,#7F77DD
2407,78,2,665.14,At-Risk,#BA7517
2408,16,14,3621.24,At-Risk,#BA7517
2409,354,1,91.62,New Customers,#7F77DD
2411,32,5,409.22,At-Risk,#BA7517
2412,42,2,309.54,At-Risk,#BA7517
2413,103,1,264.45,At-Risk,#BA7517
2414,213,2,205.35000000000002,New Customers,#7F77DD
2415,21,1,242.24,At-Risk,#BA7517
2416,330,1,416.04,New Customers,#7F77DD
2417,164,1,192.25,New Customers,#7F77DD
2418,193,1,148.59,New Customers,#7F77DD
2419,161,2,288.42,New Customers,#7F77DD
2420,125,1,65.24,At-Risk,#BA7517
2421,59,2,164.92000000000002,At-Risk,#BA7517
2422,206,1,35.98,New Customers,#7F77DD
2423,365,1,127.26,New Customers,#7F77DD
2425,16,4,369.33,At-Risk,#BA7517
2426,1,32,5651.42,At-Risk,#BA7517
2427,85,2,424.37,At-Risk,#BA7517
2428,46,3,973.87,At-Risk,#BA7517
2429,83,2,122.02,At-Risk,#BA7517
2430,237,1,141.57,New Customers,#7F77DD
2432,48,6,1493.4,At-Risk,#BA7517
2433,34,4,666.14,At-Risk,#BA7517
2434,3,50,10050.69,At-Risk,#BA7517
2435,94,4,830.14,At-Risk,#BA7517
2437,158,1,92.98,New Customers,#7F77DD
2438,156,2,558.42,New Customers,#7F77DD
2439,17,3,337.55,At-Risk,#BA7517
2440,104,3,610.09,At-Risk,#BA7517
2441,201,2,759.0699999999999,New Customers,#7F77DD
2442,14,2,316.46,At-Risk,#BA7517
2443,80,4,650.07,At-Risk,#BA7517
2444,24,2,128.98000000000002,At-Risk,#BA7517
2445,109,2,511.54,At-Risk,#BA7517
2446,69,1,474.25,At-Risk,#BA7517
2447,155,1,514.96,New Customers,#7F77DD
2448,18,10,1916.6200000000001,At-Risk,#BA7517
2450,113,1,82.93,At-Risk,#BA7517
2452,181,1,65.34,New Customers,#7F77DD
2453,58,1,112.46,At-Risk,#BA7517
2454,38,9,1685.91,At-Risk,#BA7517
2455,35,6,3353.38,At-Risk,#BA7517
2456,126,3,420.0,At-Risk,#BA7517
2457,196,1,122.56,New Customers,#7F77DD
2458,74,2,691.11,At-Risk,#BA7517
2459,87,2,128.29000000000002,At-Risk,#BA7517
2460,210,1,229.04,New Customers,#7F77DD
2461,303,1,76.97,New Customers,#7F77DD
2462,42,1,237.79,At-Risk,#BA7517
2463,93,4,379.86,At-Risk,#BA7517
2464,62,5,1532.6299999999999,At-Risk,#BA7517
2465,125,3,548.9,At-Risk,#BA7517
2467,113,12,3386.61,At-Risk,#BA7517
2468,25,5,748.92,At-Risk,#BA7517
2469,45,1,107.05,At-Risk,#BA7517
2470,38,7,1968.4199999999998,At-Risk,#BA7517
2471,55,3,476.34999999999997,At-Risk,#BA7517
2472,22,5,1071.72,At-Risk,#BA7517
2473,41,4,754.8,At-Risk,#BA7517
2475,140,1,161.52,New Customers,#7F77DD
2476,15,15,2661.66,At-Risk,#BA7517
2477,149,2,242.68,New Customers,#7F77DD
2478,348,1,226.6,New Customers,#7F77DD
2480,110,2,223.15,At-Risk,#BA7517
2481,80,5,1514.97,At-Risk,#BA7517
2482,55,1,206.94,At-Risk,#BA7517
2483,257,1,487.55,New Customers,#7F77DD
2484,227,1,115.0,New Customers,#7F77DD
2485,151,1,192.08,New Customers,#7F77DD
2487,233,1,85.84,New Customers,#7F77DD
2488,23,3,319.83000000000004,At-Risk,#BA7517
2489,17,17,3222.36,At-Risk,#BA7517
2490,133,3,438.46999999999997,New Customers,#7F77DD
2491,64,1,181.23,At-Risk,#BA7517
2492,140,4,362.52,New Customers,#7F77DD
2493,169,2,760.98,New Customers,#7F77DD
2494,112,3,966.05,At-Risk,#BA7517
2496,205,2,1070.22,New Customers,#7F77DD
2498,11,17,3193.7200000000003,At-Risk,#BA7517
2499,197,3,371.17,New Customers,#7F77DD
2500,93,6,1528.07,At-Risk,#BA7517
2501,26,1,130.1,At-Risk,#BA7517
2503,14,6,1169.25,At-Risk,#BA7517
2505,27,8,1325.81,At-Risk,#BA7517
2506,272,1,132.16,New Customers,#7F77DD
2507,38,2,180.3,At-Risk,#BA7517
2508,63,7,1853.45,At-Risk,#BA7517
2509,222,1,135.17,New Customers,#7F77DD
2512,53,10,1658.21,At-Risk,#BA7517
2513,25,6,994.04,At-Risk,#BA7517
2514,126,4,943.3499999999999,At-Risk,#BA7517
2515,184,2,105.32,New Customers,#7F77DD
2516,7,3,190.25,At-Risk,#BA7517
2517,219,2,271.34000000000003,New Customers,#7F77DD
2518,63,6,1530.68,At-Risk,#BA7517
2519,17,3,366.49,At-Risk,#BA7517
2520,55,2,116.52000000000001,At-Risk,#BA7517
2521,89,1,132.46,At-Risk,#BA7517
2522,145,3,700.79,New Customers,#7F77DD
2523,287,1,267.76,New Customers,#7F77DD
2524,123,6,663.8000000000001,At-Risk,#BA7517
2525,158,1,219.13,New Customers,#7F77DD
2526,1,7,2253.76,At-Risk,#BA7517
2527,173,4,395.33000000000004,New Customers,#7F77DD
2529,82,3,402.6,At-Risk,#BA7517
2530,18,12,2651.1400000000003,At-Risk,#BA7517
2531,45,1,81.81,At-Risk,#BA7517
2532,77,4,608.3299999999999,At-Risk,#BA7517
2533,148,2,418.23,New Customers,#7F77DD
2534,162,1,238.68,New Customers,#7F77DD
2535,12,6,669.94,At-Risk,#BA7517
2537,11,5,691.67,At-Risk,#BA7517
2538,203,1,166.69,New Customers,#7F77DD
2539,233,2,159.49,New Customers,#7F77DD
2540,105,3,535.4200000000001,At-Risk,#BA7517
2541,100,2,305.17,At-Risk,#BA7517
2542,83,1,57.72,At-Risk,#BA7517
2543,48,3,494.27,At-Risk,#BA7517
2544,107,3,317.51,At-Risk,#BA7517
2545,203,1,219.24,New Customers,#7F77DD
2546,253,1,227.43,New Customers,#7F77DD
2547,315,1,323.56,New Customers,#7F77DD
2548,39,4,458.57,At-Risk,#BA7517
2549,85,2,413.94,At-Risk,#BA7517
2550,32,4,498.82,At-Risk,#BA7517
2551,25,5,434.94,At-Risk,#BA7517
2552,290,1,249.99,New Customers,#7F77DD
2553,12,3,181.97,At-Risk,#BA7517
2554,117,7,1303.4,At-Risk,#BA7517
2555,72,2,184.06,At-Risk,#BA7517
2556,212,2,404.31,New Customers,#7F77DD
2557,125,2,1324.66,At-Risk,#BA7517
2559,34,2,570.79,At-Risk,#BA7517
2560,119,1,42.99,At-Risk,#BA7517
2562,43,1,113.98,At-Risk,#BA7517
2563,132,2,744.5699999999999,New Customers,#7F77DD
2564,203,3,451.95,New Customers,#7F77DD
2565,6,5,717.89,At-Risk,#BA7517
2566,306,1,479.16,New Customers,#7F77DD
2567,115,2,227.28,At-Risk,#BA7517
2568,100,7,1493.22,At-Risk,#BA7517
2569,270,2,636.22,New Customers,#7F77DD
2570,178,2,754.5999999999999,New Customers,#7F77DD
2571,77,1,70.55,At-Risk,#BA7517
2572,186,7,3082.75,New Customers,#7F77DD
2574,22,5,1671.9900000000002,At-Risk,#BA7517
2575,54,17,2358.12,At-Risk,#BA7517
2576,57,3,816.65,At-Risk,#BA7517
2577,46,12,1529.05,At-Risk,#BA7517
2578,240,1,143.74,New Customers,#7F77DD
2579,209,1,183.93,New Customers,#7F77DD
2580,10,34,5559.63,At-Risk,#BA7517
2581,35,3,398.18,At-Risk,#BA7517
2582,119,1,337.88,At-Risk,#BA7517
2583,44,4,1322.61,At-Risk,#BA7517
2584,326,1,170.43,New Customers,#7F77DD
2585,23,4,801.72,At-Risk,#BA7517
2586,148,2,215.49,New Customers,#7F77DD
2587,7,4,952.3399999999999,At-Risk,#BA7517
2589,345,1,44.82,New Customers,#7F77DD
2590,22,2,135.76,At-Risk,#BA7517
2591,6,2,303.91,At-Risk,#BA7517
2592,122,1,184.27,At-Risk,#BA7517
2594,87,2,385.60999999999996,At-Risk,#BA7517
2595,46,6,1195.3899999999999,At-Risk,#BA7517
2596,84,2,344.83000000000004,At-Risk,#BA7517
2597,5,2,831.81,At-Risk,#BA7517
2598,47,15,2421.69,At-Risk,#BA7517
2599,219,2,260.28,New Customers,#7F77DD
2601,170,3,465.36,New Customers,#7F77DD
2602,208,3,286.87,New Customers,#7F77DD
2603,171,2,232.31,New Customers,#7F77DD
2604,43,1,400.55,At-Risk,#BA7517
2605,120,3,346.91,At-Risk,#BA7517
2606,186,1,590.48,New Customers,#7F77DD
2607,20,3,430.0,At-Risk,#BA7517
2608,99,2,275.8,At-Risk,#BA7517
2609,2,4,540.91,At-Risk,#BA7517
2610,95,2,765.22,At-Risk,#BA7517
2611,159,2,669.23,New Customers,#7F77DD
2612,233,1,65.37,New Customers,#7F77DD
2613,171,3,775.21,New Customers,#7F77DD
2614,4,19,4862.53,At-Risk,#BA7517
2615,22,12,2157.17,At-Risk,#BA7517
2616,126,2,142.01999999999998,At-Risk,#BA7517
2617,13,34,5981.52,At-Risk,#BA7517
2618,170,5,816.59,New Customers,#7F77DD
2619,223,1,88.29,New Customers,#7F77DD
2620,274,1,225.78,New Customers,#7F77DD
2621,98,2,438.16,At-Risk,#BA7517
2622,28,7,1088.39,At-Risk,#BA7517
2623,318,2,508.32,New Customers,#7F77DD
2624,87,1,207.67,At-Risk,#BA7517
2625,83,2,633.56,At-Risk,#BA7517
2626,40,16,2709.84,At-Risk,#BA7517
2627,248,2,739.84,New Customers,#7F77DD
2628,165,5,528.5300000000001,New Customers,#7F77DD
2630,66,2,262.07,At-Risk,#BA7517
2633,3,14,2827.83,At-Risk,#BA7517
2636,47,4,962.09,At-Risk,#BA7517
2637,230,1,232.65,New Customers,#7F77DD
2638,113,1,63.79,At-Risk,#BA7517
2639,56,1,77.29,At-Risk,#BA7517
2640,241,2,191.3,New Customers,#7F77DD
2642,125,3,469.75,At-Risk,#BA7517
2643,149,2,370.43999999999994,New Customers,#7F77DD
2644,81,6,638.3199999999999,At-Risk,#BA7517
2645,134,2,479.32,New Customers,#7F77DD
2646,83,3,980.9699999999999,At-Risk,#BA7517
2647,131,1,192.71,New Customers,#7F77DD
2648,85,1,929.12,At-Risk,#BA7517
2649,50,5,575.3199999999999,At-Risk,#BA7517
2650,252,1,142.44,New Customers,#7F77DD
2651,199,2,129.87,New Customers,#7F77DD
2652,15,3,409.86,At-Risk,#BA7517
2653,231,1,152.01,New Customers,#7F77DD
2654,235,1,418.44,New Customers,#7F77DD
2655,43,4,451.77,At-Risk,#BA7517
2656,199,2,211.17000000000002,New Customers,#7F77DD
2657,164,2,823.3962166712039,New Customers,#7F77DD
2658,112,1,201.83,At-Risk,#BA7517
2660,19,3,270.57,At-Risk,#BA7517
2661,16,3,679.47,At-Risk,#BA7517
2662,108,1,50.1,At-Risk,#BA7517
2663,214,1,115.73,New Customers,#7F77DD
2665,12,6,827.16,At-Risk,#BA7517
2666,252,1,108.3,New Customers,#7F77DD
2667,254,1,43.03,New Customers,#7F77DD
2669,103,4,758.53,At-Risk,#BA7517
2670,76,7,918.78,At-Risk,#BA7517
2671,41,3,1647.85,At-Risk,#BA7517
2672,17,15,3088.57,At-Risk,#BA7517
2673,43,2,3094.422972766551,At-Risk,#BA7517
2674,228,4,412.39000000000004,New Customers,#7F77DD
2675,181,2,289.22,New Customers,#7F77DD
2676,100,2,365.98,At-Risk,#BA7517
2677,93,5,555.15,At-Risk,#BA7517
2678,134,3,394.27,New Customers,#7F77DD
2679,6,3,1114.29,At-Risk,#BA7517
2680,33,4,731.64,At-Risk,#BA7517
2681,7,9,1649.71,At-Risk,#BA7517
2682,27,4,669.44,At-Risk,#BA7517
2683,133,2,576.54,New Customers,#7F77DD
2684,3,8,829.49,At-Risk,#BA7517
2685,52,8,3092.92,At-Risk,#BA7517
2686,10,3,590.4300000000001,At-Risk,#BA7517
2687,72,2,363.65,At-Risk,#BA7517
2688,4,3,350.56,At-Risk,#BA7517
2689,16,5,1008.8599999999999,At-Risk,#BA7517
2690,64,6,676.6,At-Risk,#BA7517
2691,92,3,487.27,At-Risk,#BA7517
2692,39,5,737.43,At-Risk,#BA7517
2693,280,2,412.28999999999996,New Customers,#7F77DD
2694,52,8,1232.1,At-Risk,#BA7517
2695,72,2,379.08000000000004,At-Risk,#BA7517
2696,86,4,585.7,At-Risk,#BA7517
2697,11,4,1027.18,At-Risk,#BA7517
2698,80,4,740.6400000000001,At-Risk,#BA7517
2699,29,4,1307.46,At-Risk,#BA7517
2700,96,7,8217.632677515378,At-Risk,#BA7517
2702,175,3,895.44,New Customers,#7F77DD
2703,133,2,227.44,New Customers,#7F77DD
2704,82,6,834.49,At-Risk,#BA7517
2705,194,1,243.9,New Customers,#7F77DD
2706,97,3,1184.8899999999999,At-Risk,#BA7517
2708,24,8,1260.58,At-Risk,#BA7517
2709,54,1,357.36,At-Risk,#BA7517
2710,125,2,524.81,At-Risk,#BA7517
2711,84,4,514.5600000000001,At-Risk,#BA7517
2712,327,1,68.12,New Customers,#7F77DD
2713,145,3,831.13,New Customers,#7F77DD
2714,253,2,197.36,New Customers,#7F77DD
2715,303,1,69.39,New Customers,#7F77DD
2716,2,21,4179.27,At-Risk,#BA7517
2717,117,2,141.3,At-Risk,#BA7517
2718,13,7,2787.19,At-Risk,#BA7517
2719,136,6,1715.39,At-Risk,#BA7517
2721,2,18,3067.18,At-Risk,#BA7517
2722,280,3,869.74,New Customers,#7F77DD
2723,33,2,477.52,At-Risk,#BA7517
2724,211,1,55.18,New Customers,#7F77DD
2725,80,2,429.99,At-Risk,#BA7517
2726,79,2,154.97,At-Risk,#BA7517
2727,24,4,363.43,At-Risk,#BA7517
2728,42,5,1188.48,At-Risk,#BA7517
2729,55,12,1454.25,At-Risk,#BA7517
2730,36,1,144.47,At-Risk,#BA7517
2731,68,2,968.19,At-Risk,#BA7517
2732,65,5,730.52,At-Risk,#BA7517
2733,69,2,153.23,At-Risk,#BA7517
2734,167,1,931.4,New Customers,#7F77DD
2735,255,1,113.5,New Customers,#7F77DD
2736,131,1,957.6,At-Risk,#BA7517
2737,170,4,530.86,New Customers,#7F77DD
2738,61,4,464.08,At-Risk,#BA7517
2739,259,1,41.27,New Customers,#7F77DD
2740,59,2,350.68,At-Risk,#BA7517
2741,81,1,270.84,At-Risk,#BA7517
2742,288,1,56.14,New Customers,#7F77DD
2743,40,6,891.22,At-Risk,#BA7517
2744,20,2,1034.6399999999999,At-Risk,#BA7517
2746,6,3,608.5,At-Risk,#BA7517
2747,3,3,777.23,At-Risk,#BA7517
2748,179,1,115.62,New Customers,#7F77DD
2749,118,3,252.7,At-Risk,#BA7517
2750,89,4,335.87,At-Risk,#BA7517
2751,151,1,115.24,New Customers,#7F77DD
2752,12,14,2524.36,At-Risk,#BA7517
2754,200,1,53.43,New Customers,#7F77DD
2755,12,4,1168.53,At-Risk,#BA7517
2756,44,4,792.0,At-Risk,#BA7517
2757,64,5,1077.75,At-Risk,#BA7517
2758,111,1,205.71,At-Risk,#BA7517
2759,8,18,2834.21,At-Risk,#BA7517
2761,4,4,890.24,At-Risk,#BA7517
2762,201,1,238.31,New Customers,#7F77DD
2763,305,1,107.82,New Customers,#7F77DD
2764,17,48,10907.744310808554,At-Risk,#BA7517
2765,50,1,49.38,At-Risk,#BA7517
2766,7,3,833.61,At-Risk,#BA7517
2767,109,3,467.2,At-Risk,#BA7517
2768,108,1,50.43,At-Risk,#BA7517
2769,130,1,896.05,At-Risk,#BA7517
2770,33,11,2184.44,At-Risk,#BA7517
2771,302,1,81.16,New Customers,#7F77DD
2772,59,4,690.3199999999999,At-Risk,#BA7517
2774,16,5,733.66,At-Risk,#BA7517
2775,200,1,89.03,New Customers,#7F77DD
2776,26,12,2736.46,At-Risk,#BA7517
2777,50,1,106.07,At-Risk,#BA7517
2778,15,4,1461.28,At-Risk,#BA7517
2779,95,2,480.98,At-Risk,#BA7517
2780,107,2,175.41,At-Risk,#BA7517
2781,149,1,184.6,New Customers,#7F77DD
2782,32,11,1520.07,At-Risk,#BA7517
2783,7,4,1099.78,At-Risk,#BA7517
2785,107,1,497.61,At-Risk,#BA7517
2786,67,3,501.55,At-Risk,#BA7517
2787,10,3,1290.35,At-Risk,#BA7517
2789,77,6,804.81,At-Risk,#BA7517
2790,235,2,312.03000000000003,New Customers,#7F77DD
2792,310,2,410.08000000000004,New Customers,#7F77DD
2793,144,1,276.72,New Customers,#7F77DD
2794,96,1,47.7,At-Risk,#BA7517
2795,21,3,729.94,At-Risk,#BA7517
2796,219,1,61.43,New Customers,#7F77DD
2797,270,4,917.51,New Customers,#7F77DD
2799,31,4,281.59,At-Risk,#BA7517
2800,59,8,1649.51,At-Risk,#BA7517
2801,59,2,562.0999999999999,At-Risk,#BA7517
2802,119,6,1224.6999999999998,At-Risk,#BA7517
2803,82,4,910.62,At-Risk,#BA7517
2804,5,7,953.91,At-Risk,#BA7517
2806,174,1,67.68,New Customers,#7F77DD
2807,221,1,216.88,New Customers,#7F77DD
2809,265,1,84.06,New Customers,#7F77DD
2810,4,2,518.43,At-Risk,#BA7517
2812,349,1,45.12,New Customers,#7F77DD
2813,16,6,969.05,At-Risk,#BA7517
2815,36,3,491.52,At-Risk,#BA7517
2817,1,9,1714.1100000000001,At-Risk,#BA7517
2818,12,16,3390.45,At-Risk,#BA7517
2819,80,2,104.55,At-Risk,#BA7517
2820,265,1,119.9,New Customers,#7F77DD
2821,13,2,672.55,At-Risk,#BA7517
2822,206,2,409.5,New Customers,#7F77DD
2823,175,3,165.89000000000001,New Customers,#7F77DD
2824,11,21,4963.49,At-Risk,#BA7517
2825,257,1,52.11,New Customers,#7F77DD
2826,3,2,237.81,At-Risk,#BA7517
2827,42,4,463.75,At-Risk,#BA7517
2828,204,1,378.02,New Customers,#7F77DD
2829,102,2,555.19,At-Risk,#BA7517
2831,255,1,56.98,New Customers,#7F77DD
2832,232,3,363.62,New Customers,#7F77DD
2833,28,4,935.8,At-Risk,#BA7517
2834,123,1,146.59,At-Risk,#BA7517
2835,32,8,1073.09,At-Risk,#BA7517
2836,123,2,328.90999999999997,At-Risk,#BA7517
2837,101,3,516.51,At-Risk,#BA7517
2838,186,1,86.8,New Customers,#7F77DD
2839,130,3,277.85,At-Risk,#BA7517
2840,86,2,169.67000000000002,At-Risk,#BA7517
2841,44,2,564.04,At-Risk,#BA7517
2842,230,1,299.72,New Customers,#7F77DD
2843,158,1,164.6,New Customers,#7F77DD
2844,65,4,638.91,At-Risk,#BA7517
2845,119,2,377.25,At-Risk,#BA7517
2846,102,4,827.54,At-Risk,#BA7517
2847,18,2,619.9,At-Risk,#BA7517
2848,32,6,1722.74,At-Risk,#BA7517
2850,181,2,226.2,New Customers,#7F77DD
2851,91,1,72.38,At-Risk,#BA7517
2852,11,3,449.71999999999997,At-Risk,#BA7517
2853,53,4,542.22,At-Risk,#BA7517
2855,9,1,44.98,At-Risk,#BA7517
2856,110,2,342.21000000000004,At-Risk,#BA7517
2857,3,3,651.27,At-Risk,#BA7517
2859,7,4,855.17,At-Risk,#BA7517
2860,34,4,1131.64,At-Risk,#BA7517
2861,58,2,181.38,At-Risk,#BA7517
2863,122,3,412.83,At-Risk,#BA7517
2864,22,3,459.88,At-Risk,#BA7517
2867,130,2,177.11,At-Risk,#BA7517
2868,41,3,404.39,At-Risk,#BA7517
2869,93,1,64.3,At-Risk,#BA7517
2870,106,2,241.83999999999997,At-Risk,#BA7517
2871,67,3,568.58,At-Risk,#BA7517
2872,63,1,51.4,At-Risk,#BA7517
2873,279,2,374.47,New Customers,#7F77DD
2874,79,3,833.7,At-Risk,#BA7517
2875,341,1,150.82,New Customers,#7F77DD
2876,12,2,403.65000000000003,At-Risk,#BA7517
2877,20,2,261.15000000000003,At-Risk,#BA7517
2879,29,1,72.42,At-Risk,#BA7517
2880,112,2,136.16,At-Risk,#BA7517
2882,20,3,290.03,At-Risk,#BA7517
2883,202,2,530.88,New Customers,#7F77DD
2884,38,5,676.7,At-Risk,#BA7517
2885,196,2,397.53999999999996,New Customers,#7F77DD
2886,63,3,477.97,At-Risk,#BA7517
2887,49,15,2316.23,At-Risk,#BA7517
2888,37,3,1473.8600000000001,At-Risk,#BA7517
2889,24,6,1136.01,At-Risk,#BA7517
2891,28,3,1096.5900000000001,At-Risk,#BA7517
2892,8,6,1026.6,At-Risk,#BA7517
2893,10,5,1161.27,At-Risk,#BA7517
2894,92,2,295.44,At-Risk,#BA7517
2895,27,3,922.9399999999999,At-Risk,#BA7517
2896,100,3,611.64,At-Risk,#BA7517
2899,153,1,86.26,New Customers,#7F77DD
2900,113,3,449.58000000000004,At-Risk,#BA7517
2901,67,1,107.65,At-Risk,#BA7517
2902,144,3,288.89,New Customers,#7F77DD
2903,107,2,199.25,At-Risk,#BA7517
2904,6,7,1420.65,At-Risk,#BA7517
2905,86,6,869.8900000000001,At-Risk,#BA7517
2906,202,2,338.09,New Customers,#7F77DD
2907,208,3,780.81,New Customers,#7F77DD
2909,347,1,163.42,New Customers,#7F77DD
2910,35,13,2321.83,At-Risk,#BA7517
2912,167,4,342.67999999999995,New Customers,#7F77DD
2913,51,2,321.96,At-Risk,#BA7517
2914,133,1,67.1,New Customers,#7F77DD
2915,176,1,813.88,New Customers,#7F77DD
2916,134,1,54.01,New Customers,#7F77DD
2917,136,1,270.09,New Customers,#7F77DD
2918,112,1,196.18,At-Risk,#BA7517
2919,61,4,517.0999999999999,At-Risk,#BA7517
2920,50,4,717.3199999999999,At-Risk,#BA7517
2921,39,5,1653.72,At-Risk,#BA7517
2922,119,2,266.17,At-Risk,#BA7517
2923,19,4,1386.2,At-Risk,#BA7517
2924,71,3,565.7,At-Risk,#BA7517
2925,68,1,107.01,At-Risk,#BA7517
2926,25,47,9357.21,At-Risk,#BA7517
2927,139,2,419.44,New Customers,#7F77DD
2928,34,3,315.79999999999995,At-Risk,#BA7517
2930,1,5,494.18,At-Risk,#BA7517
2931,72,2,896.61,At-Risk,#BA7517
2932,69,2,579.67,At-Risk,#BA7517
2935,264,2,555.0799999999999,New Customers,#7F77DD
2936,89,2,331.21000000000004,At-Risk,#BA7517
2937,62,3,738.34,At-Risk,#BA7517
2938,8,8,1794.59,At-Risk,#BA7517
2940,3,2,392.39,At-Risk,#BA7517
2941,4,7,1399.01,At-Risk,#BA7517
2942,2,10,2182.91,At-Risk,#BA7517
2943,99,3,517.72,At-Risk,#BA7517
2944,35,6,2369.92,At-Risk,#BA7517
2945,125,1,186.86,At-Risk,#BA7517
2946,5,3,1369.8655665446986,At-Risk,#BA7517
2947,129,3,445.26,At-Risk,#BA7517
2948,106,1,102.26,At-Risk,#BA7517
2950,34,3,848.08,At-Risk,#BA7517
2951,93,4,233.17000000000002,At-Risk,#BA7517
2952,101,3,305.33000000000004,At-Risk,#BA7517
2953,14,2,490.92,At-Risk,#BA7517
2954,115,3,954.54,At-Risk,#BA7517
2955,165,1,45.58,New Customers,#7F77DD
2956,10,4,528.85,At-Risk,#BA7517
2957,211,1,105.24,New Customers,#7F77DD
2959,143,2,589.08,New Customers,#7F77DD
2960,225,1,549.76,New Customers,#7F77DD
2961,119,1,77.58,At-Risk,#BA7517
2963,336,1,67.56,New Customers,#7F77DD
2964,43,4,543.59,At-Risk,#BA7517
2965,163,1,112.82,New Customers,#7F77DD
2966,46,1,44.18,At-Risk,#BA7517
2967,1,1,33.13,At-Risk,#BA7517
2968,168,1,152.08,New Customers,#7F77DD
2969,58,6,1160.06,At-Risk,#BA7517
2970,98,2,135.56,At-Risk,#BA7517
2971,347,1,100.6,New Customers,#7F77DD
2972,170,2,414.24,New Customers,#7F77DD
2973,127,4,906.67,At-Risk,#BA7517
2974,209,2,1582.3600000000001,New Customers,#7F77DD
2975,156,2,538.94,New Customers,#7F77DD
2976,174,2,150.84,New Customers,#7F77DD
2977,12,5,1351.3799999999999,At-Risk,#BA7517
2978,65,5,821.72,At-Risk,#BA7517
2979,114,3,172.6,At-Risk,#BA7517
2980,126,3,415.99000000000007,At-Risk,#BA7517
2981,53,4,977.34,At-Risk,#BA7517
2983,94,4,838.39,At-Risk,#BA7517
2984,276,4,522.1099999999999,New Customers,#7F77DD
2985,46,2,902.6,At-Risk,#BA7517
2986,42,6,1018.0,At-Risk,#BA7517
2987,60,3,514.39,At-Risk,#BA7517
2988,61,4,572.37,At-Risk,#BA7517
2989,128,2,251.07,At-Risk,#BA7517
2990,34,2,233.48000000000002,At-Risk,#BA7517
2991,71,2,164.62,At-Risk,#BA7517
2992,67,2,510.44,At-Risk,#BA7517
2993,104,4,1019.06,At-Risk,#BA7517
2994,88,1,635.75,At-Risk,#BA7517
2995,191,1,89.75,New Customers,#7F77DD
2996,168,2,221.51999999999998,New Customers,#7F77DD
2997,175,4,1173.1,New Customers,#7F77DD
2998,14,7,2190.300749024672,At-Risk,#BA7517
2999,26,1,199.08,At-Risk,#BA7517
3000,214,2,168.36,New Customers,#7F77DD
3002,130,1,19.68,New Customers,#7F77DD
3003,40,4,482.92,At-Risk,#BA7517
3005,170,1,164.92,New Customers,#7F77DD
3006,13,13,2974.8700000000003,At-Risk,#BA7517
3008,343,1,43.86,New Customers,#7F77DD
3009,299,1,30.15,New Customers,#7F77DD
3010,159,2,340.42,New Customers,#7F77DD
3011,139,3,601.6200000000001,New Customers,#7F77DD
3013,189,1,219.18,New Customers,#7F77DD
3014,50,3,312.51,At-Risk,#BA7517
3015,232,2,84.47,New Customers,#7F77DD
3016,290,1,177.44,New Customers,#7F77DD
3017,26,7,1059.53,At-Risk,#BA7517
3018,152,1,224.72,New Customers,#7F77DD
3019,164,3,501.15,New Customers,#7F77DD
3020,57,1,88.33,At-Risk,#BA7517
3022,7,9,1764.65,At-Risk,#BA7517
3023,121,1,917.7,At-Risk,#BA7517
3024,117,3,1479.1799999999998,At-Risk,#BA7517
3025,117,3,743.0,At-Risk,#BA7517
3027,156,1,24.77,New Customers,#7F77DD
3028,38,2,448.8,At-Risk,#BA7517
3029,196,3,422.31,New Customers,#7F77DD
3030,183,4,618.63,New Customers,#7F77DD
3031,189,3,384.53,New Customers,#7F77DD
3032,204,1,449.65,New Customers,#7F77DD
3033,47,8,1701.5,At-Risk,#BA7517
3034,9,18,4170.88,At-Risk,#BA7517
3035,148,2,178.98,New Customers,#7F77DD
3037,210,2,291.18,New Customers,#7F77DD
3038,31,4,603.41,At-Risk,#BA7517
3039,33,2,381.26,At-Risk,#BA7517
3040,197,1,372.9,New Customers,#7F77DD
3042,198,1,28.42,New Customers,#7F77DD
3043,108,3,283.7,At-Risk,#BA7517
3044,343,2,447.15999999999997,New Customers,#7F77DD
3045,138,3,369.09000000000003,New Customers,#7F77DD
3046,27,4,1450.01,At-Risk,#BA7517
3048,14,2,578.61,At-Risk,#BA7517
3049,269,1,133.86,New Customers,#7F77DD
3050,122,4,1436.0700000000002,At-Risk,#BA7517
3051,83,2,507.81,At-Risk,#BA7517
3052,61,2,436.21,At-Risk,#BA7517
3053,30,5,1381.71,At-Risk,#BA7517
3054,326,1,82.97,New Customers,#7F77DD
3055,53,3,647.38,At-Risk,#BA7517
3056,243,1,591.4,New Customers,#7F77DD
3057,85,2,226.57999999999998,At-Risk,#BA7517
3058,198,3,592.02,New Customers,#7F77DD
3059,42,3,308.81,At-Risk,#BA7517
3060,239,1,185.21,New Customers,#7F77DD
3061,131,1,186.28,New Customers,#7F77DD
3062,192,2,353.49,New Customers,#7F77DD
3063,95,2,119.69,At-Risk,#BA7517
3066,33,4,897.52,At-Risk,#BA7517
3067,187,1,68.18,New Customers,#7F77DD
3068,182,1,475.65,New Customers,#7F77DD
3069,53,2,464.09000000000003,At-Risk,#BA7517
3070,104,2,573.14,At-Risk,#BA7517
3071,309,1,65.12,New Customers,#7F77DD
3072,234,2,441.27,New Customers,#7F77DD
3073,46,5,551.85,At-Risk,#BA7517
3074,69,6,1179.33,At-Risk,#BA7517
3076,240,2,396.06,New Customers,#7F77DD
3077,332,1,352.54,New Customers,#7F77DD
3078,53,2,895.56,At-Risk,#BA7517
3079,6,3,523.88,At-Risk,#BA7517
3080,170,2,976.59,New Customers,#7F77DD
3082,99,2,139.43,At-Risk,#BA7517
3084,39,6,2259.09,At-Risk,#BA7517
3085,176,2,273.57,New Customers,#7F77DD
3086,22,5,447.24,At-Risk,#BA7517
3087,345,1,82.82,New Customers,#7F77DD
3088,308,1,78.08,New Customers,#7F77DD
3089,61,3,271.48,At-Risk,#BA7517
3090,23,11,1816.99,At-Risk,#BA7517
3091,12,3,232.73,At-Risk,#BA7517
3092,49,2,306.86,At-Risk,#BA7517
3093,3,3,770.11,At-Risk,#BA7517
3094,26,8,3855.798574480037,At-Risk,#BA7517
3095,147,4,494.15,New Customers,#7F77DD
3096,34,10,1601.6200000000001,At-Risk,#BA7517
3097,71,3,466.08,At-Risk,#BA7517
3098,199,1,492.58,New Customers,#7F77DD
3099,114,2,148.45,At-Risk,#BA7517
3100,63,2,198.08999999999997,At-Risk,#BA7517
3101,213,1,45.72,New Customers,#7F77DD
3102,16,1,159.12,At-Risk,#BA7517
3103,91,2,140.09,At-Risk,#BA7517
3104,37,5,1273.04,At-Risk,#BA7517
3105,1,9,997.99,At-Risk,#BA7517
3107,186,2,381.69,New Customers,#7F77DD
3109,66,3,825.01,At-Risk,#BA7517
3110,99,2,431.40999999999997,At-Risk,#BA7517
3111,37,1,905.5,At-Risk,#BA7517
3113,21,1,308.84,At-Risk,#BA7517
3114,144,2,312.52,New Customers,#7F77DD
3115,87,3,316.95,At-Risk,#BA7517
3116,13,2,442.97,At-Risk,#BA7517
3118,91,3,716.27,At-Risk,#BA7517
3119,196,2,429.04,New Customers,#7F77DD
3120,16,4,619.18,At-Risk,#BA7517
3121,53,4,577.85,At-Risk,#BA7517
3124,72,1,206.94,At-Risk,#BA7517
3125,95,2,871.62,At-Risk,#BA7517
3126,123,1,311.08,At-Risk,#BA7517
3127,162,4,1068.31,New Customers,#7F77DD
3128,4,4,678.03,At-Risk,#BA7517
3130,3,36,7583.64,At-Risk,#BA7517
3131,66,3,1123.92,At-Risk,#BA7517
3132,91,13,3264.5899999999997,At-Risk,#BA7517
3133,310,1,324.98,New Customers,#7F77DD
3134,15,2,1225.23,At-Risk,#BA7517
3135,248,1,151.62,New Customers,#7F77DD
3136,30,2,446.33,At-Risk,#BA7517
3137,8,5,1139.8,At-Risk,#BA7517
3138,78,3,426.57,At-Risk,#BA7517
3139,106,1,439.95,At-Risk,#BA7517
3140,216,2,226.88,New Customers,#7F77DD
3141,232,1,139.48,New Customers,#7F77DD
3142,271,1,67.56,New Customers,#7F77DD
3143,168,3,848.21,New Customers,#7F77DD
3144,101,9,2161.9,At-Risk,#BA7517
3145,109,3,1483.2800000000002,At-Risk,#BA7517
3146,46,5,1089.1599999999999,At-Risk,#BA7517
3148,36,7,1163.45,At-Risk,#BA7517
3149,156,1,82.67,New Customers,#7F77DD
3151,103,5,636.55,At-Risk,#BA7517
3152,227,2,782.02,New Customers,#7F77DD
3153,77,4,365.35,At-Risk,#BA7517
3154,131,2,461.4,New Customers,#7F77DD
3155,153,3,398.53,New Customers,#7F77DD
3156,47,3,537.22,At-Risk,#BA7517
3158,16,3,805.0600000000001,At-Risk,#BA7517
3159,170,3,561.96,New Customers,#7F77DD
3160,241,1,61.93,New Customers,#7F77DD
3161,30,3,886.52,At-Risk,#BA7517
3162,43,3,676.23,At-Risk,#BA7517
3163,149,2,217.26,New Customers,#7F77DD
3164,3,10,1306.26,At-Risk,#BA7517
3165,168,2,250.01,New Customers,#7F77DD
3166,53,16,3216.44,At-Risk,#BA7517
3167,51,4,705.57,At-Risk,#BA7517
3168,26,5,939.8,At-Risk,#BA7517
3169,74,2,179.61,At-Risk,#BA7517
3170,195,1,98.23,New Customers,#7F77DD
3171,9,20,12609.656649611015,At-Risk,#BA7517
3172,6,29,6361.07,At-Risk,#BA7517
3173,181,2,739.7,New Customers,#7F77DD
3174,19,3,811.98,At-Risk,#BA7517
3175,1,31,6737.5,At-Risk,#BA7517
3176,54,3,310.87,At-Risk,#BA7517
3177,29,8,2701.73,At-Risk,#BA7517
3178,10,7,1205.77,At-Risk,#BA7517
3179,70,1,153.14,At-Risk,#BA7517
3180,3,6,890.49,At-Risk,#BA7517
3181,23,4,514.0,At-Risk,#BA7517
3182,322,1,86.52,New Customers,#7F77DD
3184,23,5,628.77,At-Risk,#BA7517
3185,64,5,1349.52,At-Risk,#BA7517
3186,28,4,628.29,At-Risk,#BA7517
3187,213,1,427.24,New Customers,#7F77DD
3192,74,6,1227.3899999999999,At-Risk,#BA7517
3193,25,2,624.14,At-Risk,#BA7517
3194,1,5,1038.7,At-Risk,#BA7517
3195,28,3,418.96999999999997,At-Risk,#BA7517
3196,12,4,631.81,At-Risk,#BA7517
3197,160,1,76.5,New Customers,#7F77DD
3198,47,5,816.44,At-Risk,#BA7517
3200,96,3,391.35,At-Risk,#BA7517
3201,42,2,327.84,At-Risk,#BA7517
3202,87,3,1072.26,At-Risk,#BA7517
3204,32,4,1275.1100000000001,At-Risk,#BA7517
3205,182,2,1073.75,New Customers,#7F77DD
3206,162,2,189.51999999999998,New Customers,#7F77DD
3207,280,1,659.04,New Customers,#7F77DD
3208,142,4,1060.1299999999999,New Customers,#7F77DD
3209,38,5,1840.3400000000001,At-Risk,#BA7517
3210,133,1,293.76,New Customers,#7F77DD
3211,87,2,344.64,At-Risk,#BA7517
3212,310,1,91.98,New Customers,#7F77DD
3213,37,2,165.58999999999997,At-Risk,#BA7517
3214,10,1,104.65,At-Risk,#BA7517
3215,23,2,347.78,At-Risk,#BA7517
3216,36,3,410.98,At-Risk,#BA7517
3217,22,2,439.45,At-Risk,#BA7517
3218,53,7,1764.69,At-Risk,#BA7517
3219,16,2,249.32,At-Risk,#BA7517
3220,124,4,959.59,At-Risk,#BA7517
3221,28,3,439.69,At-Risk,#BA7517
3222,95,4,3654.646167067481,At-Risk,#BA7517
3223,206,1,210.43,New Customers,#7F77DD
3225,122,5,1391.0242469452978,At-Risk,#BA7517
3226,223,1,550.36,New Customers,#7F77DD
3227,14,16,2456.26,At-Risk,#BA7517
3228,23,1,147.94,At-Risk,#BA7517
3229,2,10,2828.3900000000003,At-Risk,#BA7517
3230,69,2,366.3,At-Risk,#BA7517
3231,145,4,455.74,New Customers,#7F77DD
3232,86,3,904.75,At-Risk,#BA7517
3234,65,8,1209.94,At-Risk,#BA7517
3235,140,3,333.26,New Customers,#7F77DD
3237,183,2,216.22000000000003,New Customers,#7F77DD
3238,183,1,38.7,New Customers,#7F77DD
3239,102,6,827.35,At-Risk,#BA7517
3240,160,1,90.1,New Customers,#7F77DD
3241,132,4,947.28,At-Risk,#BA7517
3242,207,3,340.58,New Customers,#7F77DD
3244,345,1,656.4,New Customers,#7F77DD
3245,298,1,94.56,New Customers,#7F77DD
3246,45,2,1236.8799999999999,At-Risk,#BA7517
3247,120,7,1495.05,At-Risk,#BA7517
3248,106,3,391.03999999999996,At-Risk,#BA7517
3249,23,14,1661.51,At-Risk,#BA7517
3250,9,4,600.5999999999999,At-Risk,#BA7517
3252,39,4,1370.3489478460456,At-Risk,#BA7517
3253,29,3,579.0699999999999,At-Risk,#BA7517
3254,5,8,2038.13,At-Risk,#BA7517
3255,17,2,597.4,At-Risk,#BA7517
3256,179,2,445.05,New Customers,#7F77DD
3257,216,2,845.62,New Customers,#7F77DD
3258,139,7,1120.58,New Customers,#7F77DD
3259,20,5,753.85,At-Risk,#BA7517
3260,29,3,272.93,At-Risk,#BA7517
3261,121,3,181.59,At-Risk,#BA7517
3262,3,1,53.16,At-Risk,#BA7517
3263,123,1,280.32,At-Risk,#BA7517
3264,93,3,621.56,At-Risk,#BA7517
3267,5,9,1740.18,At-Risk,#BA7517
3268,94,1,69.45,At-Risk,#BA7517
3271,139,2,91.09,New Customers,#7F77DD
3273,52,7,1627.8,At-Risk,#BA7517
3274,2,7,1338.35,At-Risk,#BA7517
3277,277,2,239.61,New Customers,#7F77DD
3278,40,1,213.68,At-Risk,#BA7517
3279,254,2,522.85,New Customers,#7F77DD
3280,107,3,313.23,At-Risk,#BA7517
3281,293,1,206.18,New Customers,#7F77DD
3282,6,23,4717.06,At-Risk,#BA7517
3284,222,2,873.0899999999999,New Customers,#7F77DD
3285,39,3,428.33000000000004,At-Risk,#BA7517
3286,137,3,228.95,New Customers,#7F77DD
3287,94,7,919.7,At-Risk,#BA7517
3289,56,2,282.84000000000003,At-Risk,#BA7517
3291,52,3,476.88,At-Risk,#BA7517
3292,235,1,80.53,New Customers,#7F77DD
3294,90,6,1199.96,At-Risk,#BA7517
3295,1,15,3814.11,At-Risk,#BA7517
3297,187,1,221.96,New Customers,#7F77DD
3298,24,14,2506.89,At-Risk,#BA7517
3299,117,1,103.28,At-Risk,#BA7517
3301,94,5,1019.92,At-Risk,#BA7517
3302,60,1,781.6,At-Risk,#BA7517
3303,174,3,448.2,New Customers,#7F77DD
3304,155,2,220.02,New Customers,#7F77DD
3306,13,4,1660.71,At-Risk,#BA7517
3307,186,3,337.09000000000003,New Customers,#7F77DD
3310,202,1,32.33,New Customers,#7F77DD
3311,29,3,830.3600000000001,At-Risk,#BA7517
3312,41,2,600.4100000000001,At-Risk,#BA7517
3314,45,8,1572.4,At-Risk,#BA7517
3315,24,1,114.1,At-Risk,#BA7517
3316,38,4,568.38,At-Risk,#BA7517
3317,32,3,681.9100000000001,At-Risk,#BA7517
3318,72,4,524.19,At-Risk,#BA7517
3319,138,5,861.96,New Customers,#7F77DD
3320,17,2,284.5,At-Risk,#BA7517
3321,301,2,451.58,New Customers,#7F77DD
3322,59,3,933.87,At-Risk,#BA7517
3323,18,2,306.1,At-Risk,#BA7517
3324,291,1,623.79,New Customers,#7F77DD
3325,71,2,380.6,At-Risk,#BA7517
3326,120,4,616.36,At-Risk,#BA7517
3327,6,1,139.68,At-Risk,#BA7517
3328,82,2,432.68,At-Risk,#BA7517
3329,12,4,634.91,At-Risk,#BA7517
3330,67,6,1064.53,At-Risk,#BA7517
3331,10,4,957.3800000000001,At-Risk,#BA7517
3332,39,6,1582.13,At-Risk,#BA7517
3333,214,1,81.04,New Customers,#7F77DD
3334,196,1,42.39,New Customers,#7F77DD
3335,294,1,50.84,New Customers,#7F77DD
3336,14,11,1966.72,At-Risk,#BA7517
3338,89,4,699.77,At-Risk,#BA7517
3339,105,2,353.73,At-Risk,#BA7517
3340,113,4,765.66,At-Risk,#BA7517
3341,44,1,58.22,At-Risk,#BA7517
3342,22,6,688.08,At-Risk,#BA7517
3343,67,1,164.04,At-Risk,#BA7517
3344,246,3,691.47,New Customers,#7F77DD
3345,127,1,732.142337479793,At-Risk,#BA7517
3346,33,2,316.08000000000004,At-Risk,#BA7517
3347,111,3,518.62,At-Risk,#BA7517
3349,118,1,165.9,At-Risk,#BA7517
3350,227,2,573.16,New Customers,#7F77DD
3351,140,1,174.42,New Customers,#7F77DD
3352,174,1,52.92,New Customers,#7F77DD
3353,33,2,347.82000000000005,At-Risk,#BA7517
3354,31,8,1366.18,At-Risk,#BA7517
3355,135,6,1757.69,At-Risk,#BA7517
3356,26,3,1311.4899999999998,At-Risk,#BA7517
3357,9,5,933.42,At-Risk,#BA7517
3358,176,1,136.68,New Customers,#7F77DD
3359,148,3,589.9200000000001,New Customers,#7F77DD
3360,14,6,1263.29,At-Risk,#BA7517
3361,248,1,53.19,New Customers,#7F77DD
3362,27,3,871.89,At-Risk,#BA7517
3363,214,1,276.08,New Customers,#7F77DD
3364,223,1,252.85,New Customers,#7F77DD
3367,7,4,1039.22,At-Risk,#BA7517
3368,80,11,1834.88,At-Risk,#BA7517
3369,232,4,496.95000000000005,New Customers,#7F77DD
3371,82,6,1022.3199999999999,At-Risk,#BA7517
3372,28,4,1069.78,At-Risk,#BA7517
3373,39,25,5543.49,At-Risk,#BA7517
3374,26,5,2189.5299999999997,At-Risk,#BA7517
3375,114,3,966.9700000000001,At-Risk,#BA7517
3376,31,3,266.15,At-Risk,#BA7517
3377,72,2,234.98000000000002,At-Risk,#BA7517
3378,32,2,211.01,At-Risk,#BA7517
3379,12,67,14473.39,Loyal Customers,#1D9E75
3380,77,3,433.66999999999996,At-Risk,#BA7517
3381,105,4,1080.66,At-Risk,#BA7517
3382,248,1,72.17,New Customers,#7F77DD
3383,29,2,561.53,At-Risk,#BA7517
3385,97,6,1771.01,At-Risk,#BA7517
3386,3,1,68.96,At-Risk,#BA7517
3387,7,1,61.32,At-Risk,#BA7517
3389,180,4,794.73,New Customers,#7F77DD
3390,166,4,1601.94,New Customers,#7F77DD
3391,99,6,982.97,At-Risk,#BA7517
3392,151,2,448.71000000000004,New Customers,#7F77DD
3393,211,1,202.99,New Customers,#7F77DD
3394,37,4,333.71000000000004,At-Risk,#BA7517
3395,161,1,108.16,New Customers,#7F77DD
3396,9,8,2788.16,At-Risk,#BA7517
3397,135,1,92.76,New Customers,#7F77DD
3399,154,3,363.87,New Customers,#7F77DD
3400,34,2,168.47,At-Risk,#BA7517
3401,14,4,808.3299999999999,At-Risk,#BA7517
3402,198,2,616.46,New Customers,#7F77DD
3403,2,6,1310.1200000000001,At-Risk,#BA7517
3404,85,4,576.14,At-Risk,#BA7517
3405,148,2,403.43,New Customers,#7F77DD
3407,12,2,305.51,At-Risk,#BA7517
3408,225,2,846.0,New Customers,#7F77DD
3409,179,2,249.16000000000003,New Customers,#7F77DD
3410,36,2,304.1,At-Risk,#BA7517
3411,3,5,678.7,At-Risk,#BA7517
3412,182,1,84.85,New Customers,#7F77DD
3414,27,5,693.9300000000001,At-Risk,#BA7517
3415,86,4,1336.17,At-Risk,#BA7517
3416,313,1,186.31,New Customers,#7F77DD
3417,78,7,1083.45,At-Risk,#BA7517
3418,97,5,1326.08,At-Risk,#BA7517
3419,11,4,320.35,At-Risk,#BA7517
3420,57,4,450.18,At-Risk,#BA7517
3421,127,6,1028.06,At-Risk,#BA7517
3422,13,3,645.22,At-Risk,#BA7517
3423,20,6,1155.08,At-Risk,#BA7517
3424,100,4,970.58,At-Risk,#BA7517
3425,63,3,445.94,At-Risk,#BA7517
3426,42,4,1380.35,At-Risk,#BA7517
3427,180,2,114.00999999999999,New Customers,#7F77DD
3428,123,3,776.24,At-Risk,#BA7517
3429,49,2,123.69999999999999,At-Risk,#BA7517
3430,152,6,1285.53,New Customers,#7F77DD
3431,46,2,310.19,At-Risk,#BA7517
3432,182,4,1361.32,New Customers,#7F77DD
3433,293,1,86.44,New Customers,#7F77DD
3434,50,5,1037.92,At-Risk,#BA7517
3435,112,3,466.58,At-Risk,#BA7517
3436,18,3,213.06,At-Risk,#BA7517
3437,45,3,330.84,At-Risk,#BA7517
3438,74,7,1103.72,At-Risk,#BA7517
3440,102,3,673.31,At-Risk,#BA7517
3441,78,5,2644.7171993267602,At-Risk,#BA7517
3442,15,5,676.46,At-Risk,#BA7517
3443,237,2,191.64,New Customers,#7F77DD
3444,8,1,196.5,At-Risk,#BA7517
3445,137,2,305.77,New Customers,#7F77DD
3446,16,3,784.4399999999999,At-Risk,#BA7517
3447,3,14,3468.49,At-Risk,#BA7517
3448,145,2,455.03,New Customers,#7F77DD
3449,93,1,124.48,At-Risk,#BA7517
3450,65,2,527.61,At-Risk,#BA7517
3452,62,12,3543.07,At-Risk,#BA7517
3453,86,2,249.93,At-Risk,#BA7517
3454,273,1,71.41,New Customers,#7F77DD
3455,100,3,711.37,At-Risk,#BA7517
3456,7,2,510.19,At-Risk,#BA7517
3457,6,2,900.62,At-Risk,#BA7517
3458,41,2,826.04,At-Risk,#BA7517
3459,23,3,429.54,At-Risk,#BA7517
3460,80,3,289.15999999999997,At-Risk,#BA7517
3461,168,1,381.93,New Customers,#7F77DD
3462,64,1,442.34,At-Risk,#BA7517
3463,184,2,694.9499999999999,New Customers,#7F77DD
3464,73,1,259.62,At-Risk,#BA7517
3465,25,3,581.13,At-Risk,#BA7517
3467,322,1,134.79,New Customers,#7F77DD
3468,321,1,271.14,New Customers,#7F77DD
3470,81,2,699.44,At-Risk,#BA7517
3471,20,8,925.63,At-Risk,#BA7517
3472,7,5,1050.98,At-Risk,#BA7517
3473,34,6,677.87,At-Risk,#BA7517
3474,178,3,1103.02,New Customers,#7F77DD
3475,19,8,1566.5,At-Risk,#BA7517
3477,50,4,669.28,At-Risk,#BA7517
3479,303,1,152.04,New Customers,#7F77DD
3481,45,6,1932.41,At-Risk,#BA7517
3482,102,4,538.98,At-Risk,#BA7517
3483,233,2,777.12,New Customers,#7F77DD
3484,63,1,93.07,At-Risk,#BA7517
3485,13,10,1697.74,At-Risk,#BA7517
3486,26,4,325.66999999999996,At-Risk,#BA7517
3487,252,1,117.31,New Customers,#7F77DD
3488,105,1,254.85,At-Risk,#BA7517
3489,125,1,186.26,At-Risk,#BA7517
3492,54,2,279.95000000000005,At-Risk,#BA7517
3493,176,1,49.23,New Customers,#7F77DD
3494,239,1,408.44,New Customers,#7F77DD
3496,69,10,1600.16,At-Risk,#BA7517
3497,17,2,367.75,At-Risk,#BA7517
3498,283,1,78.21,New Customers,#7F77DD
3499,170,3,461.40000000000003,New Customers,#7F77DD
3500,194,3,225.43,New Customers,#7F77DD
3501,19,2,149.29000000000002,At-Risk,#BA7517
3502,117,2,249.66000000000003,At-Risk,#BA7517
3503,274,1,285.75,New Customers,#7F77DD
3504,76,6,2059.7200000000003,At-Risk,#BA7517
3505,15,2,179.21,At-Risk,#BA7517
3506,158,2,700.4000000000001,New Customers,#7F77DD
3508,364,1,160.96,New Customers,#7F77DD
3509,40,3,385.5,At-Risk,#BA7517
3510,25,11,2572.53,At-Risk,#BA7517
3511,242,2,308.8,New Customers,#7F77DD
3512,84,1,221.19,At-Risk,#BA7517
3513,40,7,935.58,At-Risk,#BA7517
3514,68,3,626.14,At-Risk,#BA7517
3515,1,34,4672.97,At-Risk,#BA7517
3516,17,5,838.83,At-Risk,#BA7517
3518,167,2,203.7,New Customers,#7F77DD
3519,116,3,2452.7842683635663,At-Risk,#BA7517
3520,201,3,464.52,New Customers,#7F77DD
3521,153,3,512.14,New Customers,#7F77DD
3522,3,4,514.13,At-Risk,#BA7517
3523,11,2,1427.65,At-Risk,#BA7517
3524,16,4,604.1800000000001,At-Risk,#BA7517
3525,56,5,997.46,At-Risk,#BA7517
3526,154,7,683.1800000000001,New Customers,#7F77DD
3528,64,1,522.66,At-Risk,#BA7517
3530,9,1,335.06,At-Risk,#BA7517
3531,73,3,716.21,At-Risk,#BA7517
3535,112,2,384.42999999999995,At-Risk,#BA7517
3536,351,1,131.08,New Customers,#7F77DD
3537,16,25,5206.57,At-Risk,#BA7517
3539,75,1,80.54,At-Risk,#BA7517
3540,85,2,115.91,At-Risk,#BA7517
3541,114,1,143.42,At-Risk,#BA7517
3542,244,1,67.07,New Customers,#7F77DD
3543,140,2,1166.51,New Customers,#7F77DD
3544,103,2,139.84,At-Risk,#BA7517
3545,111,5,889.0799999999999,At-Risk,#BA7517
3546,364,1,28.98,New Customers,#7F77DD
3547,215,1,184.59,New Customers,#7F77DD
3548,52,4,622.0799999999999,At-Risk,#BA7517
3550,243,1,42.87,New Customers,#7F77DD
3551,51,3,636.78,At-Risk,#BA7517
3552,46,6,1343.19,At-Risk,#BA7517
3553,63,1,68.31,At-Risk,#BA7517
3554,236,1,364.36,New Customers,#7F77DD
3556,203,2,222.13,New Customers,#7F77DD
3557,251,1,62.4,New Customers,#7F77DD
3558,27,8,1745.3,At-Risk,#BA7517
3559,73,1,566.72,At-Risk,#BA7517
3561,335,1,291.09,New Customers,#7F77DD
3562,208,4,456.18,New Customers,#7F77DD
3563,354,1,34.54,New Customers,#7F77DD
3564,79,6,619.27,At-Risk,#BA7517
3565,59,2,180.53,At-Risk,#BA7517
3566,18,3,490.47,At-Risk,#BA7517
3567,284,3,312.46000000000004,New Customers,#7F77DD
3568,198,3,1232.69,New Customers,#7F77DD
3569,184,2,386.5,New Customers,#7F77DD
3570,80,2,269.21999999999997,At-Risk,#BA7517
3571,160,2,235.07999999999998,New Customers,#7F77DD
3572,92,5,508.11,At-Risk,#BA7517
3573,71,1,34.83,At-Risk,#BA7517
3575,222,2,371.13,New Customers,#7F77DD
3576,47,8,1528.81,At-Risk,#BA7517
3577,45,6,1198.47,At-Risk,#BA7517
3578,39,2,248.03,At-Risk,#BA7517
3579,1,23,6329.98,At-Risk,#BA7517
3580,27,5,639.6700000000001,At-Risk,#BA7517
3581,245,5,1704.01,New Customers,#7F77DD
3582,130,5,838.76,At-Risk,#BA7517
3583,60,1,336.46,At-Risk,#BA7517
3584,58,7,1496.6599999999999,At-Risk,#BA7517
3585,64,1,84.74,At-Risk,#BA7517
3586,26,1,41.52,At-Risk,#BA7517
3587,82,1,48.92,At-Risk,#BA7517
3588,182,2,192.89,New Customers,#7F77DD
3589,247,1,55.4,New Customers,#7F77DD
3590,31,9,1884.04,At-Risk,#BA7517
3591,72,2,164.99,At-Risk,#BA7517
3592,120,4,392.95,At-Risk,#BA7517
3593,74,8,1225.5700000000002,At-Risk,#BA7517
3594,135,1,94.11,New Customers,#7F77DD
3595,32,2,394.77,At-Risk,#BA7517
3596,19,3,336.87,At-Risk,#BA7517
3597,62,1,138.52,At-Risk,#BA7517
3598,356,1,44.93,New Customers,#7F77DD
3599,38,3,339.5,At-Risk,#BA7517
3600,180,2,328.38,New Customers,#7F77DD
3601,125,1,71.68,At-Risk,#BA7517
3603,56,2,337.87,At-Risk,#BA7517
3604,217,1,167.22,New Customers,#7F77DD
3605,55,6,1151.94,At-Risk,#BA7517
3607,138,1,559.56,New Customers,#7F77DD
3608,63,4,1082.97,At-Risk,#BA7517
3610,113,3,1081.52,At-Risk,#BA7517
3611,177,4,474.05,New Customers,#7F77DD
3612,19,3,337.56,At-Risk,#BA7517
3613,132,3,220.18,New Customers,#7F77DD
3614,52,2,172.87,At-Risk,#BA7517
3615,185,1,907.96,New Customers,#7F77DD
3616,60,1,41.79,At-Risk,#BA7517
3619,263,2,382.48,New Customers,#7F77DD
3620,5,35,8693.65,At-Risk,#BA7517
3621,24,5,1535.1599999999999,At-Risk,#BA7517
3623,12,4,1637.38,At-Risk,#BA7517
3624,77,4,286.07,At-Risk,#BA7517
3625,70,1,305.16,At-Risk,#BA7517
3626,78,3,625.0200000000001,At-Risk,#BA7517
3627,8,6,2115.05,At-Risk,#BA7517
3628,253,1,88.23,New Customers,#7F77DD
3629,7,2,253.64999999999998,At-Risk,#BA7517
3630,76,10,1899.45,At-Risk,#BA7517
3631,22,5,1423.41,At-Risk,#BA7517
3632,197,2,625.51,New Customers,#7F77DD
3633,178,1,70.86,New Customers,#7F77DD
3634,9,2,687.04,At-Risk,#BA7517
3635,135,3,493.90999999999997,New Customers,#7F77DD
3636,135,3,625.12,New Customers,#7F77DD
3638,135,2,201.74,New Customers,#7F77DD
3639,41,1,276.12,At-Risk,#BA7517
3640,141,1,213.31,New Customers,#7F77DD
3641,131,2,1046.62,At-Risk,#BA7517
3642,217,1,87.24,New Customers,#7F77DD
3643,148,4,438.86,New Customers,#7F77DD
3644,75,3,522.8199999999999,At-Risk,#BA7517
3645,105,3,829.1,At-Risk,#BA7517
3646,40,7,1162.96,At-Risk,#BA7517
3647,71,1,344.0,At-Risk,#BA7517
3648,55,3,428.36,At-Risk,#BA7517
3650,230,1,57.58,New Customers,#7F77DD
3651,49,5,2533.7000000000003,At-Risk,#BA7517
3652,256,1,123.9,New Customers,#7F77DD
3654,60,5,1261.4499999999998,At-Risk,#BA7517
3655,24,2,190.88,At-Risk,#BA7517
3658,133,2,212.39999999999998,New Customers,#7F77DD
3659,188,3,351.53,New Customers,#7F77DD
3660,232,1,62.31,New Customers,#7F77DD
3661,338,1,93.32,New Customers,#7F77DD
3662,61,4,849.05,At-Risk,#BA7517
3663,13,2,380.92,At-Risk,#BA7517
3664,28,3,378.41,At-Risk,#BA7517
3665,3,10,2241.65,At-Risk,#BA7517
3666,221,3,367.98,New Customers,#7F77DD
3667,172,1,767.96,New Customers,#7F77DD
3668,121,1,775.17,At-Risk,#BA7517
3669,126,3,599.71,At-Risk,#BA7517
3670,217,4,562.18,New Customers,#7F77DD
3671,196,1,526.5,New Customers,#7F77DD
3672,113,2,799.6199999999999,At-Risk,#BA7517
3673,71,4,1020.7765576567824,At-Risk,#BA7517
3674,105,3,320.12,At-Risk,#BA7517
3675,260,1,162.5,New Customers,#7F77DD
3676,124,3,220.17,At-Risk,#BA7517
3677,32,3,497.7,At-Risk,#BA7517
3678,90,4,404.5,At-Risk,#BA7517
3679,12,9,1235.51,At-Risk,#BA7517
3680,194,2,163.54000000000002,New Customers,#7F77DD
3684,58,1,646.56,At-Risk,#BA7517
3685,44,2,335.43,At-Risk,#BA7517
3686,3,20,3717.65,At-Risk,#BA7517
3690,310,2,438.49,New Customers,#7F77DD
3691,137,2,195.79000000000002,New Customers,#7F77DD
3692,17,12,2711.06,At-Risk,#BA7517
3695,168,1,300.04,New Customers,#7F77DD
3696,29,2,447.42,At-Risk,#BA7517
3697,31,9,1496.34,At-Risk,#BA7517
3698,307,1,205.38,New Customers,#7F77DD
3699,1,3,425.71999999999997,At-Risk,#BA7517
3701,257,5,1431.88,New Customers,#7F77DD
3702,73,3,425.13,At-Risk,#BA7517
3703,13,11,3155.8,At-Risk,#BA7517
3704,171,1,128.4,New Customers,#7F77DD
3705,63,2,266.39,At-Risk,#BA7517
3706,53,2,217.98,At-Risk,#BA7517
3707,125,3,402.9,At-Risk,#BA7517
3708,350,2,241.56,New Customers,#7F77DD
3709,47,2,812.38,At-Risk,#BA7517
3710,2,3,1363.75,At-Risk,#BA7517
3711,8,3,915.87,At-Risk,#BA7517
3712,1,66,13606.6,At-Risk,#BA7517
3713,236,1,105.18,New Customers,#7F77DD
3714,4,8,1345.49,At-Risk,#BA7517
3715,145,1,474.08,New Customers,#7F77DD
3716,68,6,936.51,At-Risk,#BA7517
3717,15,15,3174.48,At-Risk,#BA7517
3719,143,5,725.6,New Customers,#7F77DD
3721,313,1,60.58,New Customers,#7F77DD
3722,140,2,113.07,New Customers,#7F77DD
3723,11,4,380.44,At-Risk,#BA7517
3724,2,1,40.14,At-Risk,#BA7517
3725,62,2,329.4,At-Risk,#BA7517
3726,202,2,245.26000000000002,New Customers,#7F77DD
3727,41,12,1832.21,At-Risk,#BA7517
3728,6,6,1477.53,At-Risk,#BA7517
3729,274,2,262.39,New Customers,#7F77DD
3730,202,3,721.83,New Customers,#7F77DD
3731,33,23,4832.66,At-Risk,#BA7517
3732,107,2,219.91,At-Risk,#BA7517
3733,35,2,341.4,At-Risk,#BA7517
3734,50,4,570.39,At-Risk,#BA7517
3735,4,14,3765.4,At-Risk,#BA7517
3736,187,4,1537.3700000000001,New Customers,#7F77DD
3737,101,3,752.4399999999999,At-Risk,#BA7517
3738,32,3,414.31,At-Risk,#BA7517
3739,3,3,356.43,At-Risk,#BA7517
3741,139,3,216.16000000000003,New Customers,#7F77DD
3742,170,3,560.59,New Customers,#7F77DD
3743,43,3,850.2599999999999,At-Risk,#BA7517
3744,47,2,276.94,At-Risk,#BA7517
3745,192,1,369.8,New Customers,#7F77DD
3746,295,2,134.93,New Customers,#7F77DD
3748,4,5,1145.78,At-Risk,#BA7517
3749,312,1,1329.85,New Customers,#7F77DD
3752,52,5,477.9,At-Risk,#BA7517
3753,135,3,1977.9822179672685,At-Risk,#BA7517
3754,150,2,426.63,New Customers,#7F77DD
3755,52,1,80.55,At-Risk,#BA7517
3756,87,3,491.83,At-Risk,#BA7517
3757,23,6,954.6400000000001,At-Risk,#BA7517
3758,177,2,316.33,New Customers,#7F77DD
3759,175,2,251.75,New Customers,#7F77DD
3760,13,4,443.1,At-Risk,#BA7517
3761,95,3,611.79,At-Risk,#BA7517
3762,43,8,2048.0,At-Risk,#BA7517
3763,224,2,466.79999999999995,New Customers,#7F77DD
3765,277,2,400.16,New Customers,#7F77DD
3766,23,3,567.73,At-Risk,#BA7517
3767,54,2,348.28,At-Risk,#BA7517
3768,175,3,1700.93,New Customers,#7F77DD
3769,125,2,257.46,At-Risk,#BA7517
3770,95,2,377.51,At-Risk,#BA7517
3772,65,2,468.91999999999996,At-Risk,#BA7517
3774,104,1,235.15,At-Risk,#BA7517
3775,252,3,1054.08,New Customers,#7F77DD
3776,29,4,1101.47,At-Risk,#BA7517
3778,194,2,201.61,New Customers,#7F77DD
3780,267,1,125.96,New Customers,#7F77DD
3781,44,5,1187.18,At-Risk,#BA7517
3783,26,3,461.36999999999995,At-Risk,#BA7517
3784,86,1,170.04,At-Risk,#BA7517
3785,2,15,3596.21,At-Risk,#BA7517
3786,24,6,1185.44,At-Risk,#BA7517
3787,35,9,1765.14,At-Risk,#BA7517
3788,48,1,224.53,At-Risk,#BA7517
3789,30,6,1743.27,At-Risk,#BA7517
3790,56,5,1628.56,At-Risk,#BA7517
3791,187,3,379.17,New Customers,#7F77DD
3792,198,2,179.87,New Customers,#7F77DD
3793,33,1,62.51,At-Risk,#BA7517
3794,4,5,922.94,At-Risk,#BA7517
3795,1,6,1739.1399999999999,At-Risk,#BA7517
3796,94,3,610.03,At-Risk,#BA7517
3797,78,2,265.41,At-Risk,#BA7517
3798,202,1,121.5,New Customers,#7F77DD
3799,58,7,1470.6,At-Risk,#BA7517
3800,122,1,185.15,At-Risk,#BA7517
3801,209,2,313.43,New Customers,#7F77DD
3802,207,1,454.1,New Customers,#7F77DD
3803,214,9,886.87,New Customers,#7F77DD
3805,10,16,2893.43,At-Risk,#BA7517
3806,26,1,148.1,At-Risk,#BA7517
3807,208,1,426.26,New Customers,#7F77DD
3808,20,3,355.02,At-Risk,#BA7517
3809,203,1,169.83,New Customers,#7F77DD
3810,3,5,1226.39,At-Risk,#BA7517
3812,89,3,483.97999999999996,At-Risk,#BA7517
3814,75,2,244.5,At-Risk,#BA7517
3815,39,4,571.34,At-Risk,#BA7517
3816,33,7,1214.85,At-Risk,#BA7517
3817,26,3,568.24,At-Risk,#BA7517
3818,259,1,96.62,New Customers,#7F77DD
3820,320,1,223.48,New Customers,#7F77DD
3821,33,3,716.23,At-Risk,#BA7517
3825,103,4,474.15999999999997,At-Risk,#BA7517
3826,115,3,490.69,At-Risk,#BA7517
3827,47,3,517.27,At-Risk,#BA7517
3828,147,2,740.0500000000001,New Customers,#7F77DD
3829,102,4,508.18999999999994,At-Risk,#BA7517
3830,77,1,89.67,At-Risk,#BA7517
3831,224,3,732.38,New Customers,#7F77DD
3832,13,2,244.3,At-Risk,#BA7517
3833,164,2,466.87,New Customers,#7F77DD
3834,122,2,359.0,At-Risk,#BA7517
3835,5,5,945.89,At-Risk,#BA7517
3836,51,13,2468.98,At-Risk,#BA7517
3837,3,3,457.78999999999996,At-Risk,#BA7517
3838,144,3,378.77,New Customers,#7F77DD
3839,14,1,365.0,At-Risk,#BA7517
3840,297,1,102.16,New Customers,#7F77DD
3841,134,1,212.8,New Customers,#7F77DD
3842,336,1,145.58,New Customers,#7F77DD
3843,113,3,376.84,At-Risk,#BA7517
3844,38,3,269.38,At-Risk,#BA7517
3845,72,1,94.98,At-Risk,#BA7517
3847,28,10,1806.71,At-Risk,#BA7517
3848,99,3,1019.78,At-Risk,#BA7517
3849,266,1,50.02,New Customers,#7F77DD
3850,217,1,237.95,New Customers,#7F77DD
3851,134,3,776.47,New Customers,#7F77DD
3852,6,8,1987.8600000000001,At-Risk,#BA7517
3854,5,3,526.3,At-Risk,#BA7517
3859,98,3,349.63,At-Risk,#BA7517
3860,4,15,3140.1800000000003,At-Risk,#BA7517
3861,329,1,64.77,New Customers,#7F77DD
3862,71,5,2369.78,At-Risk,#BA7517
3863,46,11,1691.3,At-Risk,#BA7517
3864,153,1,597.0,New Customers,#7F77DD
3865,55,2,654.74,At-Risk,#BA7517
3866,177,1,53.74,New Customers,#7F77DD
3867,48,2,513.72,At-Risk,#BA7517
3868,44,4,563.63,At-Risk,#BA7517
3869,23,4,912.33,At-Risk,#BA7517
3870,71,4,744.94,At-Risk,#BA7517
3872,307,1,79.75,New Customers,#7F77DD
3873,132,2,446.47,New Customers,#7F77DD
3874,133,5,548.0,At-Risk,#BA7517
3875,33,3,824.9,At-Risk,#BA7517
3876,52,4,731.33,At-Risk,#BA7517
3877,62,3,677.9300000000001,At-Risk,#BA7517
3878,15,4,667.35,At-Risk,#BA7517
3879,5,12,1451.62,At-Risk,#BA7517
3880,8,51,8960.11,At-Risk,#BA7517
3882,194,1,69.19,New Customers,#7F77DD
3883,18,3,861.48,At-Risk,#BA7517
3884,17,55,10219.17,At-Risk,#BA7517
3885,54,2,643.96,At-Risk,#BA7517
3887,207,1,53.78,New Customers,#7F77DD
3888,140,1,110.64,New Customers,#7F77DD
3889,1,7,1176.7,At-Risk,#BA7517
3891,32,2,171.01,At-Risk,#BA7517
3893,147,1,226.31,New Customers,#7F77DD
3894,141,5,1491.56,New Customers,#7F77DD
3895,47,9,1299.71,At-Risk,#BA7517
3897,27,12,3030.62,At-Risk,#BA7517
3898,166,1,167.78,New Customers,#7F77DD
3899,65,3,1649.3665171984412,At-Risk,#BA7517
3900,151,3,2099.04,New Customers,#7F77DD
3901,233,2,444.31,New Customers,#7F77DD
3902,13,2,933.24,At-Risk,#BA7517
3903,105,3,337.07,At-Risk,#BA7517
3904,311,1,385.88,New Customers,#7F77DD
3905,167,3,691.8199999999999,New Customers,#7F77DD
3906,80,5,919.51,At-Risk,#BA7517
3907,101,4,1247.83,At-Risk,#BA7517
3908,61,3,511.15,At-Risk,#BA7517
3911,130,2,127.81,New Customers,#7F77DD
3913,9,3,849.51,At-Risk,#BA7517
3914,123,1,178.1,At-Risk,#BA7517
3915,114,3,235.3,At-Risk,#BA7517
3916,21,2,552.7,At-Risk,#BA7517
3917,50,4,1003.69,At-Risk,#BA7517
3918,198,2,171.05,New Customers,#7F77DD
3919,57,1,169.04,At-Risk,#BA7517
3920,128,2,93.1,At-Risk,#BA7517
3921,246,1,293.48,New Customers,#7F77DD
3922,81,3,448.81,At-Risk,#BA7517
3923,60,3,944.89,At-Risk,#BA7517
3924,211,1,121.2,New Customers,#7F77DD
3925,15,5,778.8,At-Risk,#BA7517
3926,246,1,292.48,New Customers,#7F77DD
3927,143,2,498.08000000000004,New Customers,#7F77DD
3929,184,2,186.69,New Customers,#7F77DD
3930,80,3,465.52,At-Risk,#BA7517
3931,124,5,1502.22,At-Risk,#BA7517
3932,12,2,792.73,At-Risk,#BA7517
3933,100,1,162.72,At-Risk,#BA7517
3934,35,3,305.97,At-Risk,#BA7517
3935,177,2,331.54,New Customers,#7F77DD
3936,130,2,348.78,At-Risk,#BA7517
3937,178,2,943.25,New Customers,#7F77DD
3939,210,1,60.06,New Customers,#7F77DD
3940,105,4,612.44,At-Risk,#BA7517
3941,203,2,575.26,New Customers,#7F77DD
3942,132,1,339.12,New Customers,#7F77DD
3943,5,32,7492.5,At-Risk,#BA7517
3944,242,3,699.51,New Customers,#7F77DD
3945,6,22,3493.18,At-Risk,#BA7517
3946,40,2,380.03999999999996,At-Risk,#BA7517
3947,11,7,2695.08,At-Risk,#BA7517
3948,54,1,147.94,At-Risk,#BA7517
3949,95,4,726.52,At-Risk,#BA7517
3950,110,3,323.21,At-Risk,#BA7517
3951,34,2,250.64999999999998,At-Risk,#BA7517
3952,112,3,748.93,At-Risk,#BA7517
3953,100,7,1787.02,At-Risk,#BA7517
3954,25,4,859.63,At-Risk,#BA7517
3956,5,11,2492.5,At-Risk,#BA7517
3957,15,3,343.56,At-Risk,#BA7517
3958,207,2,827.71,New Customers,#7F77DD
3960,264,2,345.7,New Customers,#7F77DD
3961,36,2,152.18,At-Risk,#BA7517
3963,17,2,234.58,At-Risk,#BA7517
3964,31,18,3861.26,At-Risk,#BA7517
3965,35,5,612.56,At-Risk,#BA7517
3967,59,1,202.26,At-Risk,#BA7517
3968,112,2,988.5352119494203,At-Risk,#BA7517
3969,210,1,211.35,New Customers,#7F77DD
3970,55,3,960.87,At-Risk,#BA7517
3971,228,3,319.68,New Customers,#7F77DD
3972,56,2,265.16,At-Risk,#BA7517
3973,45,6,1296.28,At-Risk,#BA7517
3974,28,4,923.96,At-Risk,#BA7517
3975,117,1,410.94,At-Risk,#BA7517
3976,39,8,2542.58,At-Risk,#BA7517
3977,256,1,167.2,New Customers,#7F77DD
3978,23,12,3668.7481451688714,At-Risk,#BA7517
3979,144,2,375.53999999999996,New Customers,#7F77DD
3981,127,1,181.16,At-Risk,#BA7517
3982,50,1,334.85,At-Risk,#BA7517
3984,161,1,156.81,New Customers,#7F77DD
3985,15,5,618.25,At-Risk,#BA7517
3986,192,1,35.17,New Customers,#7F77DD
3987,180,1,184.0,New Customers,#7F77DD
3989,31,19,4602.53,At-Risk,#BA7517
3990,147,1,67.64,New Customers,#7F77DD
3991,51,2,567.86,At-Risk,#BA7517
3992,105,2,288.93,At-Risk,#BA7517
3993,43,4,428.94,At-Risk,#BA7517
3994,104,5,570.1,At-Risk,#BA7517
3995,17,8,1583.09,At-Risk,#BA7517
3996,328,1,34.91,New Customers,#7F77DD
3997,241,1,111.42,New Customers,#7F77DD
3998,30,3,255.25,At-Risk,#BA7517
3999,105,11,1393.17,At-Risk,#BA7517
4000,136,9,2434.6,At-Risk,#BA7517
4001,161,3,739.53,New Customers,#7F77DD
4004,76,2,278.47,At-Risk,#BA7517
4005,315,1,63.88,New Customers,#7F77DD
4006,269,1,710.4,New Customers,#7F77DD
4007,338,1,253.82,New Customers,#7F77DD
4008,136,1,118.31,New Customers,#7F77DD
4009,175,3,547.64,New Customers,#7F77DD
4011,301,1,55.98,New Customers,#7F77DD
4012,71,4,563.86,At-Risk,#BA7517
4013,134,2,555.94,New Customers,#7F77DD
4014,51,9,1480.21,At-Risk,#BA7517
4015,148,2,214.03,New Customers,#7F77DD
4016,116,1,82.5,At-Risk,#BA7517
4017,86,3,908.47,At-Risk,#BA7517
4018,105,3,299.54,At-Risk,#BA7517
4019,192,1,288.15,New Customers,#7F77DD
4021,111,2,371.58,At-Risk,#BA7517
4022,8,5,1128.75,At-Risk,#BA7517
4023,60,1,791.04,At-Risk,#BA7517
4024,65,4,328.64,At-Risk,#BA7517
4025,6,6,1108.12,At-Risk,#BA7517
4026,78,3,709.18,At-Risk,#BA7517
4027,83,1,176.99,At-Risk,#BA7517
4029,8,5,1158.38,At-Risk,#BA7517
4030,198,1,58.09,New Customers,#7F77DD
4031,31,6,980.5,At-Risk,#BA7517
4032,51,12,2242.99,At-Risk,#BA7517
4034,148,1,688.24,New Customers,#7F77DD
4035,246,1,126.72,New Customers,#7F77DD
4036,116,2,329.76,At-Risk,#BA7517
4037,76,2,264.57,At-Risk,#BA7517
4039,239,1,88.48,New Customers,#7F77DD
4040,25,3,260.45,At-Risk,#BA7517
4041,113,2,646.4,At-Risk,#BA7517
4043,137,1,152.97,New Customers,#7F77DD
4044,24,5,986.26,At-Risk,#BA7517
4045,11,11,1947.68,At-Risk,#BA7517
4046,157,4,734.67,New Customers,#7F77DD
4047,89,1,89.11,At-Risk,#BA7517
4049,91,1,367.92,At-Risk,#BA7517
4050,199,2,145.05,New Customers,#7F77DD
4051,53,19,2728.73,At-Risk,#BA7517
4052,69,1,152.4,At-Risk,#BA7517
4053,253,1,77.22,New Customers,#7F77DD
4054,7,2,403.35,At-Risk,#BA7517
4055,10,7,1195.56,At-Risk,#BA7517
4059,115,2,428.35,At-Risk,#BA7517
4060,2,5,722.31,At-Risk,#BA7517
4061,40,1,31.65,At-Risk,#BA7517
4062,130,3,903.55,At-Risk,#BA7517
4063,72,5,527.66,At-Risk,#BA7517
4064,244,1,44.88,New Customers,#7F77DD
4065,47,7,1019.6700000000001,At-Risk,#BA7517
4066,61,3,624.1899999999999,At-Risk,#BA7517
4067,9,4,376.04,At-Risk,#BA7517
4068,179,1,1424.6,New Customers,#7F77DD
4069,330,1,51.03,New Customers,#7F77DD
4070,105,1,736.86,At-Risk,#BA7517
4071,296,1,157.7,New Customers,#7F77DD
4072,54,5,488.75,At-Risk,#BA7517
4074,90,2,732.5300000000001,At-Risk,#BA7517
4075,21,3,391.24,At-Risk,#BA7517
4076,30,5,532.8,At-Risk,#BA7517
4077,227,2,1231.24,New Customers,#7F77DD
4078,2,7,1502.05,At-Risk,#BA7517
4079,42,4,451.88,At-Risk,#BA7517
4080,57,3,145.7,At-Risk,#BA7517
4081,45,5,746.89,At-Risk,#BA7517
4082,11,3,233.27,At-Risk,#BA7517
4083,7,1,482.85,At-Risk,#BA7517
4084,32,4,388.48,At-Risk,#BA7517
4085,62,1,212.58,At-Risk,#BA7517
4086,31,2,447.29999999999995,At-Risk,#BA7517
4087,12,6,1058.83,At-Risk,#BA7517
4089,46,4,960.34,At-Risk,#BA7517
4090,38,2,155.53,At-Risk,#BA7517
4091,343,1,202.87,New Customers,#7F77DD
4092,5,6,1650.99,At-Risk,#BA7517
4093,166,1,475.38,New Customers,#7F77DD
4094,27,1,73.38,At-Risk,#BA7517
4095,152,3,600.55,New Customers,#7F77DD
4096,3,27,5110.5599999999995,At-Risk,#BA7517
4097,123,4,1593.8,At-Risk,#BA7517
4098,199,2,241.19,New Customers,#7F77DD
4099,226,1,438.96,New Customers,#7F77DD
4101,19,9,1966.29,At-Risk,#BA7517
4102,13,3,516.27,At-Risk,#BA7517
4103,59,3,1120.46,At-Risk,#BA7517
4104,30,4,632.22,At-Risk,#BA7517
4105,181,1,741.68,New Customers,#7F77DD
4106,64,2,280.23,At-Risk,#BA7517
4107,100,2,582.25,At-Risk,#BA7517
4108,33,4,797.97,At-Risk,#BA7517
4109,138,2,1455.6664878400277,New Customers,#7F77DD
4110,28,4,1036.72,At-Risk,#BA7517
4111,203,3,470.76,New Customers,#7F77DD
4112,69,7,1392.88,At-Risk,#BA7517
4113,36,3,783.87,At-Risk,#BA7517
4114,204,4,722.19,New Customers,#7F77DD
4116,14,5,668.62,At-Risk,#BA7517
4117,168,3,577.86,New Customers,#7F77DD
4118,2,3,256.58,At-Risk,#BA7517
4119,237,1,97.96,New Customers,#7F77DD
4120,88,3,769.0,At-Risk,#BA7517
4121,48,3,1093.95,At-Risk,#BA7517
4122,15,28,3834.75,At-Risk,#BA7517
4124,306,1,127.73,New Customers,#7F77DD
4125,57,2,248.20999999999998,At-Risk,#BA7517
4126,65,3,300.24,At-Risk,#BA7517
4127,42,3,558.73,At-Risk,#BA7517
4128,126,3,353.25,At-Risk,#BA7517
4130,4,33,5767.93,At-Risk,#BA7517
4131,18,4,1090.54,At-Risk,#BA7517
4133,50,9,1883.9,At-Risk,#BA7517
4134,59,3,555.08,At-Risk,#BA7517
4135,60,3,593.24,At-Risk,#BA7517
4136,115,2,227.42000000000002,At-Risk,#BA7517
4137,46,3,417.01,At-Risk,#BA7517
4138,164,4,883.45,New Customers,#7F77DD
4139,311,1,63.99,New Customers,#7F77DD
4140,163,1,353.82,New Customers,#7F77DD
4142,195,1,185.56,New Customers,#7F77DD
4143,199,3,431.42999999999995,New Customers,#7F77DD
4144,12,2,382.65000000000003,At-Risk,#BA7517
4145,108,3,224.84000000000003,At-Risk,#BA7517
4146,16,1,112.08,At-Risk,#BA7517
4147,306,1,51.19,New Customers,#7F77DD
4148,66,1,403.3,At-Risk,#BA7517
4150,228,1,362.02,New Customers,#7F77DD
4152,259,3,291.76,New Customers,#7F77DD
4153,1,19,2603.67,At-Risk,#BA7517
4154,9,2,263.09,At-Risk,#BA7517
4155,86,10,2285.37,At-Risk,#BA7517
4156,4,4,1185.8,At-Risk,#BA7517
4157,27,4,1582.25,At-Risk,#BA7517
4158,144,2,457.5,New Customers,#7F77DD
4159,148,4,536.67,New Customers,#7F77DD
4160,121,7,1188.53,At-Risk,#BA7517
4161,106,3,400.25,At-Risk,#BA7517
4162,23,8,726.19,At-Risk,#BA7517
4164,30,3,571.08,At-Risk,#BA7517
4165,287,1,31.69,New Customers,#7F77DD
4166,30,4,1264.36,At-Risk,#BA7517
4167,54,1,67.86,At-Risk,#BA7517
4168,8,7,1914.3400000000001,At-Risk,#BA7517
4169,110,1,828.68,At-Risk,#BA7517
4170,75,1,29.51,At-Risk,#BA7517
4171,88,18,4013.75,At-Risk,#BA7517
4172,156,5,820.87,New Customers,#7F77DD
4173,100,5,849.58,At-Risk,#BA7517
4174,209,3,268.28,New Customers,#7F77DD
4175,318,2,255.36,New Customers,#7F77DD
4176,104,4,337.34000000000003,At-Risk,#BA7517
4177,34,3,382.20000000000005,At-Risk,#BA7517
4178,179,2,429.35,New Customers,#7F77DD
4179,26,1,135.5,At-Risk,#BA7517
4180,230,2,242.16,New Customers,#7F77DD
4181,100,2,376.21,At-Risk,#BA7517
4182,48,3,805.43,At-Risk,#BA7517
4183,5,3,1280.67,At-Risk,#BA7517
4184,59,3,412.14,At-Risk,#BA7517
4185,344,1,118.12,New Customers,#7F77DD
4186,98,3,438.69,At-Risk,#BA7517
4187,342,1,159.05,New Customers,#7F77DD
4188,307,1,63.97,New Customers,#7F77DD
4189,266,2,327.09,New Customers,#7F77DD
4190,74,2,342.79999999999995,At-Risk,#BA7517
4191,107,2,2100.7461011920673,At-Risk,#BA7517
4192,301,1,333.96,New Customers,#7F77DD
4193,93,5,429.34,At-Risk,#BA7517
4194,46,3,970.9200000000001,At-Risk,#BA7517
4195,99,1,386.68,At-Risk,#BA7517
4196,5,8,1125.04,At-Risk,#BA7517
4197,7,27,4439.02,At-Risk,#BA7517
4200,51,4,1243.19,At-Risk,#BA7517
4201,169,4,791.11,New Customers,#7F77DD
4202,115,1,204.78,At-Risk,#BA7517
4203,14,3,291.72,At-Risk,#BA7517
4204,232,1,101.61,New Customers,#7F77DD
4205,76,1,93.1,At-Risk,#BA7517
4206,7,7,1169.38,At-Risk,#BA7517
4207,143,3,396.69,New Customers,#7F77DD
4209,32,16,2357.09,At-Risk,#BA7517
4210,32,3,1573.35,At-Risk,#BA7517
4211,95,1,328.74,At-Risk,#BA7517
4213,40,2,965.33,At-Risk,#BA7517
4214,80,2,178.97,At-Risk,#BA7517
4215,45,2,435.49,At-Risk,#BA7517
4216,144,3,170.25,New Customers,#7F77DD
4217,104,3,447.14,At-Risk,#BA7517
4218,9,9,1979.48,At-Risk,#BA7517
4219,322,1,121.22,New Customers,#7F77DD
4220,10,15,3272.69,At-Risk,#BA7517
4221,243,1,51.18,New Customers,#7F77DD
4223,55,1,89.99,At-Risk,#BA7517
4224,130,2,357.8,At-Risk,#BA7517
4226,49,3,342.82,At-Risk,#BA7517
4227,3,23,4030.41,At-Risk,#BA7517
4228,17,3,379.65,At-Risk,#BA7517
4229,43,3,375.8,At-Risk,#BA7517
4230,11,4,395.06,At-Risk,#BA7517
4231,17,4,393.34000000000003,At-Risk,#BA7517
4232,312,1,28.05,New Customers,#7F77DD
4233,111,3,608.36,At-Risk,#BA7517
4234,188,1,74.52,New Customers,#7F77DD
4235,197,5,541.14,New Customers,#7F77DD
4236,203,1,161.02,New Customers,#7F77DD
4237,29,2,204.26,At-Risk,#BA7517
4238,8,4,952.99,At-Risk,#BA7517
4239,75,6,1588.91,At-Risk,#BA7517
4240,159,2,181.69,New Customers,#7F77DD
4241,94,5,1438.05,At-Risk,#BA7517
4242,45,2,388.53,At-Risk,#BA7517
4243,176,4,1162.2938582904849,New Customers,#7F77DD
4244,115,4,498.96000000000004,At-Risk,#BA7517
4245,62,1,75.24,At-Risk,#BA7517
4246,62,5,1850.88,At-Risk,#BA7517
4248,284,1,230.47,New Customers,#7F77DD
4249,5,5,537.62,At-Risk,#BA7517
4250,256,1,180.5,New Customers,#7F77DD
4253,38,6,846.6,At-Risk,#BA7517
4254,206,1,303.15,New Customers,#7F77DD
4255,47,7,1654.1499999999999,At-Risk,#BA7517
4256,22,5,1205.2,At-Risk,#BA7517
4257,135,1,152.72,New Customers,#7F77DD
4259,13,1,125.72,At-Risk,#BA7517
4260,47,4,991.99,At-Risk,#BA7517
4261,105,5,2144.17,At-Risk,#BA7517
4262,344,1,78.13,New Customers,#7F77DD
4263,34,3,569.22,At-Risk,#BA7517
4264,173,2,189.14,New Customers,#7F77DD
4265,19,4,1420.01,At-Risk,#BA7517
4266,248,1,213.8,New Customers,#7F77DD
4267,25,3,307.47,At-Risk,#BA7517
4268,39,1,84.68,At-Risk,#BA7517
4269,22,9,1465.15,At-Risk,#BA7517
4270,14,4,838.46,At-Risk,#BA7517
4271,85,2,657.6400000000001,At-Risk,#BA7517
4272,229,1,51.97,New Customers,#7F77DD
4273,23,7,914.14,At-Risk,#BA7517
4275,21,2,428.36,At-Risk,#BA7517
4277,27,11,1682.57,At-Risk,#BA7517
4278,74,2,561.3199999999999,At-Risk,#BA7517
4279,135,1,388.23,New Customers,#7F77DD
4280,94,1,286.2,At-Risk,#BA7517
4281,157,2,335.68,New Customers,#7F77DD
4282,361,1,481.84,New Customers,#7F77DD
4283,1,285,56508.21679609243,Loyal Customers,#1D9E75
4284,29,8,1938.78,At-Risk,#BA7517
4285,134,1,80.8,New Customers,#7F77DD
4286,17,6,946.88,At-Risk,#BA7517
4287,113,5,1110.87,At-Risk,#BA7517
4288,31,2,133.25,At-Risk,#BA7517
4289,198,1,220.94,New Customers,#7F77DD
4290,5,14,2173.61,At-Risk,#BA7517
4293,257,1,95.66,New Customers,#7F77DD
4294,194,1,163.04,New Customers,#7F77DD
4295,140,3,481.69,New Customers,#7F77DD
4296,109,2,409.98,At-Risk,#BA7517
4297,44,9,1397.88,At-Risk,#BA7517
4298,177,2,1185.52,New Customers,#7F77DD
4299,106,4,842.4200000000001,At-Risk,#BA7517
4301,106,5,603.97,At-Risk,#BA7517
4302,73,1,97.38,At-Risk,#BA7517
4303,259,1,144.19,New Customers,#7F77DD
4304,360,1,119.77,New Customers,#7F77DD
4305,29,1,396.08,At-Risk,#BA7517
4306,38,4,3647.6737123010553,At-Risk,#BA7517
4307,40,8,788.62,At-Risk,#BA7517
4309,190,2,289.26,New Customers,#7F77DD
4311,57,4,374.05,At-Risk,#BA7517
4312,61,1,288.87,At-Risk,#BA7517
4313,163,3,955.46,New Customers,#7F77DD
4314,112,1,60.86,At-Risk,#BA7517
4315,7,3,274.18,At-Risk,#BA7517
4316,312,2,220.1,New Customers,#7F77DD
4317,70,3,354.91999999999996,At-Risk,#BA7517
4318,37,4,883.1200000000001,At-Risk,#BA7517
4319,18,3,1393.12,At-Risk,#BA7517
4321,256,1,195.96,New Customers,#7F77DD
4322,29,3,1136.15,At-Risk,#BA7517
4323,41,3,2620.6717697570502,At-Risk,#BA7517
4324,169,1,154.28,New Customers,#7F77DD
4325,162,2,265.11,New Customers,#7F77DD
4326,1,9,1357.31,At-Risk,#BA7517
4327,85,5,1162.6,At-Risk,#BA7517
4328,268,1,52.02,New Customers,#7F77DD
4329,3,2,210.62,At-Risk,#BA7517
4330,159,2,718.48,New Customers,#7F77DD
4331,9,2,498.61,At-Risk,#BA7517
4332,125,3,424.15,At-Risk,#BA7517
4334,154,1,200.44,New Customers,#7F77DD
4335,126,2,268.13,At-Risk,#BA7517
4336,117,2,751.94,At-Risk,#BA7517
4337,109,4,505.23,At-Risk,#BA7517
4338,55,2,513.31,At-Risk,#BA7517
4339,48,6,1115.37,At-Risk,#BA7517
4340,47,8,2273.2400000000002,At-Risk,#BA7517
4341,3,3,616.9399999999999,At-Risk,#BA7517
4342,45,3,453.40999999999997,At-Risk,#BA7517
4344,15,5,1158.97,At-Risk,#BA7517
4345,275,2,221.63,New Customers,#7F77DD
4346,107,3,319.58,At-Risk,#BA7517
4347,88,4,519.9,At-Risk,#BA7517
4349,209,2,149.29,New Customers,#7F77DD
4350,94,2,286.79,At-Risk,#BA7517
4351,62,3,323.33000000000004,At-Risk,#BA7517
4352,59,2,882.71,At-Risk,#BA7517
4354,23,3,412.32000000000005,At-Risk,#BA7517
4355,24,2,176.03,At-Risk,#BA7517
4356,147,2,298.35,New Customers,#7F77DD
4357,7,6,904.5699999999999,At-Risk,#BA7517
4358,97,3,223.31,At-Risk,#BA7517
4359,170,3,168.18,New Customers,#7F77DD
4360,71,5,786.48,At-Risk,#BA7517
4361,35,4,654.87,At-Risk,#BA7517
4362,127,2,321.78999999999996,At-Risk,#BA7517
4363,9,7,831.08,At-Risk,#BA7517
4365,13,2,571.4200000000001,At-Risk,#BA7517
4367,150,1,33.44,New Customers,#7F77DD
4368,44,5,1114.73,At-Risk,#BA7517
4369,78,3,401.48,At-Risk,#BA7517
4370,204,6,955.91,New Customers,#7F77DD
4371,222,2,301.40999999999997,New Customers,#7F77DD
4372,46,3,265.41,At-Risk,#BA7517
4373,183,1,70.5,New Customers,#7F77DD
4374,119,3,548.1500000000001,At-Risk,#BA7517
4375,21,3,524.56,At-Risk,#BA7517
4376,166,3,310.19,New Customers,#7F77DD
4377,25,3,246.49,At-Risk,#BA7517
4378,11,4,487.15000000000003,At-Risk,#BA7517
4379,45,3,341.05,At-Risk,#BA7517
4380,313,1,218.6,New Customers,#7F77DD
4382,49,7,1063.3100000000002,At-Risk,#BA7517
4383,19,15,2929.98,At-Risk,#BA7517
4384,330,1,138.12,New Customers,#7F77DD
4386,124,3,559.82,At-Risk,#BA7517
4388,174,1,140.92,New Customers,#7F77DD
4390,107,4,1026.07,At-Risk,#BA7517
4391,2,82,15055.35,Loyal Customers,#1D9E75
4392,79,1,137.58,At-Risk,#BA7517
4394,24,7,722.84,At-Risk,#BA7517
4395,13,1,284.32,At-Risk,#BA7517
4396,41,6,636.5,At-Risk,#BA7517
4397,195,1,247.28,New Customers,#7F77DD
4398,66,2,188.83,At-Risk,#BA7517
4399,36,15,3026.38,At-Risk,#BA7517
4400,266,1,92.82,New Customers,#7F77DD
4402,1,6,860.04,At-Risk,#BA7517
4403,258,1,169.98,New Customers,#7F77DD
4404,64,6,1085.91,At-Risk,#BA7517
4405,222,1,87.18,New Customers,#7F77DD
4406,37,4,420.96000000000004,At-Risk,#BA7517
4407,168,1,213.8,New Customers,#7F77DD
4409,168,1,59.99,New Customers,#7F77DD
4410,118,2,685.15,At-Risk,#BA7517
4411,79,4,538.45,At-Risk,#BA7517
4413,110,1,397.08,At-Risk,#BA7517
4414,4,8,2872.18,At-Risk,#BA7517
4415,59,2,157.73000000000002,At-Risk,#BA7517
4416,27,2,96.63,At-Risk,#BA7517
4417,98,3,674.54,At-Risk,#BA7517
4418,286,2,414.04999999999995,New Customers,#7F77DD
4419,182,2,549.37,New Customers,#7F77DD
4420,304,2,244.31,New Customers,#7F77DD
4421,89,1,176.66,At-Risk,#BA7517
4422,2,2,1073.88,At-Risk,#BA7517
4424,272,1,181.0,New Customers,#7F77DD
4425,169,2,484.6,New Customers,#7F77DD
4426,103,1,98.1,At-Risk,#BA7517
4427,44,3,392.09000000000003,At-Risk,#BA7517
4428,143,1,216.57,New Customers,#7F77DD
4429,183,3,302.33,New Customers,#7F77DD
4431,14,9,2545.0499999999997,At-Risk,#BA7517
4432,67,2,1868.01,At-Risk,#BA7517
4435,72,3,928.26,At-Risk,#BA7517
4436,136,1,42.54,New Customers,#7F77DD
4437,109,7,1361.35,At-Risk,#BA7517
4438,317,1,25.61,New Customers,#7F77DD
4439,40,4,1325.97,At-Risk,#BA7517
4440,127,2,265.15999999999997,At-Risk,#BA7517
4441,5,30,5467.46,At-Risk,#BA7517
4442,3,2,315.77,At-Risk,#BA7517
4443,292,1,216.18,New Customers,#7F77DD
4444,224,1,41.04,New Customers,#7F77DD
4445,52,4,663.57,At-Risk,#BA7517
4446,65,5,409.11,At-Risk,#BA7517
4447,94,6,875.95,At-Risk,#BA7517
4448,142,2,522.44,New Customers,#7F77DD
4449,189,2,281.15000000000003,New Customers,#7F77DD
4450,250,1,81.34,New Customers,#7F77DD
4451,331,1,303.03,New Customers,#7F77DD
4452,59,4,779.39,At-Risk,#BA7517
4453,233,1,117.52,New Customers,#7F77DD
4454,59,11,1918.39,At-Risk,#BA7517
4455,44,5,1664.95,At-Risk,#BA7517
4456,14,3,447.27,At-Risk,#BA7517
4457,17,4,1197.95,At-Risk,#BA7517
4458,1,24,4160.03,At-Risk,#BA7517
4459,160,3,175.68,New Customers,#7F77DD
4460,29,5,761.9,At-Risk,#BA7517
4461,16,3,379.77,At-Risk,#BA7517
4462,317,1,85.42,New Customers,#7F77DD
4463,18,1,330.0,At-Risk,#BA7517
4464,21,2,167.14,At-Risk,#BA7517
4465,89,2,291.27,At-Risk,#BA7517
4466,24,34,6580.45,At-Risk,#BA7517
4467,296,2,354.70000000000005,New Customers,#7F77DD
4468,99,2,295.95,At-Risk,#BA7517
4469,139,1,78.65,New Customers,#7F77DD
4470,29,2,352.68,At-Risk,#BA7517
4471,32,4,1069.96,At-Risk,#BA7517
4472,191,2,87.82,New Customers,#7F77DD
4473,207,1,751.56,New Customers,#7F77DD
4474,27,1,205.22,At-Risk,#BA7517
4475,194,2,406.47999999999996,New Customers,#7F77DD
4476,306,1,93.17,New Customers,#7F77DD
4477,48,5,1064.250368302352,At-Risk,#BA7517
4478,12,2,1201.75,At-Risk,#BA7517
4479,108,2,163.89000000000001,At-Risk,#BA7517
4480,336,1,438.3,New Customers,#7F77DD
4481,274,2,397.74,New Customers,#7F77DD
4482,105,4,750.83,At-Risk,#BA7517
4483,36,5,588.36,At-Risk,#BA7517
4484,44,1,66.35,At-Risk,#BA7517
4485,86,2,247.36,At-Risk,#BA7517
4488,4,9,2676.79,At-Risk,#BA7517
4489,95,3,1000.49,At-Risk,#BA7517
4490,191,5,628.31,New Customers,#7F77DD
4491,112,2,372.44,At-Risk,#BA7517
4492,206,2,303.57,New Customers,#7F77DD
4493,156,4,1816.82,New Customers,#7F77DD
4494,143,1,173.78,New Customers,#7F77DD
4495,33,10,3204.87,At-Risk,#BA7517
4497,138,2,246.51999999999998,New Customers,#7F77DD
4498,144,2,949.24,New Customers,#7F77DD
4499,50,2,205.47,At-Risk,#BA7517
4500,196,1,67.1,New Customers,#7F77DD
4501,344,1,45.72,New Customers,#7F77DD
4503,21,2,1418.1100000000001,At-Risk,#BA7517
4504,186,1,304.02,New Customers,#7F77DD
4505,28,4,373.09,At-Risk,#BA7517
4507,163,2,563.52,New Customers,#7F77DD
4508,35,3,375.39,At-Risk,#BA7517
4510,2,7,1043.6100000000001,At-Risk,#BA7517
4511,143,1,122.9,New Customers,#7F77DD
4512,21,8,1883.06,At-Risk,#BA7517
4513,104,2,289.84000000000003,At-Risk,#BA7517
4514,55,4,1319.64,At-Risk,#BA7517
4515,252,2,538.17,New Customers,#7F77DD
4516,200,1,275.9,New Customers,#7F77DD
4517,61,2,204.36,At-Risk,#BA7517
4518,6,5,836.42,At-Risk,#BA7517
4519,150,3,1687.51,New Customers,#7F77DD
4520,161,3,298.9,New Customers,#7F77DD
4521,322,1,94.34,New Customers,#7F77DD
4522,155,4,1468.42,New Customers,#7F77DD
4523,178,4,691.47,New Customers,#7F77DD
4524,153,2,794.03,New Customers,#7F77DD
4526,170,2,674.96,New Customers,#7F77DD
4527,113,5,880.85,At-Risk,#BA7517
4528,36,6,1480.1499999999999,At-Risk,#BA7517
4529,15,1,76.41,At-Risk,#BA7517
4532,8,1,56.55,At-Risk,#BA7517
4533,190,2,144.89,New Customers,#7F77DD
4534,23,8,1557.1599999999999,At-Risk,#BA7517
4535,118,1,224.27,At-Risk,#BA7517
4536,87,2,750.93,At-Risk,#BA7517
4538,64,3,304.19,At-Risk,#BA7517
4539,88,1,122.91,At-Risk,#BA7517
4541,237,2,154.59,New Customers,#7F77DD
4543,259,2,223.6,New Customers,#7F77DD
4545,23,3,337.53,At-Risk,#BA7517
4546,133,2,347.92,New Customers,#7F77DD
4547,18,2,300.06,At-Risk,#BA7517
4548,51,4,1171.5,At-Risk,#BA7517
4549,131,4,1033.89,At-Risk,#BA7517
4550,44,8,868.77,At-Risk,#BA7517
4552,3,153,27820.83765132801,Loyal Customers,#1D9E75
4553,5,12,3833.5383503772746,At-Risk,#BA7517
4554,64,1,222.78,At-Risk,#BA7517
4555,57,1,207.22,At-Risk,#BA7517
4556,286,1,152.98,New Customers,#7F77DD
4557,96,1,10.3,At-Risk,#BA7517
4558,84,2,299.39,At-Risk,#BA7517
4559,30,1,198.9,At-Risk,#BA7517
4560,13,11,9280.309467584188,At-Risk,#BA7517
4561,82,1,468.32,At-Risk,#BA7517
4562,143,2,298.28,New Customers,#7F77DD
4563,74,4,851.1,At-Risk,#BA7517
4564,162,2,490.84999999999997,New Customers,#7F77DD
4565,49,2,290.94,At-Risk,#BA7517
4566,39,3,13120.359230580938,At-Risk,#BA7517
4567,123,1,185.65,At-Risk,#BA7517
4568,54,6,1151.56,At-Risk,#BA7517
4569,15,2,90.17,At-Risk,#BA7517
4570,17,24,6294.566699829224,At-Risk,#BA7517
4571,89,2,250.11,At-Risk,#BA7517
4573,45,7,1185.17,At-Risk,#BA7517
4574,124,2,448.04,At-Risk,#BA7517
4576,42,2,174.51999999999998,At-Risk,#BA7517
4577,216,1,271.8,New Customers,#7F77DD
4578,138,1,251.88,New Customers,#7F77DD
4579,61,1,115.68,At-Risk,#BA7517
4580,62,3,287.61,At-Risk,#BA7517
4581,227,1,68.33,New Customers,#7F77DD
4583,31,12,1809.8799999999999,At-Risk,#BA7517
4584,142,6,736.5799999999999,New Customers,#7F77DD
4585,34,9,1728.22,At-Risk,#BA7517
4586,21,1,50.46,At-Risk,#BA7517
4589,41,3,162.38,At-Risk,#BA7517
4590,84,2,132.2,At-Risk,#BA7517
4591,282,1,99.45,New Customers,#7F77DD
4592,269,1,51.42,New Customers,#7F77DD
4593,28,9,2388.3399999999997,At-Risk,#BA7517
4594,1,2,1234.56,At-Risk,#BA7517
4595,206,1,55.31,New Customers,#7F77DD
4596,70,4,969.78,At-Risk,#BA7517
4597,140,1,84.42,New Customers,#7F77DD
4601,17,5,2127.79,At-Risk,#BA7517
4602,49,2,257.3,At-Risk,#BA7517
4603,279,1,37.14,New Customers,#7F77DD
4604,41,1,66.0,At-Risk,#BA7517
4605,161,3,1015.0300000000001,New Customers,#7F77DD
4606,2,123,38410.91217904682,Loyal Customers,#1D9E75
4608,167,1,52.81,New Customers,#7F77DD
4609,51,3,307.67,At-Risk,#BA7517
4610,145,2,746.63,New Customers,#7F77DD
4611,60,4,425.07,At-Risk,#BA7517
4612,17,5,604.75,At-Risk,#BA7517
4613,155,1,168.1,New Customers,#7F77DD
4614,36,6,955.8,At-Risk,#BA7517
4615,6,5,633.24,At-Risk,#BA7517
4616,103,2,402.34,At-Risk,#BA7517
4617,44,7,808.58,At-Risk,#BA7517
4618,53,3,353.94,At-Risk,#BA7517
4619,208,2,507.6,New Customers,#7F77DD
4620,265,1,193.02,New Customers,#7F77DD
4621,91,4,1094.81,At-Risk,#BA7517
4622,155,2,192.14,New Customers,#7F77DD
4623,4,7,1461.88,At-Risk,#BA7517
4624,77,2,404.12,At-Risk,#BA7517
4625,233,1,164.94,New Customers,#7F77DD
4626,203,3,579.78,New Customers,#7F77DD
4627,21,3,1026.55,At-Risk,#BA7517
4628,7,2,258.18,At-Risk,#BA7517
4629,190,3,220.45999999999998,New Customers,#7F77DD
4631,7,6,1098.0900000000001,At-Risk,#BA7517
4632,259,2,362.63,New Customers,#7F77DD
4633,93,6,727.39,At-Risk,#BA7517
4634,278,1,44.12,New Customers,#7F77DD
4635,76,2,122.35,At-Risk,#BA7517
4636,242,1,50.28,New Customers,#7F77DD
4637,58,2,162.49,At-Risk,#BA7517
4639,216,1,87.85,New Customers,#7F77DD
4642,297,2,130.79,New Customers,#7F77DD
4644,98,1,102.0,At-Risk,#BA7517
4646,196,4,718.8,New Customers,#7F77DD
4647,73,6,501.2,At-Risk,#BA7517
4648,128,3,1444.19,At-Risk,#BA7517
4649,100,2,215.07999999999998,At-Risk,#BA7517
4651,162,1,89.97,New Customers,#7F77DD
4652,50,2,242.87,At-Risk,#BA7517
4653,99,1,39.59,At-Risk,#BA7517
4654,57,4,983.0,At-Risk,#BA7517
4655,21,6,943.41,At-Risk,#BA7517
4656,293,3,769.83,New Customers,#7F77DD
4657,124,4,928.53,At-Risk,#BA7517
4658,41,3,285.96,At-Risk,#BA7517
4659,16,4,692.8299999999999,At-Risk,#BA7517
4660,214,1,808.44,New Customers,#7F77DD
4661,35,10,2216.6,At-Risk,#BA7517
4662,226,1,351.96,New Customers,#7F77DD
4664,204,1,80.12,New Customers,#7F77DD
4665,65,6,844.11,At-Risk,#BA7517
4666,136,3,219.85000000000002,New Customers,#7F77DD
4667,60,4,1095.42,At-Risk,#BA7517
4668,140,1,363.6,New Customers,#7F77DD
4669,230,2,309.82000000000005,New Customers,#7F77DD
4670,14,2,447.2,At-Risk,#BA7517
4671,71,3,253.26999999999998,At-Risk,#BA7517
4672,152,3,1097.6200000000001,New Customers,#7F77DD
4673,196,1,388.98,New Customers,#7F77DD
4675,326,1,144.74,New Customers,#7F77DD
4676,51,1,77.06,At-Risk,#BA7517
4677,100,1,64.92,At-Risk,#BA7517
4679,179,1,61.08,New Customers,#7F77DD
4680,263,3,736.1500000000001,New Customers,#7F77DD
4681,122,2,830.5,At-Risk,#BA7517
4682,45,4,922.98,At-Risk,#BA7517
4683,37,3,984.32,At-Risk,#BA7517
4684,53,3,354.25,At-Risk,#BA7517
4685,348,1,195.22,New Customers,#7F77DD
4686,11,32,7040.25,At-Risk,#BA7517
4687,85,3,688.34,At-Risk,#BA7517
4689,265,3,773.65,New Customers,#7F77DD
4690,21,2,404.43,At-Risk,#BA7517
4691,77,4,859.88,At-Risk,#BA7517
4692,136,1,86.25,New Customers,#7F77DD
4693,39,2,365.91999999999996,At-Risk,#BA7517
4695,49,3,471.17999999999995,At-Risk,#BA7517
4696,53,3,288.12,At-Risk,#BA7517
4697,15,5,793.12,At-Risk,#BA7517
4698,40,2,99.42,At-Risk,#BA7517
4699,63,1,382.2,At-Risk,#BA7517
4701,168,1,113.51,New Customers,#7F77DD
4703,29,4,501.11,At-Risk,#BA7517
4704,49,8,1965.9699999999998,At-Risk,#BA7517
4707,39,3,667.22,At-Risk,#BA7517
4708,17,2,378.76,At-Risk,#BA7517
4709,125,2,137.43,At-Risk,#BA7517
4711,5,22,4565.22,At-Risk,#BA7517
4714,320,1,100.28,New Customers,#7F77DD
4715,175,3,357.08,New Customers,#7F77DD
4716,81,1,135.94,At-Risk,#BA7517
4717,183,2,347.13,New Customers,#7F77DD
4718,8,2,234.76,At-Risk,#BA7517
4720,226,1,102.23,New Customers,#7F77DD
4721,134,2,484.21,New Customers,#7F77DD
4722,20,2,424.92,At-Risk,#BA7517
4723,200,2,245.38,New Customers,#7F77DD
4724,267,1,97.62,New Customers,#7F77DD
4726,113,2,151.96,At-Risk,#BA7517
4728,35,1,45.67,At-Risk,#BA7517
4730,21,2,774.4,At-Risk,#BA7517
4731,105,3,373.0,At-Risk,#BA7517
4732,130,1,234.96,New Customers,#7F77DD
4733,135,4,401.69,New Customers,#7F77DD
4734,101,2,248.18,At-Risk,#BA7517
4735,29,4,448.38,At-Risk,#BA7517
4736,253,1,245.94,New Customers,#7F77DD
4737,6,2,721.5899999999999,At-Risk,#BA7517
4738,211,3,1135.52,New Customers,#7F77DD
4739,49,8,1262.68,At-Risk,#BA7517
4740,36,3,716.87,At-Risk,#BA7517
4741,171,2,142.4,New Customers,#7F77DD
4742,60,4,492.16,At-Risk,#BA7517
4743,138,1,81.77,New Customers,#7F77DD
4744,131,4,1002.3100000000001,At-Risk,#BA7517
4745,135,4,746.0,New Customers,#7F77DD
4746,5,6,823.71,At-Risk,#BA7517
4747,83,3,505.68999999999994,At-Risk,#BA7517
4748,127,2,272.25,At-Risk,#BA7517
4749,92,4,1661.89,At-Risk,#BA7517
4750,3,15,3016.9900000000002,At-Risk,#BA7517
4751,88,2,258.53999999999996,At-Risk,#BA7517
4752,365,1,59.8,New Customers,#7F77DD
4754,195,2,594.01,New Customers,#7F77DD
4756,26,2,159.84,At-Risk,#BA7517
4757,45,1,72.52,At-Risk,#BA7517
4758,234,1,242.81,New Customers,#7F77DD
4759,114,1,690.12,At-Risk,#BA7517
4761,92,2,780.76,At-Risk,#BA7517
4762,15,7,1285.3000000000002,At-Risk,#BA7517
4763,165,1,232.91,New Customers,#7F77DD
4764,85,1,180.92,At-Risk,#BA7517
4765,212,1,206.19,New Customers,#7F77DD
4766,76,3,1391.67,At-Risk,#BA7517
4767,126,2,241.8,At-Risk,#BA7517
4768,4,2,893.27,At-Risk,#BA7517
4769,271,2,607.98,New Customers,#7F77DD
4770,89,2,250.20000000000002,At-Risk,#BA7517
4772,111,2,433.73,At-Risk,#BA7517
4773,46,4,360.55,At-Risk,#BA7517
4774,22,2,600.6999999999999,At-Risk,#BA7517
4775,74,2,309.09,At-Risk,#BA7517
4777,225,1,204.15,New Customers,#7F77DD
4778,17,3,408.9,At-Risk,#BA7517
4779,42,13,3008.16,At-Risk,#BA7517
4780,188,1,649.89,New Customers,#7F77DD
4781,32,5,1168.67,At-Risk,#BA7517
4782,136,2,224.62,New Customers,#7F77DD
4784,39,8,2004.09,At-Risk,#BA7517
4786,85,1,237.04,At-Risk,#BA7517
4788,6,21,3730.11,At-Risk,#BA7517
4789,48,3,231.10000000000002,At-Risk,#BA7517
4790,87,3,588.48,At-Risk,#BA7517
4791,29,5,1215.72,At-Risk,#BA7517
4792,176,1,723.75,New Customers,#7F77DD
4793,32,3,443.40999999999997,At-Risk,#BA7517
4794,67,4,688.28,At-Risk,#BA7517
4795,35,4,362.48,At-Risk,#BA7517
4796,50,1,128.47,At-Risk,#BA7517
4797,71,2,264.34000000000003,At-Risk,#BA7517
4798,35,1,76.04,At-Risk,#BA7517
4799,317,1,176.86,New Customers,#7F77DD
4800,30,3,1969.1610373426565,At-Risk,#BA7517
4801,82,2,199.76000000000002,At-Risk,#BA7517
4802,168,2,206.51,New Customers,#7F77DD
4804,236,2,343.7,New Customers,#7F77DD
4805,165,1,2047.9146317630195,New Customers,#7F77DD
4806,270,1,161.35,New Customers,#7F77DD
4807,329,1,225.29,New Customers,#7F77DD
4808,74,1,58.08,At-Risk,#BA7517
4810,62,4,1419.83,At-Risk,#BA7517
4811,287,2,445.06,New Customers,#7F77DD
4812,240,2,234.64,New Customers,#7F77DD
4813,42,2,316.51,At-Risk,#BA7517
4814,3,10,1500.52,At-Risk,#BA7517
4815,37,4,743.5699999999999,At-Risk,#BA7517
4816,130,3,437.58,At-Risk,#BA7517
4817,29,4,761.67,At-Risk,#BA7517
4818,12,2,722.64,At-Risk,#BA7517
4819,99,1,672.92,At-Risk,#BA7517
4821,208,2,171.22,New Customers,#7F77DD
4823,23,4,546.35,At-Risk,#BA7517
4824,15,4,630.8499999999999,At-Risk,#BA7517
4825,293,1,212.59,New Customers,#7F77DD
4826,19,3,914.04,At-Risk,#BA7517
4828,243,1,662.37,New Customers,#7F77DD
4829,95,3,690.54,At-Risk,#BA7517
4830,22,5,475.53999999999996,At-Risk,#BA7517
4831,44,4,521.75,At-Risk,#BA7517
4832,270,2,767.04,New Customers,#7F77DD
4833,70,3,506.49,At-Risk,#BA7517
4834,135,2,461.41,New Customers,#7F77DD
4835,5,13,2764.0,At-Risk,#BA7517
4836,33,1,212.66,At-Risk,#BA7517
4837,104,2,339.13,At-Risk,#BA7517
4838,56,2,119.07,At-Risk,#BA7517
4840,42,5,1034.85,At-Risk,#BA7517
4841,76,4,1148.97,At-Risk,#BA7517
4842,93,6,1696.34,At-Risk,#BA7517
4843,73,7,1658.32,At-Risk,#BA7517
4844,4,3,378.72,At-Risk,#BA7517
4845,231,2,196.62,New Customers,#7F77DD
4846,10,3,442.21000000000004,At-Risk,#BA7517
4847,162,1,452.44,New Customers,#7F77DD
4848,56,3,537.1800000000001,At-Risk,#BA7517
4850,16,3,453.11,At-Risk,#BA7517
4851,72,7,1095.09,At-Risk,#BA7517
4852,135,1,105.14,New Customers,#7F77DD
4853,329,1,223.13,New Customers,#7F77DD
4854,12,4,745.2,At-Risk,#BA7517
4855,123,3,781.87,At-Risk,#BA7517
4856,74,2,262.67,At-Risk,#BA7517
4858,37,9,2134.98,At-Risk,#BA7517
4860,23,10,12398.037121021194,At-Risk,#BA7517
4861,13,1,87.16,At-Risk,#BA7517
4862,66,3,469.43000000000006,At-Risk,#BA7517
4863,142,3,253.07000000000002,New Customers,#7F77DD
4864,241,1,413.18,New Customers,#7F77DD
4865,61,2,169.77,At-Risk,#BA7517
4866,38,1,112.06,At-Risk,#BA7517
4868,45,7,1382.81,At-Risk,#BA7517
4869,231,1,72.35,New Customers,#7F77DD
4871,189,2,246.14,New Customers,#7F77DD
4872,44,4,637.76,At-Risk,#BA7517
4873,1,7,998.13,At-Risk,#BA7517
4876,1,13,3555.41,At-Risk,#BA7517
4879,5,2,184.45999999999998,At-Risk,#BA7517
4881,45,3,459.12,At-Risk,#BA7517
4882,1,8,1876.28,At-Risk,#BA7517
4883,146,3,273.31,New Customers,#7F77DD
4884,182,1,189.51,New Customers,#7F77DD
4885,116,2,682.0699999999999,At-Risk,#BA7517
4886,147,1,75.24,New Customers,#7F77DD
4887,99,2,954.5,At-Risk,#BA7517
4888,17,1,105.64,At-Risk,#BA7517
4889,123,1,148.05,At-Risk,#BA7517
4890,12,2,451.5,At-Risk,#BA7517
4891,214,3,825.29,New Customers,#7F77DD
4892,73,9,2606.88,At-Risk,#BA7517
4893,2,3,565.84,At-Risk,#BA7517
4895,22,1,178.07,At-Risk,#BA7517
4896,18,3,372.83000000000004,At-Risk,#BA7517
4897,19,2,103.17,At-Risk,#BA7517
4898,209,1,56.95,New Customers,#7F77DD
4899,155,1,206.79,New Customers,#7F77DD
4900,71,3,1311.78,At-Risk,#BA7517
4901,167,6,498.59000000000003,New Customers,#7F77DD
4902,62,2,240.52,At-Risk,#BA7517
4903,98,2,598.06,At-Risk,#BA7517
4904,157,2,283.62,New Customers,#7F77DD
4906,18,11,1880.82,At-Risk,#BA7517
4909,362,1,380.34,New Customers,#7F77DD
4911,242,1,67.61,New Customers,#7F77DD
4912,111,5,575.22,At-Risk,#BA7517
4913,69,2,950.9399999999999,At-Risk,#BA7517
4914,145,12,1919.73,New Customers,#7F77DD
4915,10,5,866.46,At-Risk,#BA7517
4917,117,2,982.05,At-Risk,#BA7517
4918,88,1,41.2,At-Risk,#BA7517
4919,212,1,586.74,New Customers,#7F77DD
4920,25,2,424.84000000000003,At-Risk,#BA7517
4924,132,4,540.8399999999999,At-Risk,#BA7517
4925,23,33,6047.72,At-Risk,#BA7517
4927,26,6,765.11,At-Risk,#BA7517
4928,53,2,229.94,At-Risk,#BA7517
4929,47,4,1124.98,At-Risk,#BA7517
4930,166,6,1075.22,New Customers,#7F77DD
4931,109,4,1879.7,At-Risk,#BA7517
4932,14,1,419.62,At-Risk,#BA7517
4933,199,2,437.24,New Customers,#7F77DD
4934,77,2,313.77,At-Risk,#BA7517
4935,36,1,97.81,At-Risk,#BA7517
4936,75,4,581.96,At-Risk,#BA7517
4937,323,1,1299.85,New Customers,#7F77DD
4938,6,17,2502.57,At-Risk,#BA7517
4939,108,2,355.41999999999996,At-Risk,#BA7517
4940,76,2,563.16,At-Risk,#BA7517
4941,328,2,263.0,New Customers,#7F77DD
4942,296,1,32.66,New Customers,#7F77DD
4943,4,6,512.8,At-Risk,#BA7517
4944,92,2,285.19,At-Risk,#BA7517
4945,6,2,835.2800000000001,At-Risk,#BA7517
4946,28,1,523.02,At-Risk,#BA7517
4947,1,5,999.26,At-Risk,#BA7517
4948,4,2,288.4,At-Risk,#BA7517
4949,60,3,316.36,At-Risk,#BA7517
4950,138,1,460.17,New Customers,#7F77DD
4951,94,2,335.03,At-Risk,#BA7517
4952,11,10,2462.54,At-Risk,#BA7517
4953,68,2,323.76,At-Risk,#BA7517
4954,41,1,229.53,At-Risk,#BA7517
4955,90,7,1592.7800000000002,At-Risk,#BA7517
4956,242,1,39.07,New Customers,#7F77DD
4957,222,1,169.73,New Customers,#7F77DD
4958,41,2,134.06,At-Risk,#BA7517
4959,275,1,326.84,New Customers,#7F77DD
4961,32,7,1128.49,At-Risk,#BA7517
4963,32,2,153.37,At-Risk,#BA7517
4964,13,3,458.98,At-Risk,#BA7517
4965,107,3,494.51,At-Risk,#BA7517
4966,183,1,295.53,New Customers,#7F77DD
4967,139,3,751.15,New Customers,#7F77DD
4968,126,2,154.03,At-Risk,#BA7517
4969,60,4,695.22,At-Risk,#BA7517
4970,6,4,1571.6100000000001,At-Risk,#BA7517
4971,235,2,475.94,New Customers,#7F77DD
4972,25,2,307.98,At-Risk,#BA7517
4973,125,4,562.98,At-Risk,#BA7517
4974,249,2,457.27,New Customers,#7F77DD
4975,184,2,545.08,New Customers,#7F77DD
4976,69,4,1729.509363912547,At-Risk,#BA7517
4977,58,2,270.85,At-Risk,#BA7517
4978,127,3,923.48,At-Risk,#BA7517
4981,166,1,835.96,New Customers,#7F77DD
4982,278,1,973.85,New Customers,#7F77DD
4983,17,7,1706.6699999999998,At-Risk,#BA7517
4984,199,2,311.9,New Customers,#7F77DD
4985,119,2,810.58,At-Risk,#BA7517
4986,18,3,924.46,At-Risk,#BA7517
4987,108,1,327.42,At-Risk,#BA7517
4989,11,1,443.74,At-Risk,#BA7517
4990,291,1,96.49,New Customers,#7F77DD
4991,265,1,196.26,New Customers,#7F77DD
4992,119,5,1049.08,At-Risk,#BA7517
4993,3,11,1655.44,At-Risk,#BA7517
4994,277,2,271.13,New Customers,#7F77DD
4996,222,2,867.9100000000001,New Customers,#7F77DD
4997,13,6,672.28,At-Risk,#BA7517
4998,149,2,436.72,New Customers,#7F77DD
4999,33,6,643.53,At-Risk,#BA7517
5001,185,1,237.9,New Customers,#7F77DD
5002,125,2,373.15999999999997,At-Risk,#BA7517
5003,256,1,200.3,New Customers,#7F77DD
5004,12,2,192.70000000000002,At-Risk,#BA7517
5005,69,1,88.36,At-Risk,#BA7517
5007,147,2,175.5,New Customers,#7F77DD
5008,9,11,2677.19,At-Risk,#BA7517
5009,125,6,1279.51,At-Risk,#BA7517
5010,5,4,479.15,At-Risk,#BA7517
5011,42,3,266.83000000000004,At-Risk,#BA7517
5012,222,1,141.52,New Customers,#7F77DD
5013,124,2,214.92,At-Risk,#BA7517
5014,33,3,389.67,At-Risk,#BA7517
5015,1,3,388.48,At-Risk,#BA7517
5016,219,1,106.9,New Customers,#7F77DD
5017,125,2,3314.5841560947806,At-Risk,#BA7517
5018,192,3,505.99,New Customers,#7F77DD
5019,202,1,541.02,New Customers,#7F77DD
5020,21,3,374.74,At-Risk,#BA7517
5021,299,2,616.56,New Customers,#7F77DD
5023,3,4,739.8,At-Risk,#BA7517
5024,173,1,135.15,New Customers,#7F77DD
5025,229,2,137.58,New Customers,#7F77DD
5026,229,1,62.48,New Customers,#7F77DD
5027,27,13,3620.28,At-Risk,#BA7517
5028,53,5,791.4200000000001,At-Risk,#BA7517
5029,17,3,213.57,At-Risk,#BA7517
5030,4,5,969.52,At-Risk,#BA7517
5032,40,6,585.42,At-Risk,#BA7517
5033,4,3,270.53,At-Risk,#BA7517
5034,1,2,281.77,At-Risk,#BA7517
5035,51,3,505.28000000000003,At-Risk,#BA7517
5036,263,1,38.0,New Customers,#7F77DD
5037,35,2,631.8,At-Risk,#BA7517
5038,176,1,79.24,New Customers,#7F77DD
5039,268,2,769.1999999999999,New Customers,#7F77DD
5041,133,3,618.87,New Customers,#7F77DD
5042,62,4,777.28,At-Risk,#BA7517
5043,183,3,818.71,New Customers,#7F77DD
5044,217,2,1012.6700000000001,New Customers,#7F77DD
5046,30,4,559.18,At-Risk,#BA7517
5047,93,2,207.01999999999998,At-Risk,#BA7517
5048,166,3,1061.14,New Customers,#7F77DD
5049,172,2,699.1400000000001,New Customers,#7F77DD
5050,146,2,377.92,New Customers,#7F77DD
5051,5,7,1508.44,At-Risk,#BA7517
5052,59,2,338.45,At-Risk,#BA7517
5054,5,18,4470.41,At-Risk,#BA7517
5055,93,2,633.21,At-Risk,#BA7517
5056,254,1,876.76,New Customers,#7F77DD
5057,59,6,992.27,At-Risk,#BA7517
5058,20,10,2312.18,At-Risk,#BA7517
5059,67,2,261.83000000000004,At-Risk,#BA7517
5060,142,4,687.89,New Customers,#7F77DD
5062,14,3,720.19,At-Risk,#BA7517
5063,136,3,507.51,New Customers,#7F77DD
5064,132,3,1283.55,At-Risk,#BA7517
5065,4,5,1281.54,At-Risk,#BA7517
5066,122,2,250.56,At-Risk,#BA7517
5067,20,9,1456.8400000000001,At-Risk,#BA7517
5068,52,8,2042.51,At-Risk,#BA7517
5069,87,4,437.9,At-Risk,#BA7517
5070,52,2,483.40999999999997,At-Risk,#BA7517
5071,68,2,193.45,At-Risk,#BA7517
5072,138,3,510.6,New Customers,#7F77DD
5073,209,1,791.28,New Customers,#7F77DD
5074,157,2,278.14,New Customers,#7F77DD
5075,204,5,728.21,New Customers,#7F77DD
5077,18,35,5940.5,At-Risk,#BA7517
5078,32,2,315.61,At-Risk,#BA7517
5079,3,4,511.88,At-Risk,#BA7517
5081,241,3,537.55,New Customers,#7F77DD
5083,47,3,214.9,At-Risk,#BA7517
5084,167,2,426.08,New Customers,#7F77DD
5085,35,6,2352.57,At-Risk,#BA7517
5086,82,1,74.16,At-Risk,#BA7517
5087,72,6,1060.51,At-Risk,#BA7517
5088,32,8,2096.22,At-Risk,#BA7517
5089,21,3,595.79,At-Risk,#BA7517
5090,20,9,1901.94,At-Risk,#BA7517
5091,32,4,912.74,At-Risk,#BA7517
5092,104,2,212.62,At-Risk,#BA7517
5093,16,7,1832.5500000000002,At-Risk,#BA7517
5094,239,1,109.07,New Customers,#7F77DD
5095,233,1,78.19,New Customers,#7F77DD
5096,102,4,322.95,At-Risk,#BA7517
5097,48,4,1491.93,At-Risk,#BA7517
5098,230,1,68.45,New Customers,#7F77DD
5099,315,3,746.56,New Customers,#7F77DD
5100,163,1,356.08,New Customers,#7F77DD
5101,125,4,555.6,At-Risk,#BA7517
5102,10,2,187.6,At-Risk,#BA7517
5103,31,4,436.66,At-Risk,#BA7517
5105,144,2,629.21,New Customers,#7F77DD
5107,279,2,560.78,New Customers,#7F77DD
5108,190,4,184.51000000000002,New Customers,#7F77DD
5110,204,1,647.52,New Customers,#7F77DD
5111,56,1,67.5,At-Risk,#BA7517
5113,133,6,1318.3799999999999,At-Risk,#BA7517
5114,35,4,785.31,At-Risk,#BA7517
5115,129,7,2157.96,At-Risk,#BA7517
5116,22,9,1506.02,At-Risk,#BA7517
5117,55,4,307.78000000000003,At-Risk,#BA7517
5118,31,8,2083.58,At-Risk,#BA7517
5119,19,7,1274.15,At-Risk,#BA7517
5120,37,3,783.22,At-Risk,#BA7517
5121,290,1,115.3,New Customers,#7F77DD
5122,67,5,1023.3399999999999,At-Risk,#BA7517
5123,88,2,377.4,At-Risk,#BA7517
5124,6,4,717.49,At-Risk,#BA7517
5125,1,6,832.0699999999999,At-Risk,#BA7517
5126,224,2,114.89,New Customers,#7F77DD
5127,11,17,3445.48,At-Risk,#BA7517
5128,50,10,1671.67,At-Risk,#BA7517
5130,81,3,111.78,At-Risk,#BA7517
5132,212,1,211.2,New Customers,#7F77DD
5133,153,4,343.24,New Customers,#7F77DD
5134,65,3,439.01,At-Risk,#BA7517
5135,262,1,59.06,New Customers,#7F77DD
5137,4,12,5902.152654686955,At-Risk,#BA7517
5138,169,2,202.57,New Customers,#7F77DD
5139,160,1,507.99,New Customers,#7F77DD
5140,25,7,1180.83,At-Risk,#BA7517
5141,136,2,161.68,New Customers,#7F77DD
5142,19,2,463.99,At-Risk,#BA7517
5143,101,1,218.34,At-Risk,#BA7517
5144,12,5,686.84,At-Risk,#BA7517
5145,148,2,144.17000000000002,New Customers,#7F77DD
5146,101,2,140.57,At-Risk,#BA7517
5147,19,10,945.3,At-Risk,#BA7517
5148,10,3,642.6,At-Risk,#BA7517
5149,260,1,887.2,New Customers,#7F77DD
5150,208,1,89.9,New Customers,#7F77DD
5151,65,2,433.19,At-Risk,#BA7517
5152,161,2,471.4,New Customers,#7F77DD
5153,43,2,225.92,At-Risk,#BA7517
5154,55,10,2597.21,At-Risk,#BA7517
5155,6,2,320.06,At-Risk,#BA7517
5156,20,1,120.86,At-Risk,#BA7517
5157,32,2,366.93,At-Risk,#BA7517
5158,3,3,424.71000000000004,At-Risk,#BA7517
5159,1,1,294.21,At-Risk,#BA7517
5160,150,1,46.95,New Customers,#7F77DD
5162,7,10,1466.15,At-Risk,#BA7517
5164,103,2,532.71,At-Risk,#BA7517
5165,124,2,257.04,At-Risk,#BA7517
5166,8,3,206.93,At-Risk,#BA7517
5167,111,2,275.13,At-Risk,#BA7517
5168,189,3,192.48000000000002,New Customers,#7F77DD
5169,198,3,591.3399999999999,New Customers,#7F77DD
5170,161,4,655.64,New Customers,#7F77DD
5171,23,3,661.64,At-Risk,#BA7517
5172,208,2,510.08000000000004,New Customers,#7F77DD
5173,165,1,228.97,New Customers,#7F77DD
5175,204,2,306.99,New Customers,#7F77DD
5176,240,5,2366.233862888588,New Customers,#7F77DD
5177,326,1,229.65,New Customers,#7F77DD
5178,89,1,92.3,At-Risk,#BA7517
5179,16,7,1114.51,At-Risk,#BA7517
5180,321,1,77.79,New Customers,#7F77DD
5181,14,5,592.5899999999999,At-Risk,#BA7517
5182,256,2,216.68,New Customers,#7F77DD
5183,15,8,1070.54,At-Risk,#BA7517
5184,38,12,3234.45,At-Risk,#BA7517
5186,86,2,508.69,At-Risk,#BA7517
5187,50,4,581.54,At-Risk,#BA7517
5188,305,1,80.25,New Customers,#7F77DD
5189,110,2,435.23,At-Risk,#BA7517
5190,45,1,49.11,At-Risk,#BA7517
5191,91,5,779.39,At-Risk,#BA7517
5192,54,1,203.94,At-Risk,#BA7517
5193,323,1,330.32,New Customers,#7F77DD
5194,53,2,163.74,At-Risk,#BA7517
5195,157,1,226.66,New Customers,#7F77DD
5196,8,27,4268.67,At-Risk,#BA7517
5197,55,1,37.73,At-Risk,#BA7517
5198,65,6,652.54,At-Risk,#BA7517
5201,81,7,1123.58,At-Risk,#BA7517
5202,297,2,137.29999999999998,New Customers,#7F77DD
5203,304,1,208.53,New Customers,#7F77DD
5206,82,6,867.39,At-Risk,#BA7517
5207,135,3,275.01,New Customers,#7F77DD
5209,42,7,881.1999999999999,At-Risk,#BA7517
5210,334,1,97.88,New Customers,#7F77DD
5211,26,3,450.4,At-Risk,#BA7517
5212,132,2,501.44,New Customers,#7F77DD
5213,97,1,277.76,At-Risk,#BA7517
5215,33,1,89.22,At-Risk,#BA7517
5216,152,1,100.64,New Customers,#7F77DD
5218,165,4,899.49,New Customers,#7F77DD
5219,35,7,771.3399999999999,At-Risk,#BA7517
5221,209,4,551.68,New Customers,#7F77DD
5222,69,4,846.2,At-Risk,#BA7517
5223,41,2,481.12,At-Risk,#BA7517
5224,88,1,80.59,At-Risk,#BA7517
5225,231,2,404.06,New Customers,#7F77DD
5226,137,5,699.9200000000001,New Customers,#7F77DD
5228,111,1,58.2,At-Risk,#BA7517
5230,200,1,74.59,New Customers,#7F77DD
5231,78,1,84.28,At-Risk,#BA7517
5232,60,2,100.17,At-Risk,#BA7517
5233,1,5,683.89,At-Risk,#BA7517
5236,8,2,1550.2252526434281,At-Risk,#BA7517
5237,179,2,134.15,New Customers,#7F77DD
5238,98,5,725.4000000000001,At-Risk,#BA7517
5239,85,3,279.52,At-Risk,#BA7517
5240,150,1,224.12,New Customers,#7F77DD
5242,224,2,239.94,New Customers,#7F77DD
5243,60,1,183.81,At-Risk,#BA7517
5244,53,3,719.0699999999999,At-Risk,#BA7517
5245,105,3,657.38,At-Risk,#BA7517
5246,21,5,409.15999999999997,At-Risk,#BA7517
5247,37,7,1559.88,At-Risk,#BA7517
5248,27,2,356.55,At-Risk,#BA7517
5249,2,81,22035.06184154191,Loyal Customers,#1D9E75
5250,115,3,265.90999999999997,At-Risk,#BA7517
5251,42,2,281.16,At-Risk,#BA7517
5252,28,4,468.09,At-Risk,#BA7517
5255,6,1,50.57,At-Risk,#BA7517
5256,11,18,6042.238130891236,At-Risk,#BA7517
5257,6,4,1083.83,At-Risk,#BA7517
5258,97,2,296.05,At-Risk,#BA7517
5259,30,6,481.85,At-Risk,#BA7517
5260,107,3,512.2,At-Risk,#BA7517
5262,90,2,981.4499999999999,At-Risk,#BA7517
5264,92,2,338.98,At-Risk,#BA7517
5265,69,3,367.6,At-Risk,#BA7517
5266,5,7,1288.02,At-Risk,#BA7517
5267,279,2,335.02,New Customers,#7F77DD
5268,1,6,1722.67,At-Risk,#BA7517
5269,218,1,378.58,New Customers,#7F77DD
5270,228,1,293.6,New Customers,#7F77DD
5271,18,2,498.6,At-Risk,#BA7517
5272,190,1,210.07,New Customers,#7F77DD
5273,176,1,168.99,New Customers,#7F77DD
5274,63,4,223.94,At-Risk,#BA7517
5275,54,3,568.2,At-Risk,#BA7517
5277,308,3,4792.5189950391095,New Customers,#7F77DD
5278,136,1,196.46,New Customers,#7F77DD
5279,69,2,273.09,At-Risk,#BA7517
5280,79,4,436.63,At-Risk,#BA7517
5281,11,3,637.47,At-Risk,#BA7517
5282,138,1,188.61,New Customers,#7F77DD
5283,65,5,1919.87,At-Risk,#BA7517
5285,89,4,470.73,At-Risk,#BA7517
5286,148,1,253.65,New Customers,#7F77DD
5287,5,2,88.03,At-Risk,#BA7517
5288,25,5,1916.25,At-Risk,#BA7517
5289,206,1,320.28,New Customers,#7F77DD
5290,13,3,437.79,At-Risk,#BA7517
5291,186,1,52.56,New Customers,#7F77DD
5292,150,1,263.04,New Customers,#7F77DD
5293,83,2,426.03999999999996,At-Risk,#BA7517
5294,176,1,245.76,New Customers,#7F77DD
5295,132,3,483.0,New Customers,#7F77DD
5296,10,7,869.42,At-Risk,#BA7517
5297,41,2,540.26,At-Risk,#BA7517
5298,23,3,344.31,At-Risk,#BA7517
5299,155,2,380.19,New Customers,#7F77DD
5300,64,6,860.51,At-Risk,#BA7517
5301,221,1,184.03,New Customers,#7F77DD
5302,249,3,858.28,New Customers,#7F77DD
5304,134,1,96.33,New Customers,#7F77DD
5305,77,5,552.14,At-Risk,#BA7517
5306,28,1,172.91,At-Risk,#BA7517
5309,277,1,160.36,New Customers,#7F77DD
5310,51,2,294.19,At-Risk,#BA7517
5311,223,1,174.26,New Customers,#7F77DD
5312,202,1,275.43,New Customers,#7F77DD
5313,27,2,312.96,At-Risk,#BA7517
5315,104,3,188.08,At-Risk,#BA7517
5316,64,2,78.02000000000001,At-Risk,#BA7517
5318,55,3,1575.26,At-Risk,#BA7517
5319,187,2,685.0699999999999,New Customers,#7F77DD
5321,90,2,525.35,At-Risk,#BA7517
5322,207,2,746.06,New Customers,#7F77DD
5324,108,2,205.12,At-Risk,#BA7517
5325,9,5,240.42000000000002,At-Risk,#BA7517
5326,7,7,1494.65,At-Risk,#BA7517
5327,54,2,244.55,At-Risk,#BA7517
5328,2,6,1324.67,At-Risk,#BA7517
5329,40,2,800.6600000000001,At-Risk,#BA7517
5330,199,1,822.28,New Customers,#7F77DD
5331,36,4,1285.7,At-Risk,#BA7517
5332,164,1,457.35,New Customers,#7F77DD
5333,2,5,785.16,At-Risk,#BA7517
5334,6,2,386.17,At-Risk,#BA7517
5336,166,1,87.93,New Customers,#7F77DD
5337,54,3,1226.21,At-Risk,#BA7517
5338,109,2,335.66,At-Risk,#BA7517
5339,290,2,158.67000000000002,New Customers,#7F77DD
5340,152,3,1245.03,New Customers,#7F77DD
5341,9,3,517.43,At-Risk,#BA7517
5342,10,7,1451.06,At-Risk,#BA7517
5343,53,4,997.73,At-Risk,#BA7517
5344,261,2,333.25,New Customers,#7F77DD
5345,365,1,155.12,New Customers,#7F77DD
5346,42,2,240.66,At-Risk,#BA7517
5347,99,2,310.9,At-Risk,#BA7517
5348,37,1,178.06,At-Risk,#BA7517
5349,219,1,149.22,New Customers,#7F77DD
5350,9,6,1052.81,At-Risk,#BA7517
5351,142,1,140.59,New Customers,#7F77DD
5352,214,1,137.91,New Customers,#7F77DD
5353,225,1,172.39,New Customers,#7F77DD
5354,30,2,320.94,At-Risk,#BA7517
5355,244,2,448.66,New Customers,#7F77DD
5356,266,1,105.81,New Customers,#7F77DD
5357,2,7,1014.5,At-Risk,#BA7517
5358,232,3,687.64,New Customers,#7F77DD
5359,14,1,750.76,At-Risk,#BA7517
5361,2,11,2891.48,At-Risk,#BA7517
5362,18,3,249.32,At-Risk,#BA7517
5363,150,1,70.02,New Customers,#7F77DD
5364,158,1,228.45,New Customers,#7F77DD
5366,102,1,143.14,At-Risk,#BA7517
5367,15,3,901.32,At-Risk,#BA7517
5368,53,4,678.78,At-Risk,#BA7517
5369,12,11,2297.16,At-Risk,#BA7517
5370,191,2,546.58,New Customers,#7F77DD
5371,193,1,73.17,New Customers,#7F77DD
5372,18,2,198.07,At-Risk,#BA7517
5373,57,2,725.45,At-Risk,#BA7517
5374,327,1,37.16,New Customers,#7F77DD
5375,127,1,331.76,At-Risk,#BA7517
5376,12,4,922.78,At-Risk,#BA7517
5377,110,1,91.2,At-Risk,#BA7517
5378,79,1,312.86,At-Risk,#BA7517
5379,45,4,670.51,At-Risk,#BA7517
5381,86,2,255.38,At-Risk,#BA7517
5382,99,3,508.39,At-Risk,#BA7517
5383,110,1,158.3,At-Risk,#BA7517
5384,2,4,274.14,At-Risk,#BA7517
5385,160,2,681.02,New Customers,#7F77DD
5386,27,6,757.77,At-Risk,#BA7517
5387,117,3,351.39,At-Risk,#BA7517
5388,121,1,416.92,At-Risk,#BA7517
5389,57,3,170.95,At-Risk,#BA7517
5390,49,2,887.3,At-Risk,#BA7517
5391,8,3,838.55,At-Risk,#BA7517
5392,137,7,2170.17,At-Risk,#BA7517
5393,86,2,122.53999999999999,At-Risk,#BA7517
5394,185,2,316.04,New Customers,#7F77DD
5395,83,2,402.38,At-Risk,#BA7517
5396,48,4,564.56,At-Risk,#BA7517
5397,168,4,1556.87,New Customers,#7F77DD
5399,366,1,143.49,New Customers,#7F77DD
5400,44,5,997.5,At-Risk,#BA7517
5401,30,17,2800.58,At-Risk,#BA7517
5402,113,2,579.6,At-Risk,#BA7517
5403,12,12,5368.103434638839,At-Risk,#BA7517
5404,1,4,782.26,At-Risk,#BA7517
5405,97,4,628.8,At-Risk,#BA7517
5406,290,2,219.39,New Customers,#7F77DD
5407,62,2,271.05,At-Risk,#BA7517
5408,59,2,408.94,At-Risk,#BA7517
5409,251,1,205.46,New Customers,#7F77DD
5410,56,3,352.55,At-Risk,#BA7517
5411,34,2,264.16,At-Risk,#BA7517
5412,254,1,116.27,New Customers,#7F77DD
5413,112,6,1027.96,At-Risk,#BA7517
5414,83,3,229.06,At-Risk,#BA7517
5415,326,1,65.61,New Customers,#7F77DD
5416,23,27,5673.82,At-Risk,#BA7517
5417,252,1,70.29,New Customers,#7F77DD
5418,137,1,189.87,New Customers,#7F77DD
5419,20,2,261.38,At-Risk,#BA7517
5420,60,1,63.98,At-Risk,#BA7517
5421,34,5,1284.53,At-Risk,#BA7517
5422,142,2,843.92,New Customers,#7F77DD
5423,13,24,3193.96,At-Risk,#BA7517
5424,313,2,129.19,New Customers,#7F77DD
5425,175,4,309.01,New Customers,#7F77DD
5426,344,1,134.0,New Customers,#7F77DD
5427,249,2,762.74,New Customers,#7F77DD
5428,126,2,251.38,At-Risk,#BA7517
5429,178,2,198.84,New Customers,#7F77DD
5430,24,3,841.2399999999999,At-Risk,#BA7517
5431,69,2,408.38,At-Risk,#BA7517
5432,63,6,932.19,At-Risk,#BA7517
5433,19,1,186.19,At-Risk,#BA7517
5434,29,51,13545.299435766683,At-Risk,#BA7517
5435,255,1,85.51,New Customers,#7F77DD
5436,10,1,211.04,At-Risk,#BA7517
5437,35,2,541.89,At-Risk,#BA7517
5438,104,3,479.83000000000004,At-Risk,#BA7517
5439,143,2,674.11,New Customers,#7F77DD
5440,139,2,148.52,New Customers,#7F77DD
5441,40,4,738.09,At-Risk,#BA7517
5442,6,1,184.49,At-Risk,#BA7517
5443,180,2,203.69,New Customers,#7F77DD
5444,272,1,160.96,New Customers,#7F77DD
5445,1,68,19268.34647724668,Loyal Customers,#1D9E75
5447,76,3,615.76,At-Risk,#BA7517
5448,1,4,893.48,At-Risk,#BA7517
5450,225,2,347.27,New Customers,#7F77DD
5451,118,2,404.64,At-Risk,#BA7517
5452,1,2,298.43,At-Risk,#BA7517
5453,25,4,844.6700000000001,At-Risk,#BA7517
5454,317,1,112.28,New Customers,#7F77DD
5455,47,1,76.35,At-Risk,#BA7517
5456,176,1,85.95,New Customers,#7F77DD
5457,170,5,1971.5900000000001,New Customers,#7F77DD
5458,97,2,457.56,At-Risk,#BA7517
5459,6,8,1070.69,At-Risk,#BA7517
5460,178,1,53.08,New Customers,#7F77DD
5462,236,2,602.8100000000001,New Customers,#7F77DD
5464,80,5,426.15,At-Risk,#BA7517
5465,50,5,676.62,At-Risk,#BA7517
5466,56,2,468.21999999999997,At-Risk,#BA7517
5467,11,6,1063.3899999999999,At-Risk,#BA7517
5468,8,4,712.97,At-Risk,#BA7517
5469,292,1,186.87,New Customers,#7F77DD
5470,22,49,9726.48,At-Risk,#BA7517
5471,221,1,255.04,New Customers,#7F77DD
5472,40,3,581.72,At-Risk,#BA7517
5473,264,2,241.76,New Customers,#7F77DD
5474,9,5,877.15,At-Risk,#BA7517
5475,263,5,1644.87,New Customers,#7F77DD
5476,28,13,1576.6599999999999,At-Risk,#BA7517
5477,319,1,123.18,New Customers,#7F77DD
5478,110,2,149.25,At-Risk,#BA7517
5480,275,1,56.13,New Customers,#7F77DD
5481,52,2,409.53,At-Risk,#BA7517
5482,1,8,1270.8,At-Risk,#BA7517
5483,99,3,349.97,At-Risk,#BA7517
5485,18,3,808.12,At-Risk,#BA7517
5486,246,2,256.28999999999996,New Customers,#7F77DD
5487,57,4,1640.38,At-Risk,#BA7517
5488,315,1,74.79,New Customers,#7F77DD
5490,23,2,317.22,At-Risk,#BA7517
5491,35,4,658.61,At-Risk,#BA7517
5492,98,22,3849.43,At-Risk,#BA7517
5493,68,4,1511.7,At-Risk,#BA7517
5494,112,1,30.35,At-Risk,#BA7517
5495,258,2,796.22,New Customers,#7F77DD
5496,17,14,2099.82,At-Risk,#BA7517
5497,132,2,165.32,New Customers,#7F77DD
5498,61,1,278.84,At-Risk,#BA7517
5499,338,1,127.3,New Customers,#7F77DD
5500,346,1,168.81,New Customers,#7F77DD
5501,67,2,655.7255403993706,At-Risk,#BA7517
5502,64,6,1655.84,At-Risk,#BA7517
5503,4,6,1798.41,At-Risk,#BA7517
5504,223,2,150.62,New Customers,#7F77DD
5505,32,4,1284.1916775629804,At-Risk,#BA7517
5506,66,2,372.41999999999996,At-Risk,#BA7517
5507,2,157,34758.604206587035,Loyal Customers,#1D9E75
5508,95,1,42.5,At-Risk,#BA7517
5509,213,2,247.92,New Customers,#7F77DD
5510,14,6,2087.71,At-Risk,#BA7517
5511,65,3,305.25,At-Risk,#BA7517
5512,200,2,197.56,New Customers,#7F77DD
5514,50,3,328.15999999999997,At-Risk,#BA7517
5515,155,2,519.04,New Customers,#7F77DD
5516,143,2,141.66,New Customers,#7F77DD
5517,3,7,1121.73,At-Risk,#BA7517
5518,19,2,515.9100000000001,At-Risk,#BA7517
5519,8,2,301.79,At-Risk,#BA7517
5520,18,4,521.81,At-Risk,#BA7517
5521,26,11,2831.21,At-Risk,#BA7517
5522,4,13,2253.51,At-Risk,#BA7517
5524,101,2,245.17000000000002,At-Risk,#BA7517
5525,15,13,3111.43,At-Risk,#BA7517
5526,68,2,205.85999999999999,At-Risk,#BA7517
5527,206,1,101.84,New Customers,#7F77DD
5528,217,3,560.79,New Customers,#7F77DD
5529,155,2,379.08,New Customers,#7F77DD
5530,113,4,954.1800000000001,At-Risk,#BA7517
5531,110,3,316.04,At-Risk,#BA7517
5532,103,1,188.7,At-Risk,#BA7517
5533,7,4,392.46999999999997,At-Risk,#BA7517
5534,24,3,707.1999999999999,At-Risk,#BA7517
5535,5,25,5238.25,At-Risk,#BA7517
5536,5,2,646.4399999999999,At-Risk,#BA7517
5537,6,6,655.5699999999999,At-Risk,#BA7517
5539,213,1,138.33,New Customers,#7F77DD
5540,27,2,265.14,At-Risk,#BA7517
5541,244,1,321.52,New Customers,#7F77DD
5542,145,2,682.75,New Customers,#7F77DD
5543,103,1,205.02,At-Risk,#BA7517
5544,23,1,62.28,At-Risk,#BA7517
5546,70,5,854.48,At-Risk,#BA7517
5547,123,4,968.52,At-Risk,#BA7517
5548,31,1,318.28,At-Risk,#BA7517
5549,38,3,704.99,At-Risk,#BA7517
5551,69,4,1220.48,At-Risk,#BA7517
5552,155,2,368.9,New Customers,#7F77DD
5553,64,3,687.5,At-Risk,#BA7517
5554,54,3,315.94,At-Risk,#BA7517
5555,29,3,332.22,At-Risk,#BA7517
5556,140,2,1155.3,New Customers,#7F77DD
5557,6,4,520.95,At-Risk,#BA7517
5558,55,2,327.19,At-Risk,#BA7517
5560,283,1,174.64,New Customers,#7F77DD
5561,254,1,57.42,New Customers,#7F77DD
5562,146,5,890.33,New Customers,#7F77DD
5563,1,4,523.95,At-Risk,#BA7517
5564,3,10,1513.67,At-Risk,#BA7517
5565,179,1,145.9,New Customers,#7F77DD
5566,13,15,2934.82,At-Risk,#BA7517
5567,7,4,1007.03,At-Risk,#BA7517
5568,21,11,2764.63,At-Risk,#BA7517
5569,31,3,199.87,At-Risk,#BA7517
5570,161,2,723.48,New Customers,#7F77DD
5571,190,2,824.38,New Customers,#7F77DD
5572,175,1,145.38,New Customers,#7F77DD
5573,41,13,2002.75,At-Risk,#BA7517
5574,41,1,172.57,At-Risk,#BA7517
5575,211,2,189.98000000000002,New Customers,#7F77DD
5576,160,3,1110.21,New Customers,#7F77DD
5577,44,6,1467.9299999999998,At-Risk,#BA7517
5578,23,13,1839.56,At-Risk,#BA7517
5579,58,1,611.82,At-Risk,#BA7517
5580,265,3,357.89,New Customers,#7F77DD
5581,62,2,820.46,At-Risk,#BA7517
5583,326,1,210.28,New Customers,#7F77DD
5584,209,1,143.02,New Customers,#7F77DD
5585,77,2,827.03,At-Risk,#BA7517
5586,73,6,965.79,At-Risk,#BA7517
5587,22,3,302.76,At-Risk,#BA7517
5589,51,5,722.01,At-Risk,#BA7517
5592,329,1,138.75,New Customers,#7F77DD
5593,20,16,2852.09,At-Risk,#BA7517
5594,159,2,2438.1581164575728,New Customers,#7F77DD
5595,4,37,6888.66,At-Risk,#BA7517
5596,25,1,77.01,At-Risk,#BA7517
5597,99,1,88.08,At-Risk,#BA7517
5598,32,4,1617.8000000000002,At-Risk,#BA7517
5599,104,2,669.06,At-Risk,#BA7517
5600,111,3,749.27,At-Risk,#BA7517
5601,11,12,2989.88,At-Risk,#BA7517
5602,28,4,474.58000000000004,At-Risk,#BA7517
5603,43,4,681.0,At-Risk,#BA7517
5604,203,1,380.0,New Customers,#7F77DD
5605,153,1,68.43,New Customers,#7F77DD
5607,58,1,112.35,At-Risk,#BA7517
5608,50,2,422.65000000000003,At-Risk,#BA7517
5609,149,1,149.44,New Customers,#7F77DD
5610,124,3,453.40999999999997,At-Risk,#BA7517
5611,173,1,135.6,New Customers,#7F77DD
5612,72,2,568.63,At-Risk,#BA7517
5613,218,1,162.3,New Customers,#7F77DD
5614,39,1,106.4,At-Risk,#BA7517
5615,60,13,2531.62,At-Risk,#BA7517
5616,268,1,147.94,New Customers,#7F77DD
5618,44,1,119.54,At-Risk,#BA7517
5619,45,2,328.3,At-Risk,#BA7517
5620,325,1,81.2,New Customers,#7F77DD
5621,66,1,213.32,At-Risk,#BA7517
5622,44,1,78.86,At-Risk,#BA7517
5623,36,3,585.1600000000001,At-Risk,#BA7517
5624,63,4,808.68,At-Risk,#BA7517
5625,48,4,517.48,At-Risk,#BA7517
5626,70,10,2028.0500000000002,At-Risk,#BA7517
5627,352,1,338.05,New Customers,#7F77DD
5628,113,3,495.99,At-Risk,#BA7517
5629,140,3,1030.77,New Customers,#7F77DD
5630,5,11,1592.45,At-Risk,#BA7517
5631,63,1,113.7,At-Risk,#BA7517
5632,48,2,300.44,At-Risk,#BA7517
5633,298,2,1991.4056672365136,New Customers,#7F77DD
5634,51,4,666.7,At-Risk,#BA7517
5635,25,5,1002.76,At-Risk,#BA7517
5638,17,1,741.39,At-Risk,#BA7517
5639,37,1,289.95,At-Risk,#BA7517
5640,203,2,152.4,New Customers,#7F77DD
5641,2,11,2277.14,At-Risk,#BA7517
5642,102,5,613.4300000000001,At-Risk,#BA7517
5644,35,3,352.84000000000003,At-Risk,#BA7517
5645,158,1,75.89,New Customers,#7F77DD
5646,215,1,193.26,New Customers,#7F77DD
5648,15,4,1351.72,At-Risk,#BA7517
5649,119,2,226.28,At-Risk,#BA7517
5651,312,1,60.56,New Customers,#7F77DD
5652,39,6,813.47,At-Risk,#BA7517
5653,12,49,8815.71,At-Risk,#BA7517
5655,129,1,118.97,At-Risk,#BA7517
5656,152,2,231.0,New Customers,#7F77DD
5657,124,4,648.86,At-Risk,#BA7517
5658,38,6,1108.88,At-Risk,#BA7517
5659,115,3,923.31,At-Risk,#BA7517
5660,199,2,444.9,New Customers,#7F77DD
5662,6,7,2071.67,At-Risk,#BA7517
5663,138,1,44.7,New Customers,#7F77DD
5664,46,4,749.8199999999999,At-Risk,#BA7517
5665,241,1,29.04,New Customers,#7F77DD
5668,97,4,963.42,At-Risk,#BA7517
5669,183,2,202.65,New Customers,#7F77DD
5670,47,2,323.9,At-Risk,#BA7517
5673,152,2,661.3399999999999,New Customers,#7F77DD
5674,1,314,58854.52,Loyal Customers,#1D9E75
5676,121,2,322.87,At-Risk,#BA7517
5677,217,2,285.98,New Customers,#7F77DD
5678,97,6,728.53,At-Risk,#BA7517
5679,63,1,189.38,At-Risk,#BA7517
5680,30,3,579.47,At-Risk,#BA7517
5681,15,9,1599.52,At-Risk,#BA7517
5683,300,1,86.99,New Customers,#7F77DD
5684,48,3,670.53,At-Risk,#BA7517
5685,11,3,328.24,At-Risk,#BA7517
5686,194,2,1230.0,New Customers,#7F77DD
5687,69,4,1016.69,At-Risk,#BA7517
5688,350,1,143.96,New Customers,#7F77DD
5689,52,1,72.95,At-Risk,#BA7517
5690,47,3,287.90999999999997,At-Risk,#BA7517
5691,227,1,90.34,New Customers,#7F77DD
5692,86,3,831.96,At-Risk,#BA7517
5693,126,4,916.78,At-Risk,#BA7517
5694,112,3,424.26,At-Risk,#BA7517
5695,275,1,236.24,New Customers,#7F77DD
5696,71,3,294.3,At-Risk,#BA7517
5697,43,3,507.77,At-Risk,#BA7517
5698,120,1,181.98,At-Risk,#BA7517
5699,44,4,906.59,At-Risk,#BA7517
5700,122,2,185.03,At-Risk,#BA7517
5701,141,2,178.32999999999998,New Customers,#7F77DD
5703,306,1,151.26,New Customers,#7F77DD
5704,141,1,81.86,New Customers,#7F77DD
5705,14,5,943.88,At-Risk,#BA7517
5706,299,1,95.17,New Customers,#7F77DD
5707,30,9,1542.85,At-Risk,#BA7517
5708,165,3,428.01,New Customers,#7F77DD
5709,142,4,483.89,New Customers,#7F77DD
5710,107,3,624.06,At-Risk,#BA7517
5711,193,1,84.31,New Customers,#7F77DD
5712,201,2,1201.2,New Customers,#7F77DD
5713,1,11,2889.7,At-Risk,#BA7517
5714,10,2,258.06,At-Risk,#BA7517
5715,17,5,1013.89,At-Risk,#BA7517
5716,39,10,2617.4,At-Risk,#BA7517
5717,94,4,1016.12,At-Risk,#BA7517
5718,56,8,1134.8500000000001,At-Risk,#BA7517
5719,77,4,793.84,At-Risk,#BA7517
5720,159,3,779.5600000000001,New Customers,#7F77DD
5723,87,6,666.27,At-Risk,#BA7517
5724,12,3,890.49,At-Risk,#BA7517
5725,23,1,81.14,At-Risk,#BA7517
5726,118,2,195.39999999999998,At-Risk,#BA7517
5727,57,1,116.01,At-Risk,#BA7517
5728,9,2,712.5699999999999,At-Risk,#BA7517
5729,53,5,1822.78,At-Risk,#BA7517
5730,38,4,1117.15,At-Risk,#BA7517
5731,50,4,1163.04,At-Risk,#BA7517
5732,48,7,1954.88,At-Risk,#BA7517
5733,200,1,292.23,New Customers,#7F77DD
5734,43,1,36.71,At-Risk,#BA7517
5735,73,2,433.8,At-Risk,#BA7517
5736,17,2,438.21000000000004,At-Risk,#BA7517
5737,290,2,462.71999999999997,New Customers,#7F77DD
5738,16,21,4663.87,At-Risk,#BA7517
5739,67,3,683.94,At-Risk,#BA7517
5740,169,2,205.61,New Customers,#7F77DD
5741,10,5,1482.8400000000001,At-Risk,#BA7517
5742,45,18,3755.96,At-Risk,#BA7517
5743,240,2,438.89,New Customers,#7F77DD
5744,4,7,1057.25,At-Risk,#BA7517
5745,27,3,185.31,At-Risk,#BA7517
5747,46,3,382.65,At-Risk,#BA7517
5748,162,4,1589.8200000000002,New Customers,#7F77DD
5749,194,1,201.64,New Customers,#7F77DD
5751,33,4,1168.81,At-Risk,#BA7517
5752,140,3,726.88,New Customers,#7F77DD
5753,37,4,750.17,At-Risk,#BA7517
5754,323,1,562.2,New Customers,#7F77DD
5755,45,31,13496.09936706744,At-Risk,#BA7517
5756,103,1,29.16,At-Risk,#BA7517
5757,106,3,884.28,At-Risk,#BA7517
5758,61,3,597.54,At-Risk,#BA7517
5759,15,2,369.47,At-Risk,#BA7517
5761,300,1,164.38,New Customers,#7F77DD
5762,14,6,844.19,At-Risk,#BA7517
5763,107,3,1210.3700000000001,At-Risk,#BA7517
5764,5,9,1992.75,At-Risk,#BA7517
5766,228,4,698.77,New Customers,#7F77DD
5767,205,1,134.88,New Customers,#7F77DD
5768,43,2,210.95999999999998,At-Risk,#BA7517
5769,83,2,234.12,At-Risk,#BA7517
5770,68,5,516.92,At-Risk,#BA7517
5771,270,1,165.45,New Customers,#7F77DD
5773,124,2,251.95,At-Risk,#BA7517
5774,207,1,578.6,New Customers,#7F77DD
5775,153,5,3782.831869338562,New Customers,#7F77DD
5776,89,3,584.39,At-Risk,#BA7517
5777,43,4,602.74,At-Risk,#BA7517
5778,120,3,950.9399999999999,At-Risk,#BA7517
5779,17,5,630.72,At-Risk,#BA7517
5780,80,1,46.21,At-Risk,#BA7517
5781,112,2,494.7,At-Risk,#BA7517
5782,33,3,1015.2,At-Risk,#BA7517
5783,199,3,730.68,New Customers,#7F77DD
5784,10,2,156.13,At-Risk,#BA7517
5785,4,4,647.57,At-Risk,#BA7517
5786,178,1,160.95,New Customers,#7F77DD
5787,51,7,1634.8500000000001,At-Risk,#BA7517
5788,203,1,203.68,New Customers,#7F77DD
5789,211,2,617.9399999999999,New Customers,#7F77DD
5790,277,2,371.15,New Customers,#7F77DD
5791,20,8,1150.97,At-Risk,#BA7517
5792,31,7,876.7,At-Risk,#BA7517
5793,130,1,105.9,New Customers,#7F77DD
5794,15,20,3580.2999999999997,At-Risk,#BA7517
5796,29,5,730.95,At-Risk,#BA7517
5797,28,5,636.27,At-Risk,#BA7517
5798,150,1,59.77,New Customers,#7F77DD
5799,60,6,1533.97,At-Risk,#BA7517
5800,73,1,184.53,At-Risk,#BA7517
5801,128,1,193.76,At-Risk,#BA7517
5802,40,1,206.0,At-Risk,#BA7517
5803,32,4,834.77,At-Risk,#BA7517
5804,33,14,3231.23,At-Risk,#BA7517
5805,208,1,479.8,New Customers,#7F77DD
5807,20,6,1319.25,At-Risk,#BA7517
5808,214,2,6551.019576586518,New Customers,#7F77DD
5809,71,2,520.2,At-Risk,#BA7517
5810,108,3,556.36,At-Risk,#BA7517
5811,35,9,3114.15,At-Risk,#BA7517
5812,34,2,320.84000000000003,At-Risk,#BA7517
5813,12,3,286.77,At-Risk,#BA7517
5814,276,1,310.9,New Customers,#7F77DD
5815,6,4,1271.0,At-Risk,#BA7517
5816,42,1,201.12,At-Risk,#BA7517
5817,78,7,1348.7,At-Risk,#BA7517
5818,306,2,401.78999999999996,New Customers,#7F77DD
5819,20,2,315.63,At-Risk,#BA7517
5820,81,3,525.65,At-Risk,#BA7517
5821,5,3,340.9,At-Risk,#BA7517
5822,214,4,276.06,New Customers,#7F77DD
5823,20,2,265.52,At-Risk,#BA7517
5824,79,5,1192.1,At-Risk,#BA7517
5825,173,2,333.18,New Customers,#7F77DD
5826,146,1,161.97,New Customers,#7F77DD
5827,223,1,67.38,New Customers,#7F77DD
5828,121,4,921.49,At-Risk,#BA7517
5829,3,2,434.5,At-Risk,#BA7517
5830,192,3,451.51,New Customers,#7F77DD
5831,48,4,837.35,At-Risk,#BA7517
5832,178,1,446.02,New Customers,#7F77DD
5833,51,14,5919.621838011684,At-Risk,#BA7517
5834,209,2,154.64999999999998,New Customers,#7F77DD
5835,4,2,471.64,At-Risk,#BA7517
5838,91,2,209.57999999999998,At-Risk,#BA7517
5839,107,6,716.0,At-Risk,#BA7517
5840,362,1,581.9,New Customers,#7F77DD
5841,1,75,13039.21,Loyal Customers,#1D9E75
5842,113,4,760.03,At-Risk,#BA7517
5843,157,6,1248.8,New Customers,#7F77DD
5844,54,3,856.01,At-Risk,#BA7517
5845,184,1,53.09,New Customers,#7F77DD
5846,63,7,1045.92,At-Risk,#BA7517
5847,3,4,761.98,At-Risk,#BA7517
5848,225,3,912.9000000000001,New Customers,#7F77DD
5849,4,7,1458.03,At-Risk,#BA7517
5850,85,2,265.76,At-Risk,#BA7517
5851,6,2,238.17000000000002,At-Risk,#BA7517
5852,168,5,1358.73,New Customers,#7F77DD
5853,359,1,226.02,New Customers,#7F77DD
5854,96,2,358.15999999999997,At-Risk,#BA7517
5855,133,1,664.95,New Customers,#7F77DD
5856,45,5,745.26,At-Risk,#BA7517
5858,19,2,129.92,At-Risk,#BA7517
5859,364,1,210.64,New Customers,#7F77DD
5861,99,1,146.62,At-Risk,#BA7517
5862,19,1,204.34,At-Risk,#BA7517
5863,92,3,1578.32,At-Risk,#BA7517
5867,49,8,1827.7,At-Risk,#BA7517
5868,96,3,887.2,At-Risk,#BA7517
5869,174,1,209.97,New Customers,#7F77DD
5870,172,3,523.93,New Customers,#7F77DD
5871,237,1,91.49,New Customers,#7F77DD
5872,208,1,45.5,New Customers,#7F77DD
5874,80,1,208.05,At-Risk,#BA7517
5875,7,6,2078.62,At-Risk,#BA7517
5876,70,3,367.62,At-Risk,#BA7517
5877,51,2,256.68,At-Risk,#BA7517
5878,61,3,5478.315341877337,At-Risk,#BA7517
5879,102,1,113.04,At-Risk,#BA7517
5881,212,1,697.28,New Customers,#7F77DD
5882,23,52,7952.34,At-Risk,#BA7517
5883,128,3,1642.75,At-Risk,#BA7517
5884,76,2,365.95,At-Risk,#BA7517
5886,338,2,285.83000000000004,New Customers,#7F77DD
5887,315,2,239.41,New Customers,#7F77DD
5888,30,4,726.3399999999999,At-Risk,#BA7517
5889,95,5,516.45,At-Risk,#BA7517
5890,30,2,785.37,At-Risk,#BA7517
5893,265,3,499.68999999999994,New Customers,#7F77DD
5894,37,1,103.02,At-Risk,#BA7517
5897,32,3,557.95,At-Risk,#BA7517
5898,122,4,537.84,At-Risk,#BA7517
5899,13,2,507.30999999999995,At-Risk,#BA7517
5900,133,2,156.01999999999998,New Customers,#7F77DD
5901,31,2,333.62,At-Risk,#BA7517
5902,47,1,64.97,At-Risk,#BA7517
5903,48,27,4685.89,At-Risk,#BA7517
5904,248,2,127.47999999999999,New Customers,#7F77DD
5905,130,1,134.18,New Customers,#7F77DD
5906,328,1,146.73,New Customers,#7F77DD
5908,74,2,458.47,At-Risk,#BA7517
5909,56,3,186.02,At-Risk,#BA7517
5910,168,1,177.68,New Customers,#7F77DD
5911,66,2,157.67000000000002,At-Risk,#BA7517
5912,101,1,346.0,At-Risk,#BA7517
5913,70,3,765.84,At-Risk,#BA7517
5914,99,4,240.5,At-Risk,#BA7517
5915,94,3,532.44,At-Risk,#BA7517
5916,7,88,16036.84,Loyal Customers,#1D9E75
5917,48,2,157.63,At-Risk,#BA7517
5918,43,1,116.52,At-Risk,#BA7517
5920,69,3,1059.85,At-Risk,#BA7517
5921,41,4,1076.74,At-Risk,#BA7517
5922,42,1,372.09,At-Risk,#BA7517
5924,365,1,100.92,New Customers,#7F77DD
5925,17,4,588.76,At-Risk,#BA7517
5926,330,1,118.43,New Customers,#7F77DD
5927,256,1,163.37,New Customers,#7F77DD
5929,57,1,231.55,At-Risk,#BA7517
5930,59,3,203.79,At-Risk,#BA7517
5931,159,2,422.06,New Customers,#7F77DD
5932,52,3,376.42,At-Risk,#BA7517
5933,294,1,75.75,New Customers,#7F77DD
5934,134,2,236.39,New Customers,#7F77DD
5935,16,17,3196.72,At-Risk,#BA7517
5936,9,4,835.89,At-Risk,#BA7517
5937,61,2,273.46,At-Risk,#BA7517
5938,64,1,73.02,At-Risk,#BA7517
5939,28,5,901.88,At-Risk,#BA7517
5940,64,2,299.46,At-Risk,#BA7517
5941,173,2,173.29000000000002,New Customers,#7F77DD
5942,12,4,905.46,At-Risk,#BA7517
5943,180,2,408.20000000000005,New Customers,#7F77DD
5944,49,5,391.16,At-Risk,#BA7517
5945,48,3,1346.25,At-Risk,#BA7517
5946,9,22,4167.708610561739,At-Risk,#BA7517
5948,23,1,998.76,At-Risk,#BA7517
5949,13,8,1699.64,At-Risk,#BA7517
5950,36,1,194.96,At-Risk,#BA7517
5951,66,2,531.81,At-Risk,#BA7517
5952,57,3,645.63,At-Risk,#BA7517
5953,227,2,132.58,New Customers,#7F77DD
5954,5,9,2682.93,At-Risk,#BA7517
5955,230,1,44.38,New Customers,#7F77DD
5956,3,4,581.88,At-Risk,#BA7517
5957,157,4,450.33,New Customers,#7F77DD
5958,221,1,62.4,New Customers,#7F77DD
5959,189,3,351.67,New Customers,#7F77DD
5960,156,2,218.32,New Customers,#7F77DD
5961,137,4,457.36,New Customers,#7F77DD
5962,31,2,291.3,At-Risk,#BA7517
5964,35,7,1400.29,At-Risk,#BA7517
5965,21,1,162.3,At-Risk,#BA7517
5966,150,2,1225.8,New Customers,#7F77DD
5967,356,1,66.72,New Customers,#7F77DD
5968,13,6,1266.43,At-Risk,#BA7517
5970,190,7,1253.6,New Customers,#7F77DD
5971,172,4,1505.67,New Customers,#7F77DD
5972,8,1,429.03,At-Risk,#BA7517
5973,21,4,1196.1599999999999,At-Risk,#BA7517
5975,205,1,868.0,New Customers,#7F77DD
5976,19,3,585.83,At-Risk,#BA7517
5977,17,4,782.56,At-Risk,#BA7517
5978,34,3,551.05,At-Risk,#BA7517
5979,113,1,63.26,At-Risk,#BA7517
5980,15,3,706.0699999999999,At-Risk,#BA7517
5981,64,3,1473.7299999999998,At-Risk,#BA7517
5982,21,3,418.15999999999997,At-Risk,#BA7517
5983,105,1,86.09,At-Risk,#BA7517
5984,30,2,131.82,At-Risk,#BA7517
5985,189,2,410.94,New Customers,#7F77DD
5988,32,7,664.71,At-Risk,#BA7517
5989,194,1,93.39,New Customers,#7F77DD
5990,46,2,358.40999999999997,At-Risk,#BA7517
5992,146,4,1016.99,New Customers,#7F77DD
5993,36,6,1026.9,At-Risk,#BA7517
5994,114,1,79.81,At-Risk,#BA7517
5995,15,3,812.62,At-Risk,#BA7517
5996,351,1,70.13,New Customers,#7F77DD
5997,89,2,625.3299999999999,At-Risk,#BA7517
5998,10,5,773.1600000000001,At-Risk,#BA7517
5999,344,1,52.36,New Customers,#7F77DD
6000,143,4,379.05,New Customers,#7F77DD
6001,26,7,1343.94,At-Risk,#BA7517
6002,53,9,1574.71,At-Risk,#BA7517
6003,19,5,723.2800000000001,At-Risk,#BA7517
6005,139,2,228.89999999999998,New Customers,#7F77DD
6006,15,1,88.87,At-Risk,#BA7517
6007,32,5,537.94,At-Risk,#BA7517
6008,5,6,1392.99,At-Risk,#BA7517
6009,35,4,1333.539036365057,At-Risk,#BA7517
6010,49,6,679.6800000000001,At-Risk,#BA7517
6011,146,1,269.29,New Customers,#7F77DD
6012,1,8,2535.53,At-Risk,#BA7517
6014,116,2,202.22,At-Risk,#BA7517
6015,44,8,1053.99,At-Risk,#BA7517
6016,172,4,785.28,New Customers,#7F77DD
6017,10,5,777.36,At-Risk,#BA7517
6018,172,1,138.29,New Customers,#7F77DD
6019,42,26,5676.88,At-Risk,#BA7517
6020,27,13,2943.33,At-Risk,#BA7517
6021,112,1,1099.15,At-Risk,#BA7517
6022,54,8,904.29,At-Risk,#BA7517
6023,315,1,131.38,New Customers,#7F77DD
6024,133,1,43.06,New Customers,#7F77DD
6025,102,2,288.33000000000004,At-Risk,#BA7517
6026,78,3,795.4100000000001,At-Risk,#BA7517
6027,46,4,606.28,At-Risk,#BA7517
6028,9,6,2019.6499999999999,At-Risk,#BA7517
6029,14,4,2320.32,At-Risk,#BA7517
6030,26,2,282.7,At-Risk,#BA7517
6031,142,3,385.44,New Customers,#7F77DD
6032,170,1,75.31,New Customers,#7F77DD
6033,43,1,65.68,At-Risk,#BA7517
6034,258,1,66.7,New Customers,#7F77DD
6035,171,1,100.73,New Customers,#7F77DD
6036,275,2,683.52,New Customers,#7F77DD
6037,141,4,1016.4000000000001,New Customers,#7F77DD
6038,32,3,258.81,At-Risk,#BA7517
6039,37,4,300.58,At-Risk,#BA7517
6040,9,6,1378.14,At-Risk,#BA7517
6042,201,1,93.99,New Customers,#7F77DD
6043,5,35,6562.08,At-Risk,#BA7517
6044,63,2,317.46000000000004,At-Risk,#BA7517
6045,142,3,528.22,New Customers,#7F77DD
6047,216,1,176.73,New Customers,#7F77DD
6049,64,1,228.5,At-Risk,#BA7517
6051,64,1,106.34,At-Risk,#BA7517
6052,38,3,454.4,At-Risk,#BA7517
6053,90,3,316.65,At-Risk,#BA7517
6055,191,2,212.53,New Customers,#7F77DD
6056,79,3,387.5,At-Risk,#BA7517
6057,5,3,233.56,At-Risk,#BA7517
6058,141,2,463.13,New Customers,#7F77DD
6060,108,9,1762.44,At-Risk,#BA7517
6061,50,4,710.35,At-Risk,#BA7517
6062,24,4,341.76,At-Risk,#BA7517
6063,223,1,59.28,New Customers,#7F77DD
6064,303,2,424.62,New Customers,#7F77DD
6065,39,5,641.5,At-Risk,#BA7517
6066,19,6,855.64,At-Risk,#BA7517
6068,281,1,444.64,New Customers,#7F77DD
6069,65,4,647.93,At-Risk,#BA7517
6070,177,1,70.32,New Customers,#7F77DD
6071,16,3,585.45,At-Risk,#BA7517
6072,53,4,616.6500000000001,At-Risk,#BA7517
6073,162,4,1954.75,New Customers,#7F77DD
6074,18,1,128.48,At-Risk,#BA7517
6075,11,3,968.8499999999999,At-Risk,#BA7517
6076,120,3,636.13,At-Risk,#BA7517
6077,30,8,1317.68,At-Risk,#BA7517
6078,49,6,1177.68,At-Risk,#BA7517
6079,22,17,2691.48,At-Risk,#BA7517
6080,253,1,49.54,New Customers,#7F77DD
6081,94,2,361.34000000000003,At-Risk,#BA7517
6082,328,1,299.05,New Customers,#7F77DD
6083,54,3,459.15000000000003,At-Risk,#BA7517
6084,154,3,408.12,New Customers,#7F77DD
6085,98,2,352.66999999999996,At-Risk,#BA7517
6086,38,2,291.59000000000003,At-Risk,#BA7517
6089,213,1,140.38,New Customers,#7F77DD
6090,32,1,99.78,At-Risk,#BA7517
6091,17,13,3086.17,At-Risk,#BA7517
6092,3,3,409.65,At-Risk,#BA7517
6093,203,3,416.25,New Customers,#7F77DD
6094,111,1,39.86,At-Risk,#BA7517
6095,13,7,1826.24,At-Risk,#BA7517
6096,87,2,1058.8200000000002,At-Risk,#BA7517
6098,16,4,672.6700000000001,At-Risk,#BA7517
6099,259,3,763.6600000000001,New Customers,#7F77DD
6100,59,4,1756.95,At-Risk,#BA7517
6101,25,4,523.8199999999999,At-Risk,#BA7517
6103,138,1,67.77,New Customers,#7F77DD
6104,92,1,153.63,At-Risk,#BA7517
6105,36,14,2490.96,At-Risk,#BA7517
6106,11,8,2123.23,At-Risk,#BA7517
6107,215,1,1604.117025397882,New Customers,#7F77DD
6108,21,2,690.42,At-Risk,#BA7517
6110,65,6,671.79,At-Risk,#BA7517
6111,159,2,242.97000000000003,New Customers,#7F77DD
6112,29,1,132.67,At-Risk,#BA7517
6113,202,1,871.7369303251986,New Customers,#7F77DD
6114,257,1,169.36,New Customers,#7F77DD
6116,13,5,1180.47,At-Risk,#BA7517
6117,49,2,461.76,At-Risk,#BA7517
6119,26,2,248.2,At-Risk,#BA7517
6120,166,1,30.32,New Customers,#7F77DD
6121,283,1,138.17,New Customers,#7F77DD
6122,29,7,2188.87,At-Risk,#BA7517
6123,65,3,808.4000000000001,At-Risk,#BA7517
6124,56,5,737.76,At-Risk,#BA7517
6129,284,1,243.09,New Customers,#7F77DD
6130,326,1,316.1,New Customers,#7F77DD
6131,322,1,244.0,New Customers,#7F77DD
6132,204,2,72.33,New Customers,#7F77DD
6133,220,2,536.97,New Customers,#7F77DD
6134,296,1,68.96,New Customers,#7F77DD
6135,49,3,152.45,At-Risk,#BA7517
6137,75,3,228.3,At-Risk,#BA7517
6138,24,5,601.1,At-Risk,#BA7517
6139,52,9,1108.12,At-Risk,#BA7517
6141,270,4,536.53,New Customers,#7F77DD
6142,211,1,93.88,New Customers,#7F77DD
6144,108,2,286.55,At-Risk,#BA7517
6145,26,2,454.57,At-Risk,#BA7517
6146,7,4,741.49,At-Risk,#BA7517
6147,8,5,711.14,At-Risk,#BA7517
6148,10,5,440.71,At-Risk,#BA7517
6149,206,2,305.62,New Customers,#7F77DD
6150,211,2,276.97,New Customers,#7F77DD
6151,27,7,697.59,At-Risk,#BA7517
6152,14,6,938.01,At-Risk,#BA7517
6153,16,20,3650.39,At-Risk,#BA7517
6154,60,1,72.72,At-Risk,#BA7517
6155,237,2,443.82,New Customers,#7F77DD
6156,122,1,112.48,At-Risk,#BA7517
6157,34,1,71.09,At-Risk,#BA7517
6158,10,8,1994.3,At-Risk,#BA7517
6159,107,2,163.62,At-Risk,#BA7517
6160,73,9,1012.4,At-Risk,#BA7517
6162,262,2,305.07,New Customers,#7F77DD
6163,52,3,526.19,At-Risk,#BA7517
6165,55,3,427.32,At-Risk,#BA7517
6166,25,3,753.66,At-Risk,#BA7517
6167,42,3,481.4,At-Risk,#BA7517
6168,10,2,288.71,At-Risk,#BA7517
6169,137,1,263.76,New Customers,#7F77DD
6170,30,1,30.08,At-Risk,#BA7517
6171,355,1,68.47,New Customers,#7F77DD
6172,1,2,172.75,At-Risk,#BA7517
6173,51,3,865.08,At-Risk,#BA7517
6174,108,1,250.24,At-Risk,#BA7517
6176,33,1,257.9,At-Risk,#BA7517
6177,171,1,66.76,New Customers,#7F77DD
6178,1,3,535.62,At-Risk,#BA7517
6179,287,2,577.17,New Customers,#7F77DD
6180,74,8,1453.6999999999998,At-Risk,#BA7517
6181,139,6,981.79,New Customers,#7F77DD
6182,117,4,1611.348905167044,At-Risk,#BA7517
6183,13,16,3143.7,At-Risk,#BA7517
6184,74,3,272.45,At-Risk,#BA7517
6185,130,2,641.4100000000001,At-Risk,#BA7517
6187,57,3,415.75,At-Risk,#BA7517
6188,359,1,217.9,New Customers,#7F77DD
6189,6,10,1745.98,At-Risk,#BA7517
6190,167,3,525.1600000000001,New Customers,#7F77DD
6191,241,1,186.95,New Customers,#7F77DD
6192,103,1,214.68,At-Risk,#BA7517
6193,38,2,165.11,At-Risk,#BA7517
6194,201,1,196.76,New Customers,#7F77DD
6195,212,1,235.56,New Customers,#7F77DD
6197,244,2,838.71,New Customers,#7F77DD
6198,215,1,141.1,New Customers,#7F77DD
6199,105,1,71.96,At-Risk,#BA7517
6200,32,2,146.69,At-Risk,#BA7517
6201,164,2,416.53,New Customers,#7F77DD
6202,183,3,648.21,New Customers,#7F77DD
6203,114,2,471.24,At-Risk,#BA7517
6204,67,2,444.90000000000003,At-Risk,#BA7517
6205,25,4,2406.7124726207517,At-Risk,#BA7517
6206,50,2,927.04,At-Risk,#BA7517
6207,24,4,624.13,At-Risk,#BA7517
6208,100,5,784.15,At-Risk,#BA7517
6209,8,5,879.6700000000001,At-Risk,#BA7517
6210,174,1,283.35,New Customers,#7F77DD
6211,139,1,79.61,New Customers,#7F77DD
6212,82,2,193.39,At-Risk,#BA7517
6213,253,1,86.15,New Customers,#7F77DD
6214,103,2,1165.27,At-Risk,#BA7517
6215,15,5,1608.41,At-Risk,#BA7517
6216,173,2,712.62,New Customers,#7F77DD
6217,51,3,310.35,At-Risk,#BA7517
6218,95,2,150.1,At-Risk,#BA7517
6219,163,4,1362.89,New Customers,#7F77DD
6220,148,1,215.78,New Customers,#7F77DD
6221,261,1,211.9,New Customers,#7F77DD
6222,31,4,1355.06,At-Risk,#BA7517
6223,246,1,269.28,New Customers,#7F77DD
6224,33,9,1890.6100000000001,At-Risk,#BA7517
6226,76,1,624.27,At-Risk,#BA7517
6227,29,3,292.83,At-Risk,#BA7517
6228,29,4,631.18,At-Risk,#BA7517
6229,10,4,369.88,At-Risk,#BA7517
6231,64,2,316.44,At-Risk,#BA7517
6232,14,4,1843.71,At-Risk,#BA7517
6233,76,3,807.5,At-Risk,#BA7517
6234,126,2,1159.6699999999998,At-Risk,#BA7517
6235,56,7,865.09,At-Risk,#BA7517
6236,227,1,290.04,New Customers,#7F77DD
6237,85,2,226.57999999999998,At-Risk,#BA7517
6238,4,2,340.8,At-Risk,#BA7517
6239,81,1,233.31,At-Risk,#BA7517
6240,18,13,3209.02,At-Risk,#BA7517
6241,44,4,727.21,At-Risk,#BA7517
6242,65,6,1156.5,At-Risk,#BA7517
6243,91,1,136.74,At-Risk,#BA7517
6244,93,6,809.92,At-Risk,#BA7517
6246,88,3,651.9100000000001,At-Risk,#BA7517
6247,145,2,151.34,New Customers,#7F77DD
6248,11,3,1037.3400000000001,At-Risk,#BA7517
6249,150,7,949.96,New Customers,#7F77DD
6250,6,5,613.99,At-Risk,#BA7517
6251,260,2,217.18,New Customers,#7F77DD
6252,66,6,575.86,At-Risk,#BA7517
6253,48,13,3707.0699999999997,At-Risk,#BA7517
6254,41,25,5271.36,At-Risk,#BA7517
6255,21,24,4791.38,At-Risk,#BA7517
6256,189,2,450.46999999999997,New Customers,#7F77DD
6257,64,20,3473.9500000000003,At-Risk,#BA7517
6258,9,3,1553.47,At-Risk,#BA7517
6259,23,3,483.76,At-Risk,#BA7517
6260,245,3,1344.43,New Customers,#7F77DD
6261,24,3,447.71999999999997,At-Risk,#BA7517
6262,65,2,653.2,At-Risk,#BA7517
6263,35,5,519.86,At-Risk,#BA7517
6264,246,2,624.28,New Customers,#7F77DD
6266,76,3,769.79,At-Risk,#BA7517
6267,28,4,1443.44,At-Risk,#BA7517
6268,138,2,187.23000000000002,New Customers,#7F77DD
6269,144,3,678.63,New Customers,#7F77DD
6270,140,3,304.44,New Customers,#7F77DD
6271,208,3,612.77,New Customers,#7F77DD
6272,192,3,320.93,New Customers,#7F77DD
6273,62,3,822.21,At-Risk,#BA7517
6274,354,1,267.88,New Customers,#7F77DD
6275,97,1,96.64,At-Risk,#BA7517
6276,64,2,578.11,At-Risk,#BA7517
6277,27,5,8512.56041359975,At-Risk,#BA7517
6278,193,2,177.6,New Customers,#7F77DD
6279,184,1,109.06,New Customers,#7F77DD
6280,185,1,133.13,New Customers,#7F77DD
6281,70,2,154.03,At-Risk,#BA7517
6282,27,7,771.13,At-Risk,#BA7517
6283,334,1,820.48,New Customers,#7F77DD
6284,28,4,1564.3359526798063,At-Risk,#BA7517
6285,187,1,115.77,New Customers,#7F77DD
6286,159,5,1197.09,New Customers,#7F77DD
6287,147,3,537.49,New Customers,#7F77DD
6288,196,2,1271.01,New Customers,#7F77DD
6289,61,4,854.6600000000001,At-Risk,#BA7517
6290,128,6,1542.6499999999999,At-Risk,#BA7517
6291,105,2,194.22,At-Risk,#BA7517
6292,38,4,502.09000000000003,At-Risk,#BA7517
6293,91,3,694.1400000000001,At-Risk,#BA7517
6294,79,2,334.57,At-Risk,#BA7517
6295,167,3,404.87,New Customers,#7F77DD
6296,14,4,695.98,At-Risk,#BA7517
6299,225,2,308.56,New Customers,#7F77DD
6301,90,4,2398.65,At-Risk,#BA7517
6302,81,2,256.78,At-Risk,#BA7517
6303,189,1,50.47,New Customers,#7F77DD
6304,38,1,100.02,At-Risk,#BA7517
6305,126,1,67.12,At-Risk,#BA7517
6306,96,1,318.24,At-Risk,#BA7517
6307,111,2,244.71,At-Risk,#BA7517
6308,129,2,273.03,At-Risk,#BA7517
6309,9,1,55.91,At-Risk,#BA7517
6310,51,4,525.49,At-Risk,#BA7517
6311,145,2,222.07,New Customers,#7F77DD
6312,65,6,994.5899999999999,At-Risk,#BA7517
6313,350,1,485.85,New Customers,#7F77DD
6314,8,11,1864.08,At-Risk,#BA7517
6316,44,3,901.91,At-Risk,#BA7517
6317,59,2,656.59,At-Risk,#BA7517
6318,81,12,1977.61,At-Risk,#BA7517
6319,266,3,798.27,New Customers,#7F77DD
6320,139,5,1174.12,New Customers,#7F77DD
6322,59,2,191.26,At-Risk,#BA7517
6323,41,2,455.05,At-Risk,#BA7517
6324,192,1,68.57,New Customers,#7F77DD
6325,186,2,292.25,New Customers,#7F77DD
6326,48,5,1052.74,At-Risk,#BA7517
6327,2,46,7177.63,At-Risk,#BA7517
6328,102,2,127.22,At-Risk,#BA7517
6329,5,11,1346.12,At-Risk,#BA7517
6330,3,4,442.18,At-Risk,#BA7517
6331,19,13,2903.56,At-Risk,#BA7517
6332,201,3,270.65,New Customers,#7F77DD
6333,70,3,629.1,At-Risk,#BA7517
6334,173,1,182.72,New Customers,#7F77DD
6335,143,2,777.55,New Customers,#7F77DD
6337,15,4,1556.6999999999998,At-Risk,#BA7517
6338,12,3,776.74,At-Risk,#BA7517
6339,113,4,541.4499999999999,At-Risk,#BA7517
6340,19,1,54.47,At-Risk,#BA7517
6341,11,52,11664.9,At-Risk,#BA7517
6342,73,3,598.98,At-Risk,#BA7517
6344,215,1,303.6,New Customers,#7F77DD
6345,22,4,861.53,At-Risk,#BA7517
6346,44,8,1310.3400000000001,At-Risk,#BA7517
6347,47,7,1366.4,At-Risk,#BA7517
6348,335,1,94.42,New Customers,#7F77DD
6349,71,9,2024.76,At-Risk,#BA7517
6350,115,3,484.87,At-Risk,#BA7517
6351,318,1,401.55,New Customers,#7F77DD
6352,31,9,1363.1399999999999,At-Risk,#BA7517
6354,118,1,248.36,At-Risk,#BA7517
6355,135,2,307.68,New Customers,#7F77DD
6356,52,2,253.42,At-Risk,#BA7517
6357,105,4,298.33000000000004,At-Risk,#BA7517
6358,48,4,1102.79,At-Risk,#BA7517
6359,51,3,463.62,At-Risk,#BA7517
6360,104,1,144.52,At-Risk,#BA7517
6361,98,1,960.65,At-Risk,#BA7517
6362,258,2,328.34,New Customers,#7F77DD
6363,227,1,190.47,New Customers,#7F77DD
6364,55,4,864.92,At-Risk,#BA7517
6365,354,1,57.28,New Customers,#7F77DD
6366,31,4,1639.95,At-Risk,#BA7517
6367,59,1,594.09,At-Risk,#BA7517
6368,116,4,1099.57,At-Risk,#BA7517
6369,33,2,256.66,At-Risk,#BA7517
6370,209,1,37.76,New Customers,#7F77DD
6371,27,1,240.36,At-Risk,#BA7517
6372,19,3,656.42,At-Risk,#BA7517
6373,53,2,240.64,At-Risk,#BA7517
6374,268,1,90.64,New Customers,#7F77DD
6375,143,1,381.32,New Customers,#7F77DD
6376,24,5,876.91,At-Risk,#BA7517
6377,20,4,428.23,At-Risk,#BA7517
6378,97,2,184.06,At-Risk,#BA7517
6379,201,1,107.49,New Customers,#7F77DD
6380,58,2,276.06,At-Risk,#BA7517
6381,28,10,2113.76,At-Risk,#BA7517
6382,210,2,286.65999999999997,New Customers,#7F77DD
6383,293,2,251.33999999999997,New Customers,#7F77DD
6384,18,14,2466.19,At-Risk,#BA7517
6386,226,1,135.3,New Customers,#7F77DD
6387,9,6,983.7199999999999,At-Risk,#BA7517
6389,111,3,189.98,At-Risk,#BA7517
6390,17,3,564.1,At-Risk,#BA7517
6391,93,2,1258.75,At-Risk,#BA7517
6393,25,3,285.65999999999997,At-Risk,#BA7517
6395,43,6,1361.42,At-Risk,#BA7517
6396,30,1,127.85,At-Risk,#BA7517
6397,190,1,634.35,New Customers,#7F77DD
6398,34,3,588.3,At-Risk,#BA7517
6399,59,7,1712.61,At-Risk,#BA7517
6400,276,1,180.34,New Customers,#7F77DD
6401,129,4,637.08,At-Risk,#BA7517
6402,10,33,5812.99,At-Risk,#BA7517
6403,59,9,2085.34,At-Risk,#BA7517
6404,61,2,309.55,At-Risk,#BA7517
6405,17,15,3222.15,At-Risk,#BA7517
6406,10,3,551.19,At-Risk,#BA7517
6407,265,1,52.68,New Customers,#7F77DD
6408,22,3,452.83000000000004,At-Risk,#BA7517
6410,108,1,83.54,At-Risk,#BA7517
6411,26,4,388.88,At-Risk,#BA7517
6412,105,5,1381.54,At-Risk,#BA7517
6413,136,1,130.83,New Customers,#7F77DD
6414,9,3,531.36,At-Risk,#BA7517
6415,102,1,78.62,At-Risk,#BA7517
6416,125,2,287.15999999999997,At-Risk,#BA7517
6417,180,1,658.28,New Customers,#7F77DD
6418,57,1,49.38,At-Risk,#BA7517
6419,1,5,3409.0932959457195,At-Risk,#BA7517
6420,20,8,2045.27,At-Risk,#BA7517
6421,35,2,1090.1799999999998,At-Risk,#BA7517
6422,68,3,1423.72,At-Risk,#BA7517
6423,2,1,144.46,At-Risk,#BA7517
6424,327,1,168.62,New Customers,#7F77DD
6426,44,5,1080.39,At-Risk,#BA7517
6427,127,2,268.32,At-Risk,#BA7517
6428,63,3,744.04,At-Risk,#BA7517
6429,203,1,70.93,New Customers,#7F77DD
6431,183,2,250.6,New Customers,#7F77DD
6432,21,1,759.08,At-Risk,#BA7517
6433,224,2,221.8,New Customers,#7F77DD
6434,50,2,224.74,At-Risk,#BA7517
6435,336,1,92.56,New Customers,#7F77DD
6436,312,1,153.04,New Customers,#7F77DD
6437,63,2,593.6700000000001,At-Risk,#BA7517
6438,11,19,3682.33,At-Risk,#BA7517
6439,69,5,583.3199999999999,At-Risk,#BA7517
6440,19,1,130.94,At-Risk,#BA7517
6441,349,1,159.57,New Customers,#7F77DD
6442,234,3,333.08000000000004,New Customers,#7F77DD
6443,12,20,3954.67,At-Risk,#BA7517
6444,328,1,152.82,New Customers,#7F77DD
6445,6,3,530.71,At-Risk,#BA7517
6446,262,2,494.22,New Customers,#7F77DD
6447,148,1,117.66,New Customers,#7F77DD
6448,134,8,743.95,At-Risk,#BA7517
6449,3,4,282.32,At-Risk,#BA7517
6450,340,1,834.2,New Customers,#7F77DD
6451,78,6,1275.27,At-Risk,#BA7517
6452,63,2,742.72,At-Risk,#BA7517
6453,51,1,88.43,At-Risk,#BA7517
6454,160,7,2084.3,New Customers,#7F77DD
6455,8,1,184.38,At-Risk,#BA7517
6456,12,2,681.12,At-Risk,#BA7517
6457,49,3,495.84000000000003,At-Risk,#BA7517
6458,90,5,590.25,At-Risk,#BA7517
6459,22,9,2385.68,At-Risk,#BA7517
6462,127,2,137.79,At-Risk,#BA7517
6463,120,2,502.64,At-Risk,#BA7517
6464,290,3,367.8,New Customers,#7F77DD
6465,134,3,717.22,New Customers,#7F77DD
6467,56,2,351.59000000000003,At-Risk,#BA7517
6468,34,3,424.84000000000003,At-Risk,#BA7517
6469,4,5,1977.8600000000001,At-Risk,#BA7517
6470,230,3,346.32,New Customers,#7F77DD
6471,218,1,81.3,New Customers,#7F77DD
6472,54,2,329.51,At-Risk,#BA7517
6473,83,4,959.48,At-Risk,#BA7517
6474,24,4,1064.1100000000001,At-Risk,#BA7517
6476,181,1,43.65,New Customers,#7F77DD
6477,43,3,1018.37,At-Risk,#BA7517
6478,11,9,1443.05,At-Risk,#BA7517
6479,48,3,2742.787398544776,At-Risk,#BA7517
6480,292,2,960.28,New Customers,#7F77DD
6481,99,2,394.25,At-Risk,#BA7517
6482,279,1,109.23,New Customers,#7F77DD
6483,3,46,10635.31,At-Risk,#BA7517
6484,7,12,2404.23,At-Risk,#BA7517
6485,82,4,594.99,At-Risk,#BA7517
6486,12,2,636.24,At-Risk,#BA7517
6487,97,5,802.97,At-Risk,#BA7517
6488,256,2,204.79,New Customers,#7F77DD
6489,35,5,674.93,At-Risk,#BA7517
6490,20,2,163.11,At-Risk,#BA7517
6491,102,3,892.65,At-Risk,#BA7517
6492,277,1,185.87,New Customers,#7F77DD
6495,14,6,528.8299999999999,At-Risk,#BA7517
6496,80,3,305.26,At-Risk,#BA7517
6497,13,4,694.9100000000001,At-Risk,#BA7517
6498,98,1,274.1,At-Risk,#BA7517
6499,69,3,151.76,At-Risk,#BA7517
6500,227,2,2291.8078264368482,New Customers,#7F77DD
6501,103,5,454.34,At-Risk,#BA7517
6503,66,2,211.68,At-Risk,#BA7517
6504,6,2,341.81,At-Risk,#BA7517
6505,25,9,1880.64,At-Risk,#BA7517
6506,51,2,529.74,At-Risk,#BA7517
6507,84,3,921.3742349093336,At-Risk,#BA7517
6509,106,1,280.3,At-Risk,#BA7517
6510,192,1,87.72,New Customers,#7F77DD
6511,99,1,165.1,At-Risk,#BA7517
6512,180,3,417.53999999999996,New Customers,#7F77DD
6513,149,3,1495.0,New Customers,#7F77DD
6514,14,1,779.0,At-Risk,#BA7517
6515,310,1,364.8,New Customers,#7F77DD
6516,53,1,199.02,At-Risk,#BA7517
6517,295,1,308.12,New Customers,#7F77DD
6519,26,10,2857.8199999999997,At-Risk,#BA7517
6520,241,3,476.48,New Customers,#7F77DD
6521,200,1,78.44,New Customers,#7F77DD
6522,149,3,448.65999999999997,New Customers,#7F77DD
6523,162,1,64.14,New Customers,#7F77DD
6524,262,1,341.38,New Customers,#7F77DD
6525,159,1,139.7,New Customers,#7F77DD
6526,237,1,109.28,New Customers,#7F77DD
6527,73,1,45.65,At-Risk,#BA7517
6528,15,8,1852.69,At-Risk,#BA7517
6529,31,2,280.08,At-Risk,#BA7517
6530,171,4,539.64,New Customers,#7F77DD
6531,166,1,87.81,New Customers,#7F77DD
6532,46,1,199.38,At-Risk,#BA7517
6533,323,1,51.86,New Customers,#7F77DD
6534,121,2,327.43,At-Risk,#BA7517
6536,6,3,944.9399999999999,At-Risk,#BA7517
6537,59,2,751.78,At-Risk,#BA7517
6538,97,3,342.78,At-Risk,#BA7517
6540,158,1,225.02,New Customers,#7F77DD
6541,19,4,1341.77,At-Risk,#BA7517
6544,8,10,1084.78,At-Risk,#BA7517
6545,78,3,429.68,At-Risk,#BA7517
6546,70,5,389.49,At-Risk,#BA7517
6547,134,1,424.6,New Customers,#7F77DD
6548,31,3,757.49,At-Risk,#BA7517
6549,20,6,909.68,At-Risk,#BA7517
6550,218,2,319.11,New Customers,#7F77DD
6551,62,12,4004.07,At-Risk,#BA7517
6552,16,1,155.98,At-Risk,#BA7517
6553,51,3,463.01,At-Risk,#BA7517
6554,81,4,224.61,At-Risk,#BA7517
6555,20,1,88.63,At-Risk,#BA7517
6556,62,2,872.2,At-Risk,#BA7517
6558,61,2,491.06000000000006,At-Risk,#BA7517
6559,27,4,648.9,At-Risk,#BA7517
6560,291,4,752.38,New Customers,#7F77DD
6561,60,2,410.3,At-Risk,#BA7517
6562,152,2,168.42,New Customers,#7F77DD
6563,136,1,105.14,New Customers,#7F77DD
6564,140,4,623.37,New Customers,#7F77DD
6565,264,1,213.55,New Customers,#7F77DD
6566,191,2,322.1,New Customers,#7F77DD
6567,251,2,280.75,New Customers,#7F77DD
6568,175,1,68.37,New Customers,#7F77DD
6569,106,5,954.08,At-Risk,#BA7517
6571,204,1,446.28,New Customers,#7F77DD
6573,87,1,127.23,At-Risk,#BA7517
6574,115,2,204.91,At-Risk,#BA7517
6575,176,1,94.0,New Customers,#7F77DD
6576,143,1,160.1,New Customers,#7F77DD
6577,187,2,469.21999999999997,New Customers,#7F77DD
6578,3,2,124.24,At-Risk,#BA7517
6579,61,2,567.1999999999999,At-Risk,#BA7517
6580,185,6,1302.75,New Customers,#7F77DD
6581,33,2,1203.6806200368214,At-Risk,#BA7517
6584,60,16,1890.5,At-Risk,#BA7517
6585,345,1,48.21,New Customers,#7F77DD
6586,137,2,152.38,New Customers,#7F77DD
6587,43,7,1136.16,At-Risk,#BA7517
6588,170,2,960.1200000000001,New Customers,#7F77DD
6589,212,1,213.23,New Customers,#7F77DD
6591,73,5,1124.16,At-Risk,#BA7517
6592,88,18,2712.14,At-Risk,#BA7517
6594,225,1,63.37,New Customers,#7F77DD
6595,104,3,425.97,At-Risk,#BA7517
6596,70,2,878.01,At-Risk,#BA7517
6597,315,3,150.73,New Customers,#7F77DD
6598,332,1,75.49,New Customers,#7F77DD
6600,29,5,1429.0900000000001,At-Risk,#BA7517
6601,69,6,601.9,At-Risk,#BA7517
6602,122,2,194.48000000000002,At-Risk,#BA7517
6603,37,2,293.78,At-Risk,#BA7517
6604,50,1,256.59,At-Risk,#BA7517
6605,116,1,49.64,At-Risk,#BA7517
6606,94,3,911.3299999999999,At-Risk,#BA7517
6607,54,1,32.95,At-Risk,#BA7517
6608,9,4,383.41999999999996,At-Risk,#BA7517
6609,284,1,106.32,New Customers,#7F77DD
6610,14,3,429.26,At-Risk,#BA7517
6611,150,2,327.37,New Customers,#7F77DD
6613,149,1,73.91,New Customers,#7F77DD
6614,138,4,314.95000000000005,New Customers,#7F77DD
6615,13,3,398.04,At-Risk,#BA7517
6616,133,1,190.14,New Customers,#7F77DD
6618,17,2,359.84,At-Risk,#BA7517
6619,30,5,1140.44,At-Risk,#BA7517
6620,135,2,132.79,New Customers,#7F77DD
6621,102,5,715.41,At-Risk,#BA7517
6622,3,2,297.35,At-Risk,#BA7517
6623,26,1,124.58,At-Risk,#BA7517
6624,160,3,204.38,New Customers,#7F77DD
6625,8,15,2810.99,At-Risk,#BA7517
6626,200,2,180.51,New Customers,#7F77DD
6628,31,2,1026.7,At-Risk,#BA7517
6629,122,1,157.35,At-Risk,#BA7517
6630,29,3,1165.67,At-Risk,#BA7517
6631,35,3,1015.74,At-Risk,#BA7517
6633,190,4,370.68,New Customers,#7F77DD
6634,37,4,973.84,At-Risk,#BA7517
6635,37,3,343.11,At-Risk,#BA7517
6636,57,2,517.64,At-Risk,#BA7517
6637,66,3,250.72,At-Risk,#BA7517
6638,50,3,520.5,At-Risk,#BA7517
6639,65,6,659.18,At-Risk,#BA7517
6640,6,2,504.03999999999996,At-Risk,#BA7517
6641,166,3,1456.558878643509,New Customers,#7F77DD
6642,130,2,195.68,At-Risk,#BA7517
6644,46,6,782.81,At-Risk,#BA7517
6645,9,5,654.13,At-Risk,#BA7517
6646,10,9,1387.69,At-Risk,#BA7517
6647,270,1,117.16,New Customers,#7F77DD
6648,26,12,1809.8600000000001,At-Risk,#BA7517
6649,120,5,1765.14,At-Risk,#BA7517
6650,23,14,3186.4300000000003,At-Risk,#BA7517
6651,42,3,299.03,At-Risk,#BA7517
6652,27,4,1242.8999999999999,At-Risk,#BA7517
6653,83,4,1462.22,At-Risk,#BA7517
6654,11,2,170.55,At-Risk,#BA7517
6655,80,8,1514.2,At-Risk,#BA7517
6656,10,3,170.55,At-Risk,#BA7517
6657,33,1,144.3,At-Risk,#BA7517
6658,15,4,466.05,At-Risk,#BA7517
6659,61,3,472.34999999999997,At-Risk,#BA7517
6660,70,2,338.05,At-Risk,#BA7517
6661,43,7,1251.07,At-Risk,#BA7517
6662,39,1,72.83,At-Risk,#BA7517
6663,112,2,322.26,At-Risk,#BA7517
6664,174,3,499.31,New Customers,#7F77DD
6665,18,1,69.44,At-Risk,#BA7517
6666,87,1,33.88,At-Risk,#BA7517
6667,79,6,798.85,At-Risk,#BA7517
6669,2,3,1277.22,At-Risk,#BA7517
6670,163,1,68.13,New Customers,#7F77DD
6671,157,1,154.46,New Customers,#7F77DD
6672,4,2,380.99,At-Risk,#BA7517
6673,19,7,2339.6499999999996,At-Risk,#BA7517
6674,89,2,253.72,At-Risk,#BA7517
6675,74,1,100.54,At-Risk,#BA7517
6676,97,7,1985.4599999999998,At-Risk,#BA7517
6677,151,3,779.72,New Customers,#7F77DD
6678,90,2,169.1,At-Risk,#BA7517
6679,48,9,1655.83,At-Risk,#BA7517
6680,58,2,204.58,At-Risk,#BA7517
6681,21,6,1286.85,At-Risk,#BA7517
6682,153,2,590.9300000000001,New Customers,#7F77DD
6683,61,2,244.85000000000002,At-Risk,#BA7517
6684,199,1,163.78,New Customers,#7F77DD
6685,121,2,769.02,At-Risk,#BA7517
6686,255,2,250.37,New Customers,#7F77DD
6687,65,7,1143.41,At-Risk,#BA7517
6688,15,5,628.16,At-Risk,#BA7517
6689,73,3,1215.9,At-Risk,#BA7517
6691,33,4,825.95,At-Risk,#BA7517
6693,196,2,699.9000000000001,New Customers,#7F77DD
6694,237,1,384.08,New Customers,#7F77DD
6695,89,2,315.57000000000005,At-Risk,#BA7517
6697,69,2,137.25,At-Risk,#BA7517
6698,51,1,162.69,At-Risk,#BA7517
6699,9,12,1536.36,At-Risk,#BA7517
6700,3,3,327.59000000000003,At-Risk,#BA7517
6701,240,1,82.74,New Customers,#7F77DD
6702,195,2,316.06,New Customers,#7F77DD
6703,155,5,780.8299999999999,New Customers,#7F77DD
6705,206,4,1014.1,New Customers,#7F77DD
6706,140,3,1337.83,New Customers,#7F77DD
6707,117,9,2931.6800000000003,At-Risk,#BA7517
6708,226,2,145.91,New Customers,#7F77DD
6709,332,2,462.62,New Customers,#7F77DD
6710,61,1,93.72,At-Risk,#BA7517
6712,155,3,425.43,New Customers,#7F77DD
6713,20,3,407.09,At-Risk,#BA7517
6714,162,2,336.92,New Customers,#7F77DD
6715,82,1,49.48,At-Risk,#BA7517
6716,205,1,380.36,New Customers,#7F77DD
6717,42,1,514.92,At-Risk,#BA7517
6718,24,3,634.59,At-Risk,#BA7517
6719,53,2,339.49,At-Risk,#BA7517
6720,40,3,1140.1299999999999,At-Risk,#BA7517
6721,92,2,179.89999999999998,At-Risk,#BA7517
6722,5,1,115.9,At-Risk,#BA7517
6723,356,1,200.48,New Customers,#7F77DD
6725,138,1,301.14,New Customers,#7F77DD
6726,26,4,1733.6799999999998,At-Risk,#BA7517
6730,51,5,791.95,At-Risk,#BA7517
6731,208,4,832.96,New Customers,#7F77DD
6732,23,1,159.23,At-Risk,#BA7517
6733,19,10,1794.1799999999998,At-Risk,#BA7517
6734,253,1,84.42,New Customers,#7F77DD
6736,127,2,538.88,At-Risk,#BA7517
6737,45,6,1431.62,At-Risk,#BA7517
6738,184,1,57.86,New Customers,#7F77DD
6739,293,1,103.92,New Customers,#7F77DD
6740,116,3,522.27,At-Risk,#BA7517
6741,42,7,1021.93,At-Risk,#BA7517
6743,53,19,2702.2,At-Risk,#BA7517
6744,18,7,711.0,At-Risk,#BA7517
6745,61,7,614.37,At-Risk,#BA7517
6746,192,3,244.2,New Customers,#7F77DD
6747,13,5,1475.22,At-Risk,#BA7517
6748,4,7,1717.38,At-Risk,#BA7517
6751,68,6,1323.62,At-Risk,#BA7517
6752,198,3,224.57,New Customers,#7F77DD
6753,74,2,257.65,At-Risk,#BA7517
6754,81,2,193.41,At-Risk,#BA7517
6755,278,1,25.6,New Customers,#7F77DD
6756,16,5,1393.8899999999999,At-Risk,#BA7517
6757,123,3,603.06,At-Risk,#BA7517
6758,46,4,1144.6,At-Risk,#BA7517
6760,21,2,219.19,At-Risk,#BA7517
6761,164,1,210.24,New Customers,#7F77DD
6762,170,1,67.98,New Customers,#7F77DD
6763,16,5,698.98,At-Risk,#BA7517
6764,161,4,582.49,New Customers,#7F77DD
6765,217,2,799.07,New Customers,#7F77DD
6766,296,1,341.16,New Customers,#7F77DD
6767,71,1,142.76,At-Risk,#BA7517
6768,16,3,1140.81,At-Risk,#BA7517
6769,92,5,1138.85,At-Risk,#BA7517
6770,195,1,70.86,New Customers,#7F77DD
6771,111,1,310.34,At-Risk,#BA7517
6773,128,1,786.2,At-Risk,#BA7517
6774,221,1,245.52,New Customers,#7F77DD
6775,152,1,64.7,New Customers,#7F77DD
6776,143,3,775.51,New Customers,#7F77DD
6777,177,4,1014.9699999999999,New Customers,#7F77DD
6778,67,2,595.3399999999999,At-Risk,#BA7517
6779,35,2,347.52,At-Risk,#BA7517
6781,21,6,2018.49,At-Risk,#BA7517
6782,64,3,372.52,At-Risk,#BA7517
6783,87,3,1092.47,At-Risk,#BA7517
6784,197,1,51.12,New Customers,#7F77DD
6785,232,1,67.84,New Customers,#7F77DD
6786,13,3,569.61,At-Risk,#BA7517
6787,206,2,166.26,New Customers,#7F77DD
6788,50,2,99.18,At-Risk,#BA7517
6789,86,1,57.76,At-Risk,#BA7517
6790,183,2,324.91999999999996,New Customers,#7F77DD
6792,27,3,1162.0974689654688,At-Risk,#BA7517
6793,130,2,770.9599999999999,At-Risk,#BA7517
6794,300,1,113.63,New Customers,#7F77DD
6795,188,5,991.04,New Customers,#7F77DD
6796,75,1,369.6,At-Risk,#BA7517
6797,152,1,79.2,New Customers,#7F77DD
6798,122,1,58.68,At-Risk,#BA7517
6799,32,2,731.88,At-Risk,#BA7517
6800,71,2,287.36,At-Risk,#BA7517
6801,25,2,758.97,At-Risk,#BA7517
6802,102,3,341.34999999999997,At-Risk,#BA7517
6803,353,1,208.69,New Customers,#7F77DD
6804,10,4,682.4,At-Risk,#BA7517
6805,148,1,170.64,New Customers,#7F77DD
6806,102,2,276.53,At-Risk,#BA7517
6807,50,4,553.9599999999999,At-Risk,#BA7517
6808,122,2,222.35,At-Risk,#BA7517
6809,178,1,25.75,New Customers,#7F77DD
6810,52,3,1020.18,At-Risk,#BA7517
6811,16,3,688.55,At-Risk,#BA7517
6812,75,3,644.96,At-Risk,#BA7517
6813,88,4,473.65999999999997,At-Risk,#BA7517
6814,23,3,763.8399999999999,At-Risk,#BA7517
6815,48,9,1855.83,At-Risk,#BA7517
6816,97,5,1839.54,At-Risk,#BA7517
6817,140,7,655.27,New Customers,#7F77DD
6818,40,4,455.88,At-Risk,#BA7517
6819,226,2,790.03,New Customers,#7F77DD
6820,17,4,718.52,At-Risk,#BA7517
6821,84,2,174.59,At-Risk,#BA7517
6822,13,2,663.44,At-Risk,#BA7517
6823,55,4,819.5,At-Risk,#BA7517
6824,57,4,938.87,At-Risk,#BA7517
6825,35,2,86.63,At-Risk,#BA7517
6826,324,1,290.54,New Customers,#7F77DD
6827,4,1,254.07,At-Risk,#BA7517
6828,11,2,269.47,At-Risk,#BA7517
6830,40,8,1288.02,At-Risk,#BA7517
6831,18,4,1029.5700000000002,At-Risk,#BA7517
6832,22,10,1929.25,At-Risk,#BA7517
6833,172,3,466.62,New Customers,#7F77DD
6834,2,1,120.68,At-Risk,#BA7517
6835,237,2,408.23,New Customers,#7F77DD
6836,7,1,68.52,At-Risk,#BA7517
6837,44,6,513.69,At-Risk,#BA7517
6841,46,3,325.76,At-Risk,#BA7517
6842,92,1,530.68,At-Risk,#BA7517
6843,33,5,538.95,At-Risk,#BA7517
6844,339,1,320.12,New Customers,#7F77DD
6845,55,3,509.03999999999996,At-Risk,#BA7517
6846,314,1,458.58,New Customers,#7F77DD
6847,118,1,218.06,At-Risk,#BA7517
6848,17,1,68.72,At-Risk,#BA7517
6849,23,3,284.53,At-Risk,#BA7517
6850,131,4,859.22,At-Risk,#BA7517
6851,4,8,968.6700000000001,At-Risk,#BA7517
6853,27,1,132.88,At-Risk,#BA7517
6854,10,8,1310.78,At-Risk,#BA7517
6856,92,2,285.22,At-Risk,#BA7517
6857,23,8,1152.21,At-Risk,#BA7517
6859,20,6,1145.67,At-Risk,#BA7517
6860,17,4,506.59000000000003,At-Risk,#BA7517
6861,157,1,146.1,New Customers,#7F77DD
6862,153,2,180.72,New Customers,#7F77DD
6863,39,6,1326.4260630821827,At-Risk,#BA7517
6864,4,3,317.78000000000003,At-Risk,#BA7517
6865,143,4,242.39,New Customers,#7F77DD
6866,179,1,71.96,New Customers,#7F77DD
6867,82,2,345.08,At-Risk,#BA7517
6868,3,6,3653.17011062169,At-Risk,#BA7517
6869,46,2,472.61,At-Risk,#BA7517
6870,25,16,3956.8199999999997,At-Risk,#BA7517
6871,47,7,1306.81,At-Risk,#BA7517
6873,301,1,73.98,New Customers,#7F77DD
6874,103,1,141.38,At-Risk,#BA7517
6875,17,8,2014.21,At-Risk,#BA7517
6876,72,5,971.4499999999999,At-Risk,#BA7517
6877,366,1,50.98,New Customers,#7F77DD
6878,139,4,719.75,New Customers,#7F77DD
6880,191,3,349.40999999999997,New Customers,#7F77DD
6883,235,1,26.29,New Customers,#7F77DD
6885,224,2,223.97,New Customers,#7F77DD
6886,42,3,903.62,At-Risk,#BA7517
6887,143,1,66.23,New Customers,#7F77DD
6889,63,3,802.0,At-Risk,#BA7517
6890,28,2,246.2,At-Risk,#BA7517
6891,80,3,508.74,At-Risk,#BA7517
6892,57,2,174.26,At-Risk,#BA7517
6893,132,5,599.37,At-Risk,#BA7517
6894,253,2,4212.062876794083,New Customers,#7F77DD
6895,3,6,1049.66,At-Risk,#BA7517
6897,14,9,1925.15,At-Risk,#BA7517
6898,42,7,1822.94,At-Risk,#BA7517
6899,144,7,1246.92,New Customers,#7F77DD
6900,5,2,436.7,At-Risk,#BA7517
6901,15,5,847.4000000000001,At-Risk,#BA7517
6902,151,2,104.27000000000001,New Customers,#7F77DD
6903,4,9,1502.02,At-Risk,#BA7517
6904,252,1,168.64,New Customers,#7F77DD
6905,32,3,339.92,At-Risk,#BA7517
6906,122,2,266.06,At-Risk,#BA7517
6907,48,4,934.51,At-Risk,#BA7517
6908,101,2,779.46,At-Risk,#BA7517
6909,129,1,243.26,At-Risk,#BA7517
6910,25,3,447.39,At-Risk,#BA7517
6912,75,2,396.62,At-Risk,#BA7517
6913,13,4,572.82,At-Risk,#BA7517
6914,130,5,736.28,At-Risk,#BA7517
6915,158,3,1194.4299999999998,New Customers,#7F77DD
6917,253,1,239.98,New Customers,#7F77DD
6918,292,1,60.16,New Customers,#7F77DD
6919,14,3,420.90999999999997,At-Risk,#BA7517
6920,25,10,2433.4399999999996,At-Risk,#BA7517
6921,118,5,1327.01,At-Risk,#BA7517
6922,72,2,308.35,At-Risk,#BA7517
6923,110,2,102.38,At-Risk,#BA7517
6924,156,1,34.43,New Customers,#7F77DD
6925,57,1,437.66,At-Risk,#BA7517
6926,124,4,1559.14,At-Risk,#BA7517
6927,41,1,121.72,At-Risk,#BA7517
6929,195,2,271.99,New Customers,#7F77DD
6930,45,6,1151.39,At-Risk,#BA7517
6931,95,3,472.03999999999996,At-Risk,#BA7517
6932,135,2,138.1,New Customers,#7F77DD
6933,41,4,1599.33,At-Risk,#BA7517
6934,46,6,1042.37,At-Risk,#BA7517
6935,1,5,518.99,At-Risk,#BA7517
6937,204,2,174.45,New Customers,#7F77DD
6938,220,1,233.19,New Customers,#7F77DD
6939,42,13,2589.8,At-Risk,#BA7517
6941,250,1,114.22,New Customers,#7F77DD
6942,4,3,294.77,At-Risk,#BA7517
6943,231,1,48.4,New Customers,#7F77DD
6944,79,1,409.7,At-Risk,#BA7517
6947,67,8,2200.52,At-Risk,#BA7517
6948,167,1,251.92,New Customers,#7F77DD
6949,298,2,372.64,New Customers,#7F77DD
6951,11,12,2198.8,At-Risk,#BA7517
6952,161,1,180.98,New Customers,#7F77DD
6953,135,1,53.27,New Customers,#7F77DD
6954,146,2,592.72,New Customers,#7F77DD
6955,20,3,362.43,At-Risk,#BA7517
6956,131,4,931.49,At-Risk,#BA7517
6957,357,1,319.38,New Customers,#7F77DD
6958,54,5,1134.28,At-Risk,#BA7517
6959,121,4,862.13,At-Risk,#BA7517
6960,1,6,948.1800000000001,At-Risk,#BA7517
6961,152,2,87.99000000000001,New Customers,#7F77DD
6964,253,1,709.65,New Customers,#7F77DD
6965,159,7,697.85,New Customers,#7F77DD
6966,264,2,253.17,New Customers,#7F77DD
6967,139,1,731.88,New Customers,#7F77DD
6968,158,2,540.78,New Customers,#7F77DD
6969,122,3,441.88,At-Risk,#BA7517
6970,55,2,114.74,At-Risk,#BA7517
6972,36,5,586.9,At-Risk,#BA7517
6973,4,6,1454.34,At-Risk,#BA7517
6974,164,1,231.52,New Customers,#7F77DD
6975,9,3,489.14,At-Risk,#BA7517
6976,7,8,1396.19,At-Risk,#BA7517
6977,138,5,767.13,New Customers,#7F77DD
6979,38,4,965.52,At-Risk,#BA7517
6980,3,4,800.44,At-Risk,#BA7517
6981,44,3,423.23,At-Risk,#BA7517
6982,18,22,3608.34,At-Risk,#BA7517
6983,198,2,601.48,New Customers,#7F77DD
6984,123,2,625.7,At-Risk,#BA7517
6986,334,1,251.85,New Customers,#7F77DD
6987,102,1,144.54,At-Risk,#BA7517
6988,132,4,424.25,At-Risk,#BA7517
6989,200,2,297.43,New Customers,#7F77DD
6991,22,3,1227.25,At-Risk,#BA7517
6992,244,1,96.68,New Customers,#7F77DD
6993,1,64,11176.46,At-Risk,#BA7517
6994,57,4,557.98,At-Risk,#BA7517
6996,44,6,1324.65,At-Risk,#BA7517
6997,159,2,266.62,New Customers,#7F77DD
6998,37,9,1651.8700000000001,At-Risk,#BA7517
6999,103,3,499.16999999999996,At-Risk,#BA7517
7000,35,4,740.14,At-Risk,#BA7517
7001,173,1,75.5,New Customers,#7F77DD
7002,41,4,755.68,At-Risk,#BA7517
7004,239,2,257.01,New Customers,#7F77DD
7005,6,18,2872.6099999999997,At-Risk,#BA7517
7006,3,9,1029.65,At-Risk,#BA7517
7007,53,8,1141.26,At-Risk,#BA7517
7008,10,1,66.78,At-Risk,#BA7517
7009,24,3,284.87,At-Risk,#BA7517
7010,20,2,312.92,At-Risk,#BA7517
7011,38,3,167.03,At-Risk,#BA7517
7012,338,1,223.78,New Customers,#7F77DD
7014,124,2,258.8,At-Risk,#BA7517
7015,75,2,105.0,At-Risk,#BA7517
7016,52,2,243.79,At-Risk,#BA7517
7017,51,8,1509.2800000000002,At-Risk,#BA7517
7018,52,2,405.84000000000003,At-Risk,#BA7517
7019,360,1,64.11,New Customers,#7F77DD
7020,38,5,1817.5,At-Risk,#BA7517
7021,139,2,498.59999999999997,New Customers,#7F77DD
7022,12,2,148.47,At-Risk,#BA7517
7023,25,7,1945.1190302508026,At-Risk,#BA7517
7025,43,3,1412.79,At-Risk,#BA7517
7026,47,1,94.78,At-Risk,#BA7517
7027,354,1,61.03,New Customers,#7F77DD
7028,20,14,2469.01,At-Risk,#BA7517
7029,90,3,358.15999999999997,At-Risk,#BA7517
7030,53,4,992.4300000000001,At-Risk,#BA7517
7031,143,4,620.6500000000001,New Customers,#7F77DD
7032,175,3,455.49,New Customers,#7F77DD
7033,58,3,958.25,At-Risk,#BA7517
7034,262,1,170.16,New Customers,#7F77DD
7035,5,28,4568.577697114124,At-Risk,#BA7517
7036,134,1,348.42,New Customers,#7F77DD
7037,21,3,430.55,At-Risk,#BA7517
7038,161,2,364.0,New Customers,#7F77DD
7039,283,1,124.69,New Customers,#7F77DD
7040,18,6,721.9,At-Risk,#BA7517
7041,100,7,668.61,At-Risk,#BA7517
7042,25,11,3841.7900000000004,At-Risk,#BA7517
7043,58,2,821.4200000000001,At-Risk,#BA7517
7044,129,5,827.43,At-Risk,#BA7517
7045,64,3,666.85,At-Risk,#BA7517
7046,76,7,1852.75,At-Risk,#BA7517
7047,236,1,79.9,New Customers,#7F77DD
7049,20,1,647.79,At-Risk,#BA7517
7051,233,1,175.29,New Customers,#7F77DD
7052,157,3,302.03,New Customers,#7F77DD
7053,79,3,1059.67,At-Risk,#BA7517
7055,189,1,86.75,New Customers,#7F77DD
7056,35,12,1622.27,At-Risk,#BA7517
7057,26,5,625.5,At-Risk,#BA7517
7058,327,1,59.54,New Customers,#7F77DD
7059,108,1,139.12,At-Risk,#BA7517
7060,162,1,28.41,New Customers,#7F77DD
7061,149,2,353.47,New Customers,#7F77DD
7063,18,3,282.77,At-Risk,#BA7517
7064,98,4,477.77,At-Risk,#BA7517
7065,22,4,942.99,At-Risk,#BA7517
7066,303,1,325.38,New Customers,#7F77DD
7067,6,3,362.14,At-Risk,#BA7517
7068,295,1,112.02,New Customers,#7F77DD
7069,288,2,76.03,New Customers,#7F77DD
7070,48,2,517.08,At-Risk,#BA7517
7071,182,1,47.21,New Customers,#7F77DD
7073,89,3,362.03,At-Risk,#BA7517
7074,75,3,352.02,At-Risk,#BA7517
7075,2,2,175.39,At-Risk,#BA7517
7076,203,1,159.21,New Customers,#7F77DD
7077,32,7,2143.34,At-Risk,#BA7517
7079,243,4,707.27,New Customers,#7F77DD
7080,41,4,648.0600000000001,At-Risk,#BA7517
7082,167,3,871.2,New Customers,#7F77DD
7083,27,3,971.27,At-Risk,#BA7517
7084,77,5,1341.3600000000001,At-Risk,#BA7517
7085,21,3,306.55,At-Risk,#BA7517
7086,99,5,1058.54,At-Risk,#BA7517
7088,31,2,989.94,At-Risk,#BA7517
7089,15,2,547.94,At-Risk,#BA7517
7090,27,2,222.23,At-Risk,#BA7517
7091,52,3,267.99,At-Risk,#BA7517
7092,100,2,290.90999999999997,At-Risk,#BA7517
7093,14,24,3263.13,At-Risk,#BA7517
7094,175,1,127.88,New Customers,#7F77DD
7095,111,3,850.6600000000001,At-Risk,#BA7517
7096,37,2,1111.96,At-Risk,#BA7517
7097,121,1,61.55,At-Risk,#BA7517
7098,230,1,213.62,New Customers,#7F77DD
7099,202,1,363.92,New Customers,#7F77DD
7100,5,18,4363.535172815071,At-Risk,#BA7517
7101,339,1,53.32,New Customers,#7F77DD
7103,288,2,426.19,New Customers,#7F77DD
7105,221,2,137.09,New Customers,#7F77DD
7106,121,4,577.54,At-Risk,#BA7517
7107,32,2,932.41,At-Risk,#BA7517
7108,266,1,56.94,New Customers,#7F77DD
7109,148,1,163.54,New Customers,#7F77DD
7110,157,3,1007.52,New Customers,#7F77DD
7111,90,2,697.71,At-Risk,#BA7517
7112,24,3,437.15,At-Risk,#BA7517
7113,302,1,249.24,New Customers,#7F77DD
7114,47,3,237.84,At-Risk,#BA7517
7115,271,1,122.26,New Customers,#7F77DD
7116,152,2,591.79,New Customers,#7F77DD
7117,243,1,395.43,New Customers,#7F77DD
7118,6,7,846.45,At-Risk,#BA7517
7119,354,1,191.75,New Customers,#7F77DD
7120,205,1,135.94,New Customers,#7F77DD
7121,165,2,610.6600000000001,New Customers,#7F77DD
7122,27,6,1484.87,At-Risk,#BA7517
7123,46,2,314.36,At-Risk,#BA7517
7124,20,9,1438.38,At-Risk,#BA7517
7125,2,5,491.67,At-Risk,#BA7517
7126,27,4,1148.02,At-Risk,#BA7517
7127,6,1,147.28,At-Risk,#BA7517
7128,196,2,267.55,New Customers,#7F77DD
7129,3,4,1228.96,At-Risk,#BA7517
7130,164,2,698.61,New Customers,#7F77DD
7131,199,3,228.13,New Customers,#7F77DD
7132,312,1,109.63,New Customers,#7F77DD
7133,39,3,345.7,At-Risk,#BA7517
7134,254,1,237.1,New Customers,#7F77DD
7135,10,2,705.76,At-Risk,#BA7517
7136,18,3,436.25,At-Risk,#BA7517
7137,10,6,1409.42,At-Risk,#BA7517
7138,8,5,999.5699999999999,At-Risk,#BA7517
7140,108,3,493.53000000000003,At-Risk,#BA7517
7142,249,1,495.3,New Customers,#7F77DD
7143,16,12,1637.42,At-Risk,#BA7517
7145,84,1,90.67,At-Risk,#BA7517
7147,116,1,160.5,At-Risk,#BA7517
7148,47,1,58.24,At-Risk,#BA7517
7149,258,1,75.46,New Customers,#7F77DD
7150,365,1,329.16,New Customers,#7F77DD
7151,163,2,190.38,New Customers,#7F77DD
7152,154,2,890.3100000000001,New Customers,#7F77DD
7153,89,5,638.64,At-Risk,#BA7517
7154,212,2,211.73000000000002,New Customers,#7F77DD
7155,135,2,671.03,New Customers,#7F77DD
7156,16,7,1709.35,At-Risk,#BA7517
7157,134,3,449.2,New Customers,#7F77DD
7158,53,10,2406.37,At-Risk,#BA7517
7160,78,3,396.53000000000003,At-Risk,#BA7517
7161,78,2,805.07,At-Risk,#BA7517
7162,50,2,86.53999999999999,At-Risk,#BA7517
7163,43,2,500.34000000000003,At-Risk,#BA7517
7164,64,3,416.03999999999996,At-Risk,#BA7517
7165,119,3,271.96,At-Risk,#BA7517
7166,220,1,61.43,New Customers,#7F77DD
7168,329,1,136.88,New Customers,#7F77DD
7169,23,6,2029.72,At-Risk,#BA7517
7170,41,4,683.6,At-Risk,#BA7517
7172,9,1,240.3,At-Risk,#BA7517
7173,14,3,1248.37,At-Risk,#BA7517
7174,59,2,1051.1100000000001,At-Risk,#BA7517
7176,228,3,407.96000000000004,New Customers,#7F77DD
7177,40,4,542.74,At-Risk,#BA7517
7178,68,4,580.83,At-Risk,#BA7517
7181,103,4,473.01,At-Risk,#BA7517
7182,2,8,1421.22,At-Risk,#BA7517
7183,196,3,449.66,New Customers,#7F77DD
7184,100,1,444.72,At-Risk,#BA7517
7185,226,2,591.6,New Customers,#7F77DD
7186,210,2,621.82,New Customers,#7F77DD
7187,56,2,268.76,At-Risk,#BA7517
7188,95,2,311.06,At-Risk,#BA7517
7189,172,2,185.22,New Customers,#7F77DD
7190,16,6,655.73,At-Risk,#BA7517
7191,9,2,115.47,At-Risk,#BA7517
7192,62,4,511.47999999999996,At-Risk,#BA7517
7193,267,3,310.08,New Customers,#7F77DD
7195,5,4,829.53,At-Risk,#BA7517
7196,8,10,1731.01,At-Risk,#BA7517
7197,25,11,1674.64,At-Risk,#BA7517
7198,22,8,2160.86,At-Risk,#BA7517
7199,261,1,77.84,New Customers,#7F77DD
7200,23,11,2409.49,At-Risk,#BA7517
7201,207,3,334.12,New Customers,#7F77DD
7202,218,1,122.32,New Customers,#7F77DD
7203,353,1,75.03,New Customers,#7F77DD
7204,167,3,298.28000000000003,New Customers,#7F77DD
7205,267,1,170.62,New Customers,#7F77DD
7206,306,3,259.0,New Customers,#7F77DD
7207,119,1,471.74,At-Risk,#BA7517
7208,65,8,818.96,At-Risk,#BA7517
7209,33,1,132.79,At-Risk,#BA7517
7210,40,9,1368.54,At-Risk,#BA7517
7211,23,2,201.23000000000002,At-Risk,#BA7517
7212,231,1,99.26,New Customers,#7F77DD
7213,39,5,434.94,At-Risk,#BA7517
7214,39,4,734.64,At-Risk,#BA7517
7215,284,1,188.5,New Customers,#7F77DD
7216,33,8,1981.12,At-Risk,#BA7517
7217,19,6,1034.6,At-Risk,#BA7517
7218,2,19,2851.66,At-Risk,#BA7517
7219,42,1,349.76,At-Risk,#BA7517
7220,41,1,174.3,At-Risk,#BA7517
7221,10,12,2045.3400000000001,At-Risk,#BA7517
7222,116,1,514.9,At-Risk,#BA7517
7223,11,2,393.57,At-Risk,#BA7517
7224,20,3,439.57000000000005,At-Risk,#BA7517
7225,285,1,85.57,New Customers,#7F77DD
7226,16,3,365.3,At-Risk,#BA7517
7227,209,1,593.65,New Customers,#7F77DD
7228,174,4,1105.62,New Customers,#7F77DD
7229,174,3,717.91,New Customers,#7F77DD
7230,11,14,2180.89,At-Risk,#BA7517
7231,5,3,699.79,At-Risk,#BA7517
7232,77,5,537.8,At-Risk,#BA7517
7233,280,1,65.35,New Customers,#7F77DD
7234,18,4,282.65999999999997,At-Risk,#BA7517
7235,186,2,136.89,New Customers,#7F77DD
7237,148,1,100.75,New Customers,#7F77DD
7238,138,1,55.48,New Customers,#7F77DD
7239,197,1,74.14,New Customers,#7F77DD
7240,21,1,99.65,At-Risk,#BA7517
7242,2,5,801.72,At-Risk,#BA7517
7244,41,3,1055.8,At-Risk,#BA7517
7245,37,7,1140.32,At-Risk,#BA7517
7247,89,1,122.94,At-Risk,#BA7517
7249,44,5,868.44,At-Risk,#BA7517
7250,249,2,444.57000000000005,New Customers,#7F77DD
7251,47,4,318.16999999999996,At-Risk,#BA7517
7252,49,1,581.37,At-Risk,#BA7517
7253,5,17,4141.39,At-Risk,#BA7517
7254,12,1,115.76,At-Risk,#BA7517
7255,2,3,705.52,At-Risk,#BA7517
7256,193,1,148.21,New Customers,#7F77DD
7257,78,10,1646.66,At-Risk,#BA7517
7258,66,10,5286.444937366328,At-Risk,#BA7517
7259,219,2,311.71999999999997,New Customers,#7F77DD
7260,7,3,352.87,At-Risk,#BA7517
7261,69,5,1469.79,At-Risk,#BA7517
7262,107,2,371.73,At-Risk,#BA7517
7263,159,2,263.22,New Customers,#7F77DD
7264,4,3,380.61,At-Risk,#BA7517
7265,25,4,558.51,At-Risk,#BA7517
7266,14,1,163.86,At-Risk,#BA7517
7270,13,26,4853.07,At-Risk,#BA7517
7271,43,2,697.47,At-Risk,#BA7517
7272,254,1,241.44,New Customers,#7F77DD
7273,201,4,627.76,New Customers,#7F77DD
7274,181,1,340.35,New Customers,#7F77DD
7275,18,2,592.81,At-Risk,#BA7517
7276,113,2,139.16,At-Risk,#BA7517
7278,1,3,1255.04,At-Risk,#BA7517
7279,135,2,508.94,New Customers,#7F77DD
7281,27,9,1713.45,At-Risk,#BA7517
7282,35,1,452.06,At-Risk,#BA7517
7284,112,3,795.99,At-Risk,#BA7517
7285,188,1,332.5,New Customers,#7F77DD
7287,64,2,513.18,At-Risk,#BA7517
7288,37,6,1021.96,At-Risk,#BA7517
7289,7,14,2450.9,At-Risk,#BA7517
7290,55,1,67.31,At-Risk,#BA7517
7291,10,1,179.0,At-Risk,#BA7517
7292,163,2,483.34000000000003,New Customers,#7F77DD
7293,257,2,224.93,New Customers,#7F77DD
7294,48,4,778.52,At-Risk,#BA7517
7295,98,2,386.03999999999996,At-Risk,#BA7517
7296,132,2,290.64,New Customers,#7F77DD
7298,196,1,235.45,New Customers,#7F77DD
7299,97,5,988.19,At-Risk,#BA7517
7300,112,2,347.04999999999995,At-Risk,#BA7517
7301,184,1,174.98,New Customers,#7F77DD
7302,78,1,106.69,At-Risk,#BA7517
7303,131,2,210.94,New Customers,#7F77DD
7304,231,3,259.88,New Customers,#7F77DD
7305,196,1,187.82,New Customers,#7F77DD
7307,33,2,589.05,At-Risk,#BA7517
7309,16,3,481.96000000000004,At-Risk,#BA7517
7310,9,2,480.81,At-Risk,#BA7517
7311,38,3,164.64,At-Risk,#BA7517
7312,60,3,322.45,At-Risk,#BA7517
7313,214,1,203.55,New Customers,#7F77DD
7314,276,1,96.58,New Customers,#7F77DD
7315,116,1,439.64,At-Risk,#BA7517
7316,2,10,1268.9099999999999,At-Risk,#BA7517
7317,34,5,765.87,At-Risk,#BA7517
7318,23,4,526.7,At-Risk,#BA7517
7320,63,2,255.92,At-Risk,#BA7517
7321,115,3,852.1600000000001,At-Risk,#BA7517
7323,3,5,1570.35,At-Risk,#BA7517
7325,175,1,187.79,New Customers,#7F77DD
7327,53,2,279.21000000000004,At-Risk,#BA7517
7328,5,5,939.9300000000001,At-Risk,#BA7517
7330,111,1,408.8,At-Risk,#BA7517
7331,79,10,1631.21,At-Risk,#BA7517
7332,16,3,222.57999999999998,At-Risk,#BA7517
7333,20,25,4205.72,At-Risk,#BA7517
7334,117,3,1692.48,At-Risk,#BA7517
7335,197,4,1344.1100000000001,New Customers,#7F77DD
7336,3,17,2322.82,At-Risk,#BA7517
7337,21,3,311.14,At-Risk,#BA7517
7338,53,1,13.17,At-Risk,#BA7517
7339,26,2,347.3,At-Risk,#BA7517
7341,92,5,789.6,At-Risk,#BA7517
7342,20,5,710.79,At-Risk,#BA7517
7343,14,2,268.27,At-Risk,#BA7517
7344,104,3,974.03,At-Risk,#BA7517
7345,171,3,2683.8542658933084,New Customers,#7F77DD
7346,2,4,546.97,At-Risk,#BA7517
7347,38,5,1321.83,At-Risk,#BA7517
7348,117,2,371.82000000000005,At-Risk,#BA7517
7349,16,2,223.51,At-Risk,#BA7517
7350,5,2,284.71999999999997,At-Risk,#BA7517
7351,17,7,1265.02,At-Risk,#BA7517
7352,31,2,170.26,At-Risk,#BA7517
7353,58,4,496.52,At-Risk,#BA7517
7354,82,6,1071.24,At-Risk,#BA7517
7355,143,3,406.99,New Customers,#7F77DD
7356,46,4,526.75,At-Risk,#BA7517
7357,241,3,254.31,New Customers,#7F77DD
7358,11,17,3791.01,At-Risk,#BA7517
7360,363,1,357.58,New Customers,#7F77DD
7361,58,5,973.0,At-Risk,#BA7517
7362,1,5,952.72,At-Risk,#BA7517
7363,98,2,586.65,At-Risk,#BA7517
7364,95,6,1406.95,At-Risk,#BA7517
7365,109,5,814.03,At-Risk,#BA7517
7366,271,1,98.92,New Customers,#7F77DD
7367,34,5,503.75,At-Risk,#BA7517
7368,3,3,399.72,At-Risk,#BA7517
7370,50,1,58.09,At-Risk,#BA7517
7371,177,2,258.04999999999995,New Customers,#7F77DD
7372,46,1,205.41,At-Risk,#BA7517
7373,117,1,224.38,At-Risk,#BA7517
7375,3,2,296.56,At-Risk,#BA7517
7376,89,2,608.32,At-Risk,#BA7517
7377,83,3,1091.8799999999999,At-Risk,#BA7517
7378,33,4,504.97999999999996,At-Risk,#BA7517
7379,137,1,220.86,New Customers,#7F77DD
7381,8,7,1563.92,At-Risk,#BA7517
7382,77,1,62.86,At-Risk,#BA7517
7383,84,2,649.2,At-Risk,#BA7517
7384,236,1,214.71,New Customers,#7F77DD
7385,63,4,473.88,At-Risk,#BA7517
7386,240,1,410.26,New Customers,#7F77DD
7387,209,2,327.63,New Customers,#7F77DD
7388,206,1,82.97,New Customers,#7F77DD
7389,117,1,119.56,At-Risk,#BA7517
7390,254,1,444.95,New Customers,#7F77DD
7391,100,2,531.72,At-Risk,#BA7517
7392,72,2,335.84000000000003,At-Risk,#BA7517
7393,95,2,589.16,At-Risk,#BA7517
7394,260,2,250.9,New Customers,#7F77DD
7395,212,2,261.56,New Customers,#7F77DD
7396,57,5,864.3199999999999,At-Risk,#BA7517
7397,163,2,673.92,New Customers,#7F77DD
7398,135,3,548.21,New Customers,#7F77DD
7399,82,2,1122.78,At-Risk,#BA7517
7400,181,1,471.24,New Customers,#7F77DD
7401,92,2,143.82999999999998,At-Risk,#BA7517
7402,152,2,190.72,New Customers,#7F77DD
7404,87,4,477.33,At-Risk,#BA7517
7405,191,1,171.34,New Customers,#7F77DD
7406,21,3,986.11,At-Risk,#BA7517
7407,107,1,82.7,At-Risk,#BA7517
7408,2,13,1909.9,At-Risk,#BA7517
7409,218,1,156.14,New Customers,#7F77DD
7410,143,4,1182.3,New Customers,#7F77DD
7413,200,1,105.7,New Customers,#7F77DD
7414,74,4,446.5,At-Risk,#BA7517
7415,137,2,721.83,New Customers,#7F77DD
7416,6,7,3237.3199999999997,At-Risk,#BA7517
7417,107,1,235.56,At-Risk,#BA7517
7418,262,1,92.05,New Customers,#7F77DD
7419,195,1,133.26,New Customers,#7F77DD
7420,16,2,279.78,At-Risk,#BA7517
7421,187,1,955.0,New Customers,#7F77DD
7422,340,1,339.98,New Customers,#7F77DD
7423,11,3,525.98,At-Risk,#BA7517
7425,50,1,116.28,At-Risk,#BA7517
7426,361,1,550.72,New Customers,#7F77DD
7427,12,13,2622.9,At-Risk,#BA7517
7428,82,5,992.62,At-Risk,#BA7517
7429,2,1,165.88,At-Risk,#BA7517
7430,49,2,511.21999999999997,At-Risk,#BA7517
7431,100,4,1048.26,At-Risk,#BA7517
7432,93,2,221.59,At-Risk,#BA7517
7433,204,2,231.22,New Customers,#7F77DD
7435,149,1,247.86,New Customers,#7F77DD
7436,44,1,80.69,At-Risk,#BA7517
7437,59,3,486.19,At-Risk,#BA7517
7438,7,14,1655.52,At-Risk,#BA7517
7439,179,2,1213.6799999999998,New Customers,#7F77DD
7440,59,6,1306.09,At-Risk,#BA7517
7441,71,4,1025.06,At-Risk,#BA7517
7442,20,6,1225.47,At-Risk,#BA7517
7443,29,5,1552.06,At-Risk,#BA7517
7444,56,3,458.47,At-Risk,#BA7517
7445,285,2,673.63,New Customers,#7F77DD
7446,42,8,854.61,At-Risk,#BA7517
7447,278,1,76.56,New Customers,#7F77DD
7448,91,2,348.95000000000005,At-Risk,#BA7517
7449,9,49,11828.346719177021,At-Risk,#BA7517
7450,18,2,192.63,At-Risk,#BA7517
7451,119,3,451.41999999999996,At-Risk,#BA7517
7452,79,7,1380.88,At-Risk,#BA7517
7453,55,5,1490.5800000000002,At-Risk,#BA7517
7454,1,4,950.9599999999999,At-Risk,#BA7517
7455,203,1,41.17,New Customers,#7F77DD
7456,60,4,863.28,At-Risk,#BA7517
7457,231,1,27.41,New Customers,#7F77DD
7458,57,3,496.42,At-Risk,#BA7517
7459,94,3,902.86,At-Risk,#BA7517
7461,159,1,237.22,New Customers,#7F77DD
7462,9,3,630.46,At-Risk,#BA7517
7463,316,1,55.86,New Customers,#7F77DD
7464,17,7,1508.76,At-Risk,#BA7517
7465,129,2,935.75,At-Risk,#BA7517
7466,14,2,788.37,At-Risk,#BA7517
7467,148,2,750.49,New Customers,#7F77DD
7468,49,13,2809.0,At-Risk,#BA7517
7469,33,3,498.71,At-Risk,#BA7517
7470,205,2,201.21,New Customers,#7F77DD
7471,200,2,328.33000000000004,New Customers,#7F77DD
7472,71,2,797.22,At-Risk,#BA7517
7473,200,1,920.4,New Customers,#7F77DD
7475,7,3,398.0,At-Risk,#BA7517
7476,233,2,304.57,New Customers,#7F77DD
7478,44,3,895.1999999999999,At-Risk,#BA7517
7479,102,1,103.44,At-Risk,#BA7517
7480,75,3,1057.7,At-Risk,#BA7517
7481,77,3,825.89,At-Risk,#BA7517
7482,262,1,77.32,New Customers,#7F77DD
7484,116,4,788.25,At-Risk,#BA7517
7485,113,4,1160.47,At-Risk,#BA7517
7486,189,3,353.53,New Customers,#7F77DD
7487,23,1,144.38,At-Risk,#BA7517
7488,253,1,63.09,New Customers,#7F77DD
7491,53,3,290.94,At-Risk,#BA7517
7492,34,2,208.39,At-Risk,#BA7517
7493,96,2,111.28,At-Risk,#BA7517
7494,15,4,600.26,At-Risk,#BA7517
7497,33,4,1112.88,At-Risk,#BA7517
7499,185,2,421.46,New Customers,#7F77DD
7500,281,2,188.65,New Customers,#7F77DD
7501,61,2,464.58,At-Risk,#BA7517
7502,50,6,947.36,At-Risk,#BA7517
7503,10,2,151.99,At-Risk,#BA7517
7505,11,4,323.91,At-Risk,#BA7517
7506,17,5,524.02,At-Risk,#BA7517
7507,14,4,543.46,At-Risk,#BA7517
7508,41,5,720.48,At-Risk,#BA7517
7509,123,2,327.36,At-Risk,#BA7517
7510,146,3,939.5899999999999,New Customers,#7F77DD
7511,234,2,249.66000000000003,New Customers,#7F77DD
7512,168,4,592.75,New Customers,#7F77DD
7513,52,2,357.62,At-Risk,#BA7517
7514,96,2,171.97,At-Risk,#BA7517
7515,232,2,471.18,New Customers,#7F77DD
7516,46,9,3153.73,At-Risk,#BA7517
7517,148,1,799.14,New Customers,#7F77DD
7519,4,6,1202.56,At-Risk,#BA7517
7520,68,3,396.68,At-Risk,#BA7517
7521,16,13,2485.12,At-Risk,#BA7517
7522,53,1,78.96,At-Risk,#BA7517
7523,54,3,1163.38,At-Risk,#BA7517
7524,196,2,437.07,New Customers,#7F77DD
7527,84,1,224.86,At-Risk,#BA7517
7528,177,1,93.88,New Customers,#7F77DD
7529,62,11,2109.14,At-Risk,#BA7517
7530,27,2,193.86,At-Risk,#BA7517
7531,154,2,103.86,New Customers,#7F77DD
7532,80,1,43.72,At-Risk,#BA7517
7533,2,5,469.23,At-Risk,#BA7517
7534,150,2,578.22,New Customers,#7F77DD
7535,12,6,1178.65,At-Risk,#BA7517
7536,250,1,563.49,New Customers,#7F77DD
7537,85,3,299.61,At-Risk,#BA7517
7539,20,3,1031.66,At-Risk,#BA7517
7540,104,6,1081.28,At-Risk,#BA7517
7541,190,2,184.7,New Customers,#7F77DD
7543,139,2,485.63,New Customers,#7F77DD
7544,67,1,431.95,At-Risk,#BA7517
7545,38,3,508.03,At-Risk,#BA7517
7546,42,5,1085.37,At-Risk,#BA7517
7547,89,2,314.38,At-Risk,#BA7517
7548,20,5,1176.35,At-Risk,#BA7517
7549,58,7,1415.6100000000001,At-Risk,#BA7517
7550,86,2,831.85,At-Risk,#BA7517
7551,166,1,108.32,New Customers,#7F77DD
7552,130,1,116.94,New Customers,#7F77DD
7553,71,2,1242.8899999999999,At-Risk,#BA7517
7555,55,3,430.97,At-Risk,#BA7517
7558,13,2,536.83,At-Risk,#BA7517
7560,124,1,133.71,At-Risk,#BA7517
7561,9,1,313.44,At-Risk,#BA7517
7562,167,3,244.38,New Customers,#7F77DD
7564,28,5,899.54,At-Risk,#BA7517
7566,76,5,677.3399999999999,At-Risk,#BA7517
7567,4,11,1910.6200000000001,At-Risk,#BA7517
7568,58,2,520.76,At-Risk,#BA7517
7569,24,3,647.91,At-Risk,#BA7517
7570,213,2,180.5,New Customers,#7F77DD
7571,161,5,1176.85,New Customers,#7F77DD
7572,70,1,196.2,At-Risk,#BA7517
7573,265,1,66.37,New Customers,#7F77DD
7574,62,1,165.44,At-Risk,#BA7517
7575,360,1,117.11,New Customers,#7F77DD
7576,263,1,43.89,New Customers,#7F77DD
7578,52,6,1069.25,At-Risk,#BA7517
7579,201,2,172.72,New Customers,#7F77DD
7580,87,1,169.26,At-Risk,#BA7517
7581,103,1,91.54,At-Risk,#BA7517
7583,21,2,603.78,At-Risk,#BA7517
7584,32,4,705.49,At-Risk,#BA7517
7585,70,5,635.81,At-Risk,#BA7517
7586,61,3,740.6,At-Risk,#BA7517
7587,9,26,6522.24,At-Risk,#BA7517
7589,135,1,398.64,New Customers,#7F77DD
7590,79,2,1064.6599999999999,At-Risk,#BA7517
7591,56,2,118.04,At-Risk,#BA7517
7592,245,1,115.04,New Customers,#7F77DD
7593,259,2,390.82,New Customers,#7F77DD
7596,156,3,323.88,New Customers,#7F77DD
7597,123,1,47.66,At-Risk,#BA7517
7598,67,4,3450.7758261158683,At-Risk,#BA7517
7599,27,5,870.24,At-Risk,#BA7517
7600,241,1,36.27,New Customers,#7F77DD
7601,68,3,476.17,At-Risk,#BA7517
7602,163,3,1157.23,New Customers,#7F77DD
7604,326,1,210.72,New Customers,#7F77DD
7605,194,1,91.8,New Customers,#7F77DD
7606,63,1,261.8,At-Risk,#BA7517
7608,76,3,730.47,At-Risk,#BA7517
7609,258,1,281.32,New Customers,#7F77DD
7610,20,2,161.05,At-Risk,#BA7517
7612,130,3,468.21000000000004,At-Risk,#BA7517
7613,188,1,108.21,New Customers,#7F77DD
7614,351,1,60.22,New Customers,#7F77DD
7616,5,4,709.14,At-Risk,#BA7517
7617,44,2,108.82,At-Risk,#BA7517
7618,111,2,167.28,At-Risk,#BA7517
7620,24,17,3325.16,At-Risk,#BA7517
7621,174,1,113.18,New Customers,#7F77DD
7622,145,1,707.0,New Customers,#7F77DD
7623,135,5,1134.52,At-Risk,#BA7517
7624,59,1,118.05,At-Risk,#BA7517
7625,97,8,2222.62,At-Risk,#BA7517
7626,107,5,366.53,At-Risk,#BA7517
7627,156,1,67.02,New Customers,#7F77DD
7628,167,2,304.70000000000005,New Customers,#7F77DD
7629,5,1,68.64,At-Risk,#BA7517
7630,19,18,3638.44,At-Risk,#BA7517
7631,100,4,633.66,At-Risk,#BA7517
7632,50,2,357.76,At-Risk,#BA7517
7633,3,4,868.84,At-Risk,#BA7517
7635,5,3,326.39,At-Risk,#BA7517
7636,132,4,487.11,At-Risk,#BA7517
7638,28,4,540.4,At-Risk,#BA7517
7639,105,2,389.24,At-Risk,#BA7517
7640,212,1,188.84,New Customers,#7F77DD
7642,26,4,490.9,At-Risk,#BA7517
7643,5,3,351.92,At-Risk,#BA7517
7644,241,1,63.03,New Customers,#7F77DD
7645,78,4,846.49,At-Risk,#BA7517
7646,149,1,73.14,New Customers,#7F77DD
7647,247,1,47.32,New Customers,#7F77DD
7648,64,3,345.68,At-Risk,#BA7517
7649,69,3,316.90000000000003,At-Risk,#BA7517
7650,47,3,384.79999999999995,At-Risk,#BA7517
7651,170,1,46.65,New Customers,#7F77DD
7652,153,2,849.07,New Customers,#7F77DD
7653,50,4,577.54,At-Risk,#BA7517
7654,73,4,434.62,At-Risk,#BA7517
7656,34,6,652.08,At-Risk,#BA7517
7657,105,3,146.49,At-Risk,#BA7517
7658,280,1,102.09,New Customers,#7F77DD
7659,13,8,1807.21,At-Risk,#BA7517
7660,61,3,639.16,At-Risk,#BA7517
7661,3,9,1463.3899999999999,At-Risk,#BA7517
7662,295,2,1135.0,New Customers,#7F77DD
7663,21,3,318.85,At-Risk,#BA7517
7664,131,1,206.75,New Customers,#7F77DD
7665,122,1,212.46,At-Risk,#BA7517
7666,134,3,435.28000000000003,New Customers,#7F77DD
7667,10,2,392.5,At-Risk,#BA7517
7668,99,3,366.02,At-Risk,#BA7517
7669,33,3,551.74,At-Risk,#BA7517
7670,66,8,3766.768545515969,At-Risk,#BA7517
7671,134,5,299.33000000000004,New Customers,#7F77DD
7675,33,4,1003.47,At-Risk,#BA7517
7676,181,1,751.92,New Customers,#7F77DD
7677,229,1,472.92,New Customers,#7F77DD
7678,230,2,95.08000000000001,New Customers,#7F77DD
7679,58,2,202.53,At-Risk,#BA7517
7680,24,8,1186.83,At-Risk,#BA7517
7681,27,2,2315.3990750958446,At-Risk,#BA7517
7682,29,1,135.46,At-Risk,#BA7517
7684,5,5,1253.5,At-Risk,#BA7517
7686,170,5,1319.31,New Customers,#7F77DD
7688,8,3,423.27000000000004,At-Risk,#BA7517
7689,149,2,118.92,New Customers,#7F77DD
7690,46,7,1022.04,At-Risk,#BA7517
7691,164,3,512.79,New Customers,#7F77DD
7692,40,2,203.23000000000002,At-Risk,#BA7517
7693,209,2,179.86,New Customers,#7F77DD
7694,67,2,236.64000000000001,At-Risk,#BA7517
7695,103,4,591.86,At-Risk,#BA7517
7696,12,3,414.36,At-Risk,#BA7517
7697,163,1,39.64,New Customers,#7F77DD
7698,56,1,710.2,At-Risk,#BA7517
7699,192,2,187.87,New Customers,#7F77DD
7700,51,1,103.81,At-Risk,#BA7517
7701,34,2,103.83,At-Risk,#BA7517
7702,117,8,1917.23,At-Risk,#BA7517
7703,9,6,994.45,At-Risk,#BA7517
7704,137,3,678.13,New Customers,#7F77DD
7705,80,4,532.41,At-Risk,#BA7517
7706,60,1,33.2,At-Risk,#BA7517
7707,244,2,556.24,New Customers,#7F77DD
7708,86,2,962.42,At-Risk,#BA7517
7709,53,3,454.9,At-Risk,#BA7517
7710,87,10,1998.47,At-Risk,#BA7517
7711,100,2,410.65,At-Risk,#BA7517
7712,107,1,89.87,At-Risk,#BA7517
7713,97,2,181.74,At-Risk,#BA7517
7714,226,2,276.26,New Customers,#7F77DD
7715,75,7,1724.831797804728,At-Risk,#BA7517
7717,49,1,125.7,At-Risk,#BA7517
7718,252,2,121.13,New Customers,#7F77DD
7720,174,2,141.11,New Customers,#7F77DD
7721,205,1,159.04,New Customers,#7F77DD
7722,130,2,214.52999999999997,At-Risk,#BA7517
7723,33,2,444.09000000000003,At-Risk,#BA7517
7724,33,5,1450.17,At-Risk,#BA7517
7726,50,3,259.17,At-Risk,#BA7517
7727,20,5,2071.48,At-Risk,#BA7517
7728,122,1,74.39,At-Risk,#BA7517
7729,112,4,1140.51,At-Risk,#BA7517
7730,147,1,84.84,New Customers,#7F77DD
7731,91,3,1161.6399999999999,At-Risk,#BA7517
7732,18,2,310.33,At-Risk,#BA7517
7733,43,7,1771.97,At-Risk,#BA7517
7735,177,2,149.07999999999998,New Customers,#7F77DD
7736,22,2,394.81,At-Risk,#BA7517
7737,60,1,219.28,At-Risk,#BA7517
7738,36,6,1368.25,At-Risk,#BA7517
7740,167,1,146.42,New Customers,#7F77DD
7741,146,3,447.74,New Customers,#7F77DD
7742,46,4,390.34,At-Risk,#BA7517
7743,20,1,43.18,At-Risk,#BA7517
7744,46,4,423.49,At-Risk,#BA7517
7745,10,4,449.26,At-Risk,#BA7517
7746,232,1,54.03,New Customers,#7F77DD
7747,283,1,74.0,New Customers,#7F77DD
7748,47,2,379.29999999999995,At-Risk,#BA7517
7749,71,4,509.2,At-Risk,#BA7517
7750,218,2,327.81,New Customers,#7F77DD
7752,81,8,981.37,At-Risk,#BA7517
7753,11,1,318.98,At-Risk,#BA7517
7754,24,1,423.4,At-Risk,#BA7517
7755,133,2,280.23,New Customers,#7F77DD
7756,150,1,461.7,New Customers,#7F77DD
7757,342,1,110.85,New Customers,#7F77DD
7759,61,1,52.48,At-Risk,#BA7517
7761,190,2,284.91,New Customers,#7F77DD
7762,116,3,452.03999999999996,At-Risk,#BA7517
7763,27,5,977.9599999999999,At-Risk,#BA7517
7764,172,1,84.17,New Customers,#7F77DD
7765,31,3,296.39,At-Risk,#BA7517
7766,198,1,102.9,New Customers,#7F77DD
7768,304,1,117.44,New Customers,#7F77DD
7769,8,3,648.62,At-Risk,#BA7517
7770,87,2,461.72,At-Risk,#BA7517
7771,21,6,1327.88,At-Risk,#BA7517
7772,11,20,4046.79,At-Risk,#BA7517
7774,107,7,1144.67,At-Risk,#BA7517
7776,249,2,236.36,New Customers,#7F77DD
7778,53,3,678.69,At-Risk,#BA7517
7780,20,6,897.98,At-Risk,#BA7517
7781,50,1,173.46,At-Risk,#BA7517
7783,122,1,77.61,At-Risk,#BA7517
7784,359,1,87.28,New Customers,#7F77DD
7786,19,2,273.82,At-Risk,#BA7517
7787,275,1,197.92,New Customers,#7F77DD
7788,1,2,330.18,At-Risk,#BA7517
7789,46,2,242.13,At-Risk,#BA7517
7790,158,1,178.71,New Customers,#7F77DD
7792,2,114,25341.318264666977,Loyal Customers,#1D9E75
7793,5,3,332.76,At-Risk,#BA7517
7795,91,1,68.39,At-Risk,#BA7517
7796,163,1,71.97,New Customers,#7F77DD
7797,66,2,231.60000000000002,At-Risk,#BA7517
7799,58,9,1862.72,At-Risk,#BA7517
7800,94,4,339.12,At-Risk,#BA7517
7801,53,3,384.07,At-Risk,#BA7517
7802,5,4,1159.4099999999999,At-Risk,#BA7517
7803,38,1,424.24,At-Risk,#BA7517
7804,10,8,1003.3,At-Risk,#BA7517
7806,95,2,663.34,At-Risk,#BA7517
7807,18,2,836.6099999999999,At-Risk,#BA7517
7808,92,2,1287.35,At-Risk,#BA7517
7809,161,2,560.67,New Customers,#7F77DD
7810,53,3,796.7,At-Risk,#BA7517
7812,282,1,145.76,New Customers,#7F77DD
7813,69,8,1322.94,At-Risk,#BA7517
7815,43,1,121.39,At-Risk,#BA7517
7816,56,3,287.82,At-Risk,#BA7517
7817,12,4,798.6,At-Risk,#BA7517
7818,8,4,838.13,At-Risk,#BA7517
7819,135,3,902.1899999999999,New Customers,#7F77DD
7820,156,4,824.94,New Customers,#7F77DD
7821,38,6,1930.85,At-Risk,#BA7517
7822,57,3,417.65999999999997,At-Risk,#BA7517
7823,221,3,269.17,New Customers,#7F77DD
7824,220,1,79.71,New Customers,#7F77DD
7825,44,7,1264.1499999999999,At-Risk,#BA7517
7826,178,1,71.96,New Customers,#7F77DD
7827,13,2,532.3,At-Risk,#BA7517
7828,1,2,1102.9,At-Risk,#BA7517
7829,5,7,963.53,At-Risk,#BA7517
7830,272,1,111.44,New Customers,#7F77DD
7832,33,10,2032.53,At-Risk,#BA7517
7833,46,1,535.62,At-Risk,#BA7517
7834,51,3,335.38,At-Risk,#BA7517
7835,12,6,566.26,At-Risk,#BA7517
7836,119,4,918.1,At-Risk,#BA7517
7838,50,11,2561.85,At-Risk,#BA7517
7839,138,1,718.38,New Customers,#7F77DD
7840,203,1,237.78,New Customers,#7F77DD
7841,127,2,973.84,At-Risk,#BA7517
7842,163,1,106.32,New Customers,#7F77DD
7843,33,11,1793.9199999999998,At-Risk,#BA7517
7844,200,1,51.07,New Customers,#7F77DD
7845,187,1,299.45,New Customers,#7F77DD
7846,47,6,1390.65,At-Risk,#BA7517
7848,32,6,1562.92,At-Risk,#BA7517
7849,77,2,655.58,At-Risk,#BA7517
7850,307,2,376.0,New Customers,#7F77DD
7852,70,5,1861.51,At-Risk,#BA7517
7853,70,3,738.7,At-Risk,#BA7517
7854,20,9,983.66,At-Risk,#BA7517
7856,25,12,2683.14,At-Risk,#BA7517
7857,113,1,82.11,At-Risk,#BA7517
7858,2,2,460.21999999999997,At-Risk,#BA7517
7859,107,8,1453.2,At-Risk,#BA7517
7860,84,3,625.76,At-Risk,#BA7517
7861,50,2,790.4957526009431,At-Risk,#BA7517
7862,255,1,227.36,New Customers,#7F77DD
7863,281,1,311.2,New Customers,#7F77DD
7864,261,1,247.2,New Customers,#7F77DD
7865,110,2,595.44,At-Risk,#BA7517
7866,5,2,731.19,At-Risk,#BA7517
7867,64,2,116.34,At-Risk,#BA7517
7868,101,4,389.54999999999995,At-Risk,#BA7517
7869,3,19,2845.16,At-Risk,#BA7517
7870,288,1,233.5,New Customers,#7F77DD
7871,324,1,107.2,New Customers,#7F77DD
7873,64,3,471.26,At-Risk,#BA7517
7875,38,3,204.29,At-Risk,#BA7517
7876,13,3,461.73,At-Risk,#BA7517
7877,69,2,285.73,At-Risk,#BA7517
7878,305,1,43.74,New Customers,#7F77DD
7879,13,2,160.82,At-Risk,#BA7517
7880,1,6,1702.1,At-Risk,#BA7517
7882,168,1,116.13,New Customers,#7F77DD
7883,137,1,91.04,New Customers,#7F77DD
7884,3,2,314.34000000000003,At-Risk,#BA7517
7885,72,1,58.83,At-Risk,#BA7517
7886,364,1,128.75,New Customers,#7F77DD
7887,49,1,137.12,At-Risk,#BA7517
7888,99,1,525.57,At-Risk,#BA7517
7889,85,2,337.74,At-Risk,#BA7517
7891,15,5,1168.22,At-Risk,#BA7517
7892,123,1,52.31,At-Risk,#BA7517
7893,33,2,200.76,At-Risk,#BA7517
7894,108,3,729.85,At-Risk,#BA7517
7895,31,10,1219.45,At-Risk,#BA7517
7896,205,3,663.43,New Customers,#7F77DD
7897,39,2,210.75,At-Risk,#BA7517
7899,159,1,545.08,New Customers,#7F77DD
7900,76,1,62.61,At-Risk,#BA7517
7901,105,2,557.76,At-Risk,#BA7517
7902,92,1,107.6,At-Risk,#BA7517
7903,142,1,95.95,New Customers,#7F77DD
7905,268,1,594.54,New Customers,#7F77DD
7906,120,1,162.18,At-Risk,#BA7517
7907,83,4,1231.11,At-Risk,#BA7517
7908,194,2,496.70000000000005,New Customers,#7F77DD
7909,160,3,1033.3200000000002,New Customers,#7F77DD
7910,26,1,161.04,At-Risk,#BA7517
7911,286,2,137.43,New Customers,#7F77DD
7912,107,3,242.63,At-Risk,#BA7517
7913,207,1,50.13,New Customers,#7F77DD
7914,36,3,419.57,At-Risk,#BA7517
7915,1,74,15313.07,Loyal Customers,#1D9E75
7916,36,3,425.12,At-Risk,#BA7517
7917,81,1,56.37,At-Risk,#BA7517
7918,107,1,55.63,At-Risk,#BA7517
7919,6,20,4052.82,At-Risk,#BA7517
7923,65,3,766.91,At-Risk,#BA7517
7924,12,4,537.3199999999999,At-Risk,#BA7517
7925,243,1,64.96,New Customers,#7F77DD
7926,94,2,164.81,At-Risk,#BA7517
7927,19,5,861.0,At-Risk,#BA7517
7928,229,2,157.95999999999998,New Customers,#7F77DD
7929,17,1,48.63,At-Risk,#BA7517
7930,26,2,197.73,At-Risk,#BA7517
7931,28,4,362.6,At-Risk,#BA7517
7933,310,2,464.88,New Customers,#7F77DD
7934,108,2,142.51999999999998,At-Risk,#BA7517
7935,2,2,234.3,At-Risk,#BA7517
7936,36,1,415.0,At-Risk,#BA7517
7937,8,2,346.0,At-Risk,#BA7517
7938,92,7,674.38,At-Risk,#BA7517
7939,331,1,28.21,New Customers,#7F77DD
7940,142,4,1297.29,New Customers,#7F77DD
7941,216,2,287.52,New Customers,#7F77DD
7942,74,1,384.52,At-Risk,#BA7517
7943,62,3,588.4300000000001,At-Risk,#BA7517
7944,10,62,11624.17,At-Risk,#BA7517
7945,40,2,391.4,At-Risk,#BA7517
7947,24,5,854.47,At-Risk,#BA7517
7948,62,4,471.37,At-Risk,#BA7517
7949,97,2,176.6,At-Risk,#BA7517
7950,72,4,623.56,At-Risk,#BA7517
7951,21,5,1170.27,At-Risk,#BA7517
7952,12,4,1541.19,At-Risk,#BA7517
7953,288,1,189.74,New Customers,#7F77DD
7954,276,1,634.84,New Customers,#7F77DD
7955,64,3,851.99,At-Risk,#BA7517
7956,94,3,311.62,At-Risk,#BA7517
7957,88,3,498.8,At-Risk,#BA7517
7958,327,1,91.1,New Customers,#7F77DD
7959,90,1,44.73,At-Risk,#BA7517
7960,240,3,1089.6899999999998,New Customers,#7F77DD
7961,8,2,416.82000000000005,At-Risk,#BA7517
7962,44,3,485.93,At-Risk,#BA7517
7963,67,4,487.75,At-Risk,#BA7517
7965,26,6,1020.25,At-Risk,#BA7517
7966,7,15,1930.22,At-Risk,#BA7517
7967,28,4,459.19,At-Risk,#BA7517
7968,220,1,166.51,New Customers,#7F77DD
7969,94,2,137.03,At-Risk,#BA7517
7971,124,2,222.11,At-Risk,#BA7517
7973,99,3,569.97,At-Risk,#BA7517
7974,40,1,113.48,At-Risk,#BA7517
7975,38,1,176.74,At-Risk,#BA7517
7976,265,2,133.1,New Customers,#7F77DD
7977,57,5,1304.25,At-Risk,#BA7517
7978,344,1,56.19,New Customers,#7F77DD
7979,172,2,591.69,New Customers,#7F77DD
7980,14,7,1410.27,At-Risk,#BA7517
7981,25,10,1161.22,At-Risk,#BA7517
7982,30,6,613.36,At-Risk,#BA7517
7983,3,8,1042.81,At-Risk,#BA7517
7984,19,1,53.86,At-Risk,#BA7517
7986,216,1,230.53,New Customers,#7F77DD
7987,13,9,1579.58,At-Risk,#BA7517
7988,282,1,39.22,New Customers,#7F77DD
7989,123,1,38.28,At-Risk,#BA7517
7990,317,1,49.5,New Customers,#7F77DD
7991,62,3,490.65,At-Risk,#BA7517
7993,172,1,234.64,New Customers,#7F77DD
7996,274,2,764.49,New Customers,#7F77DD
7997,45,2,408.88,At-Risk,#BA7517
7998,247,2,522.97,New Customers,#7F77DD
7999,48,2,198.76,At-Risk,#BA7517
8001,172,4,562.52,New Customers,#7F77DD
8002,245,1,258.42,New Customers,#7F77DD
8003,33,4,561.62,At-Risk,#BA7517
8004,9,9,1649.0300000000002,At-Risk,#BA7517
8005,161,7,855.0699999999999,New Customers,#7F77DD
8006,5,3,634.8499999999999,At-Risk,#BA7517
8007,1,12,1989.1100000000001,At-Risk,#BA7517
8008,30,7,929.02,At-Risk,#BA7517
8009,65,2,227.79999999999998,At-Risk,#BA7517
8010,246,1,78.82,New Customers,#7F77DD
8011,33,2,65.13,At-Risk,#BA7517
8012,298,1,43.17,New Customers,#7F77DD
8013,189,3,259.01,New Customers,#7F77DD
8016,101,3,343.89,At-Risk,#BA7517
8017,142,2,393.11,New Customers,#7F77DD
8018,103,5,817.86,At-Risk,#BA7517
8020,49,7,1259.91,At-Risk,#BA7517
8021,149,1,268.7,New Customers,#7F77DD
8022,18,4,1641.3,At-Risk,#BA7517
8023,194,1,93.84,New Customers,#7F77DD
8024,9,4,558.39,At-Risk,#BA7517
8025,269,1,109.68,New Customers,#7F77DD
8026,204,2,432.23,New Customers,#7F77DD
8027,163,1,51.42,New Customers,#7F77DD
8028,61,2,228.53000000000003,At-Risk,#BA7517
8029,17,17,1963.08,At-Risk,#BA7517
8031,2,5,1440.31,At-Risk,#BA7517
8032,192,1,854.31,New Customers,#7F77DD
8033,13,1,163.24,At-Risk,#BA7517
8034,26,5,999.67,At-Risk,#BA7517
8035,5,31,5471.937905631104,At-Risk,#BA7517
8036,49,1,807.12,At-Risk,#BA7517
8037,70,1,71.5,At-Risk,#BA7517
8038,8,2,1185.1200000000001,At-Risk,#BA7517
8039,61,1,171.0,At-Risk,#BA7517
8040,38,3,430.46000000000004,At-Risk,#BA7517
8041,93,2,288.11,At-Risk,#BA7517
8042,225,2,184.86,New Customers,#7F77DD
8043,65,2,544.43,At-Risk,#BA7517
8044,229,2,558.76,New Customers,#7F77DD
8045,224,1,284.08,New Customers,#7F77DD
8046,75,1,196.28,At-Risk,#BA7517
8047,53,4,464.4,At-Risk,#BA7517
8048,78,2,318.91999999999996,At-Risk,#BA7517
8049,328,1,26.06,New Customers,#7F77DD
8050,270,1,205.05,New Customers,#7F77DD
8051,20,5,557.1700000000001,At-Risk,#BA7517
8052,51,7,1517.23,At-Risk,#BA7517
8053,231,1,208.07,New Customers,#7F77DD
8054,263,1,227.98,New Customers,#7F77DD
8055,115,2,412.38,At-Risk,#BA7517
8056,223,3,1456.6399999999999,New Customers,#7F77DD
8057,3,5,808.48,At-Risk,#BA7517
8059,204,2,110.3,New Customers,#7F77DD
8060,20,4,412.56000000000006,At-Risk,#BA7517
8061,109,2,277.1,At-Risk,#BA7517
8062,52,1,148.77,At-Risk,#BA7517
8063,360,1,116.54,New Customers,#7F77DD
8064,109,5,1132.76,At-Risk,#BA7517
8065,83,8,1959.22,At-Risk,#BA7517
8067,302,1,315.84,New Customers,#7F77DD
8069,63,1,425.88,At-Risk,#BA7517
8070,100,2,174.82999999999998,At-Risk,#BA7517
8071,7,13,2249.2,At-Risk,#BA7517
8072,7,2,329.21000000000004,At-Risk,#BA7517
8073,177,1,775.41,New Customers,#7F77DD
8074,289,2,164.41,New Customers,#7F77DD
8076,158,2,376.67999999999995,New Customers,#7F77DD
8077,116,3,871.6600000000001,At-Risk,#BA7517
8078,32,4,899.56,At-Risk,#BA7517
8079,75,2,726.8599999999999,At-Risk,#BA7517
8080,164,3,322.21000000000004,New Customers,#7F77DD
8081,45,1,124.96,At-Risk,#BA7517
8082,86,3,179.64,At-Risk,#BA7517
8083,337,1,72.76,New Customers,#7F77DD
8084,42,8,980.13,At-Risk,#BA7517
8085,41,1,591.44,At-Risk,#BA7517
8086,12,13,2257.0699999999997,At-Risk,#BA7517
8087,229,2,504.7,New Customers,#7F77DD
8088,13,5,963.7,At-Risk,#BA7517
8091,54,3,467.81,At-Risk,#BA7517
8092,177,4,509.06,New Customers,#7F77DD
8093,118,4,624.77,At-Risk,#BA7517
8094,163,2,195.92000000000002,New Customers,#7F77DD
8095,38,4,352.53999999999996,At-Risk,#BA7517
8097,100,1,162.06,At-Risk,#BA7517
8098,224,2,566.6,New Customers,#7F77DD
8099,61,1,64.65,At-Risk,#BA7517
8101,60,5,6668.703224611787,At-Risk,#BA7517
8102,39,2,286.86,At-Risk,#BA7517
8103,40,3,512.58,At-Risk,#BA7517
8105,278,1,93.46,New Customers,#7F77DD
8106,4,1,106.88,At-Risk,#BA7517
8107,57,1,186.02,At-Risk,#BA7517
8108,233,1,194.38,New Customers,#7F77DD
8109,54,1,54.74,At-Risk,#BA7517
8110,35,3,484.9799999999999,At-Risk,#BA7517
8111,4,1,57.01,At-Risk,#BA7517
8112,303,1,41.05,New Customers,#7F77DD
8113,313,1,113.12,New Customers,#7F77DD
8114,131,3,961.4300000000001,At-Risk,#BA7517
8115,116,5,627.41,At-Risk,#BA7517
8116,274,1,368.28,New Customers,#7F77DD
8117,49,2,245.54000000000002,At-Risk,#BA7517
8119,1,6,1411.3400000000001,At-Risk,#BA7517
8120,207,1,388.0,New Customers,#7F77DD
8121,237,1,44.84,New Customers,#7F77DD
8122,34,2,315.45,At-Risk,#BA7517
8123,123,4,1042.45,At-Risk,#BA7517
8124,344,1,94.4,New Customers,#7F77DD
8125,169,2,119.43,New Customers,#7F77DD
8126,54,2,195.16,At-Risk,#BA7517
8127,76,4,556.17,At-Risk,#BA7517
8128,183,3,374.58,New Customers,#7F77DD
8129,162,5,850.3299999999999,New Customers,#7F77DD
8130,241,1,330.64,New Customers,#7F77DD
8131,94,3,718.49,At-Risk,#BA7517
8132,12,7,1333.81,At-Risk,#BA7517
8133,108,1,100.84,At-Risk,#BA7517
8134,16,1,355.64,At-Risk,#BA7517
8135,3,15,1841.88,At-Risk,#BA7517
8136,120,3,402.11,At-Risk,#BA7517
8138,21,12,1955.8500000000001,At-Risk,#BA7517
8139,32,2,351.96000000000004,At-Risk,#BA7517
8140,51,7,697.66,At-Risk,#BA7517
8141,19,4,541.5699999999999,At-Risk,#BA7517
8142,159,3,422.1,New Customers,#7F77DD
8143,16,9,5196.266304062916,At-Risk,#BA7517
8144,4,6,569.42,At-Risk,#BA7517
8145,14,1,514.14,At-Risk,#BA7517
8146,24,2,248.86,At-Risk,#BA7517
8147,42,2,171.46,At-Risk,#BA7517
8148,117,2,355.44,At-Risk,#BA7517
8149,18,5,456.34000000000003,At-Risk,#BA7517
8150,52,1,88.3,At-Risk,#BA7517
8151,192,1,80.13,New Customers,#7F77DD
8152,43,2,166.06,At-Risk,#BA7517
8153,343,1,122.64,New Customers,#7F77DD
8154,211,3,365.86,New Customers,#7F77DD
8155,186,3,228.06,New Customers,#7F77DD
8156,41,8,918.95,At-Risk,#BA7517
8157,22,3,297.79,At-Risk,#BA7517
8158,119,5,459.13,At-Risk,#BA7517
8159,19,3,307.24,At-Risk,#BA7517
8160,26,5,1115.18,At-Risk,#BA7517
8161,60,3,227.12,At-Risk,#BA7517
8162,63,2,310.93,At-Risk,#BA7517
8163,89,4,1401.6,At-Risk,#BA7517
8165,3,1,83.52,At-Risk,#BA7517
8166,25,9,2216.3,At-Risk,#BA7517
8167,63,5,1223.6100000000001,At-Risk,#BA7517
8169,15,26,5779.678514357397,At-Risk,#BA7517
8170,27,2,252.19,At-Risk,#BA7517
8171,32,1,570.12,At-Risk,#BA7517
8172,104,3,331.54999999999995,At-Risk,#BA7517
8173,19,3,365.66999999999996,At-Risk,#BA7517
8174,175,1,271.46,New Customers,#7F77DD
8175,5,1,144.15,At-Risk,#BA7517
8176,36,8,1404.8000000000002,At-Risk,#BA7517
8177,62,4,768.37,At-Risk,#BA7517
8178,3,1,86.77,At-Risk,#BA7517
8179,37,5,603.04,At-Risk,#BA7517
8180,24,3,386.52,At-Risk,#BA7517
8181,78,3,792.08,At-Risk,#BA7517
8182,16,1,136.36,At-Risk,#BA7517
8183,19,7,1305.5,At-Risk,#BA7517
8185,6,1,56.34,At-Risk,#BA7517
8186,73,1,73.99,At-Risk,#BA7517
8187,76,3,1108.46,At-Risk,#BA7517
8189,35,2,303.14,At-Risk,#BA7517
8190,133,1,300.96,New Customers,#7F77DD
8191,204,2,161.83999999999997,New Customers,#7F77DD
8192,1,15,2607.41,At-Risk,#BA7517
8193,140,5,900.06,New Customers,#7F77DD
8194,173,1,66.75,New Customers,#7F77DD
8195,156,5,568.9,New Customers,#7F77DD
8196,203,1,224.04,New Customers,#7F77DD
8197,150,3,678.55,New Customers,#7F77DD
8198,114,5,1054.38,At-Risk,#BA7517
8199,47,7,927.96,At-Risk,#BA7517
8201,223,2,233.14999999999998,New Customers,#7F77DD
8202,239,1,82.96,New Customers,#7F77DD
8203,150,1,173.5,New Customers,#7F77DD
8204,9,3,1589.58,At-Risk,#BA7517
8205,228,2,261.58,New Customers,#7F77DD
8206,12,3,259.33,At-Risk,#BA7517
8207,72,2,551.64,At-Risk,#BA7517
8208,131,2,163.4,New Customers,#7F77DD
8209,31,6,1499.06,At-Risk,#BA7517
8211,193,1,207.32,New Customers,#7F77DD
8212,151,3,272.89,New Customers,#7F77DD
8213,32,13,2096.15,At-Risk,#BA7517
8215,93,6,859.8100000000001,At-Risk,#BA7517
8216,141,3,145.6,New Customers,#7F77DD
8217,3,5,827.47,At-Risk,#BA7517
8218,1,123,26875.219034519443,Loyal Customers,#1D9E75
8220,120,3,601.65,At-Risk,#BA7517
8221,168,2,215.70000000000002,New Customers,#7F77DD
8222,74,2,230.87,At-Risk,#BA7517
8223,102,2,296.84000000000003,At-Risk,#BA7517
8224,175,3,397.0,New Customers,#7F77DD
8225,9,2,273.19,At-Risk,#BA7517
8226,129,1,52.76,New Customers,#7F77DD
8227,281,1,204.07,New Customers,#7F77DD
8229,41,3,673.24,At-Risk,#BA7517
8230,60,10,1728.52,At-Risk,#BA7517
8231,35,3,1076.62,At-Risk,#BA7517
8232,184,3,505.01,New Customers,#7F77DD
8233,92,3,456.28,At-Risk,#BA7517
8234,144,1,81.36,New Customers,#7F77DD
8235,26,3,423.05,At-Risk,#BA7517
8236,12,27,4398.08,At-Risk,#BA7517
8237,121,5,660.76,At-Risk,#BA7517
8238,155,1,474.54,New Customers,#7F77DD
8239,16,1,541.38,At-Risk,#BA7517
8240,45,3,738.37,At-Risk,#BA7517
8241,100,3,359.13,At-Risk,#BA7517
8242,42,4,526.71,At-Risk,#BA7517
8243,66,2,189.07999999999998,At-Risk,#BA7517
8244,230,1,39.5,New Customers,#7F77DD
8245,158,1,89.54,New Customers,#7F77DD
8246,49,1,147.18,At-Risk,#BA7517
8247,23,10,3123.69,At-Risk,#BA7517
8248,62,6,951.32,At-Risk,#BA7517
8250,19,5,551.5699999999999,At-Risk,#BA7517
8251,90,1,67.59,At-Risk,#BA7517
8252,39,3,451.38,At-Risk,#BA7517
8253,67,2,815.64,At-Risk,#BA7517
8254,30,4,717.69,At-Risk,#BA7517
8255,128,1,34.42,At-Risk,#BA7517
8256,278,1,84.75,New Customers,#7F77DD
8257,81,4,501.75,At-Risk,#BA7517
8258,284,1,62.71,New Customers,#7F77DD
8259,143,6,1149.07,New Customers,#7F77DD
8260,207,1,141.5,New Customers,#7F77DD
8261,13,1,172.1,At-Risk,#BA7517
8262,313,2,211.70999999999998,New Customers,#7F77DD
8263,183,2,246.3,New Customers,#7F77DD
8264,163,1,63.69,New Customers,#7F77DD
8265,17,3,384.86,At-Risk,#BA7517
8267,162,2,342.23,New Customers,#7F77DD
8268,124,1,93.45,At-Risk,#BA7517
8269,69,2,288.92,At-Risk,#BA7517
8270,52,1,186.87,At-Risk,#BA7517
8271,126,2,389.51,At-Risk,#BA7517
8272,185,3,1576.93,New Customers,#7F77DD
8274,10,2,248.03,At-Risk,#BA7517
8275,59,1,219.32,At-Risk,#BA7517
8276,50,2,129.14,At-Risk,#BA7517
8277,304,1,180.82,New Customers,#7F77DD
8278,82,4,966.81,At-Risk,#BA7517
8279,287,2,178.78,New Customers,#7F77DD
8281,112,6,1474.1,At-Risk,#BA7517
8282,208,1,53.3,New Customers,#7F77DD
8284,93,3,771.53,At-Risk,#BA7517
8285,18,9,2532.1000000000004,At-Risk,#BA7517
8286,62,3,385.72,At-Risk,#BA7517
8287,126,3,452.43,At-Risk,#BA7517
8288,20,4,627.04,At-Risk,#BA7517
8289,113,1,70.01,At-Risk,#BA7517
8290,2,2,311.84000000000003,At-Risk,#BA7517
8291,38,3,139.27,At-Risk,#BA7517
8292,64,3,3141.637451645803,At-Risk,#BA7517
8293,24,3,599.37,At-Risk,#BA7517
8294,153,3,585.37,New Customers,#7F77DD
8295,3,6,1203.55,At-Risk,#BA7517
8297,48,3,525.94,At-Risk,#BA7517
8298,221,2,424.13,New Customers,#7F77DD
8299,51,3,3662.267827682321,At-Risk,#BA7517
8301,177,2,352.88,New Customers,#7F77DD
8302,36,3,666.17,At-Risk,#BA7517
8303,42,4,368.49,At-Risk,#BA7517
8304,45,9,1238.88,At-Risk,#BA7517
8305,31,1,564.27,At-Risk,#BA7517
8306,115,1,48.24,At-Risk,#BA7517
8307,205,1,129.28,New Customers,#7F77DD
8308,88,1,67.25,At-Risk,#BA7517
8309,9,4,941.67,At-Risk,#BA7517
8310,6,4,698.75,At-Risk,#BA7517
8311,221,1,135.42,New Customers,#7F77DD
8312,15,7,728.76,At-Risk,#BA7517
8313,253,2,407.28,New Customers,#7F77DD
8314,29,3,348.64,At-Risk,#BA7517
8315,23,4,867.87,At-Risk,#BA7517
8316,115,3,380.09999999999997,At-Risk,#BA7517
8317,267,2,285.18,New Customers,#7F77DD
8318,26,1,190.07,At-Risk,#BA7517
8319,19,5,776.24,At-Risk,#BA7517
8320,78,5,1123.3400000000001,At-Risk,#BA7517
8321,148,1,33.09,New Customers,#7F77DD
8323,48,3,914.38,At-Risk,#BA7517
8324,42,5,1563.28,At-Risk,#BA7517
8325,22,3,178.07,At-Risk,#BA7517
8326,52,2,291.86,At-Risk,#BA7517
8327,302,1,382.96,New Customers,#7F77DD
8328,136,1,227.7,New Customers,#7F77DD
8329,95,4,1188.96,At-Risk,#BA7517
8330,182,1,210.5,New Customers,#7F77DD
8331,19,5,872.9100000000001,At-Risk,#BA7517
8333,48,8,1532.99,At-Risk,#BA7517
8335,100,2,256.59000000000003,At-Risk,#BA7517
8336,228,2,312.25,New Customers,#7F77DD
8338,231,1,357.74,New Customers,#7F77DD
8339,5,3,537.11,At-Risk,#BA7517
8340,119,2,774.35,At-Risk,#BA7517
8341,41,4,375.91999999999996,At-Risk,#BA7517
8342,32,2,817.6999999999999,At-Risk,#BA7517
8343,32,4,1432.18,At-Risk,#BA7517
8344,58,1,27.99,At-Risk,#BA7517
8346,72,2,150.16,At-Risk,#BA7517
8347,5,2,886.47,At-Risk,#BA7517
8348,49,3,262.92,At-Risk,#BA7517
8349,19,19,3765.23,At-Risk,#BA7517
8351,78,3,382.32,At-Risk,#BA7517
8354,163,2,440.14,New Customers,#7F77DD
8355,56,3,655.16,At-Risk,#BA7517
8356,347,1,533.1,New Customers,#7F77DD
8358,60,3,479.77,At-Risk,#BA7517
8359,53,1,151.66,At-Risk,#BA7517
8360,168,2,372.08000000000004,New Customers,#7F77DD
8361,167,2,270.96,New Customers,#7F77DD
8362,85,4,284.82,At-Risk,#BA7517
8363,7,9,6935.349820359577,At-Risk,#BA7517
8364,108,8,1413.31,At-Risk,#BA7517
8365,281,1,98.37,New Customers,#7F77DD
8366,11,39,10690.250020863688,At-Risk,#BA7517
8367,21,2,280.48,At-Risk,#BA7517
8368,244,1,135.45,New Customers,#7F77DD
8370,115,2,450.84000000000003,At-Risk,#BA7517
8371,17,7,1975.47,At-Risk,#BA7517
8372,101,8,1501.87,At-Risk,#BA7517
8373,182,1,151.13,New Customers,#7F77DD
8374,84,1,180.08,At-Risk,#BA7517
8375,165,4,306.3,New Customers,#7F77DD
8376,29,7,1356.6200000000001,At-Risk,#BA7517
8377,7,11,2681.2,At-Risk,#BA7517
8378,29,3,472.29999999999995,At-Risk,#BA7517
8379,75,5,744.51,At-Risk,#BA7517
8380,72,5,1262.3799999999999,At-Risk,#BA7517
8381,178,2,312.83000000000004,New Customers,#7F77DD
8382,110,4,1301.31,At-Risk,#BA7517
8383,94,2,1249.54,At-Risk,#BA7517
8384,268,1,51.72,New Customers,#7F77DD
8385,191,3,257.40999999999997,New Customers,#7F77DD
8386,63,1,170.94,At-Risk,#BA7517
8387,113,1,2290.5186886682345,At-Risk,#BA7517
8388,33,3,843.44,At-Risk,#BA7517
8389,59,3,417.85,At-Risk,#BA7517
8391,163,1,29.61,New Customers,#7F77DD
8392,228,3,293.69,New Customers,#7F77DD
8393,89,5,595.19,At-Risk,#BA7517
8394,30,3,487.93,At-Risk,#BA7517
8396,165,1,360.72,New Customers,#7F77DD
8397,10,9,1392.46,At-Risk,#BA7517
8398,149,3,410.38,New Customers,#7F77DD
8399,1,5,1142.95,At-Risk,#BA7517
8400,218,1,55.81,New Customers,#7F77DD
8401,36,7,1008.91,At-Risk,#BA7517
8402,108,3,548.48,At-Risk,#BA7517
8403,98,3,425.49,At-Risk,#BA7517
8404,23,3,840.77,At-Risk,#BA7517
8405,101,1,83.5,At-Risk,#BA7517
8406,109,3,455.31000000000006,At-Risk,#BA7517
8407,103,2,273.93,At-Risk,#BA7517
8408,74,1,233.7,At-Risk,#BA7517
8409,91,1,26.37,At-Risk,#BA7517
8410,50,2,240.34,At-Risk,#BA7517
8411,27,4,455.98,At-Risk,#BA7517
8412,61,4,2247.35,At-Risk,#BA7517
8413,88,5,897.8000000000001,At-Risk,#BA7517
8414,2,3,209.85,At-Risk,#BA7517
8415,119,2,328.25,At-Risk,#BA7517
8416,151,2,344.20000000000005,New Customers,#7F77DD
8417,39,2,347.15999999999997,At-Risk,#BA7517
8418,7,5,927.97,At-Risk,#BA7517
8419,49,4,1155.4099999999999,At-Risk,#BA7517
8421,271,1,180.47,New Customers,#7F77DD
8422,31,3,522.37,At-Risk,#BA7517
8423,41,5,1376.9099999999999,At-Risk,#BA7517
8424,174,2,614.21,New Customers,#7F77DD
8425,1,4,545.77,At-Risk,#BA7517
8426,116,3,330.59000000000003,At-Risk,#BA7517
8427,35,1,571.02,At-Risk,#BA7517
8428,188,1,187.72,New Customers,#7F77DD
8429,6,10,2320.8,At-Risk,#BA7517
8430,6,8,1126.56,At-Risk,#BA7517
8431,43,2,134.32,At-Risk,#BA7517
8433,53,4,560.11,At-Risk,#BA7517
8434,319,1,142.72,New Customers,#7F77DD
8435,46,1,212.44,At-Risk,#BA7517
8437,28,3,912.9000000000001,At-Risk,#BA7517
8438,46,3,277.21000000000004,At-Risk,#BA7517
8441,142,3,384.97,New Customers,#7F77DD
8442,4,36,6215.24,At-Risk,#BA7517
8444,15,6,2691.27,At-Risk,#BA7517
8445,68,3,322.22999999999996,At-Risk,#BA7517
8446,130,1,106.68,New Customers,#7F77DD
8447,56,2,1114.94,At-Risk,#BA7517
8448,231,2,211.56,New Customers,#7F77DD
8449,272,1,182.16,New Customers,#7F77DD
8450,18,18,3678.55,At-Risk,#BA7517
8451,134,1,277.14,New Customers,#7F77DD
8452,255,1,123.96,New Customers,#7F77DD
8453,269,1,219.77,New Customers,#7F77DD
8454,21,2,367.44,At-Risk,#BA7517
8455,294,1,232.35,New Customers,#7F77DD
8456,1,7,873.28,At-Risk,#BA7517
8457,23,9,1471.32,At-Risk,#BA7517
8458,56,10,2031.03,At-Risk,#BA7517
8459,37,3,614.75,At-Risk,#BA7517
8460,305,1,104.35,New Customers,#7F77DD
8463,38,1,347.24,At-Risk,#BA7517
8464,219,1,165.96,New Customers,#7F77DD
8465,262,1,479.2,New Customers,#7F77DD
8467,122,1,328.54,At-Risk,#BA7517
8468,105,3,1275.29,At-Risk,#BA7517
8469,152,3,321.13,New Customers,#7F77DD
8470,15,3,569.48,At-Risk,#BA7517
8471,96,2,169.43,At-Risk,#BA7517
8472,102,1,237.24,At-Risk,#BA7517
8474,268,1,117.98,New Customers,#7F77DD
8475,209,2,340.22,New Customers,#7F77DD
8476,86,1,93.16,At-Risk,#BA7517
8479,87,1,59.52,At-Risk,#BA7517
8480,111,1,57.21,At-Risk,#BA7517
8481,177,2,752.38,New Customers,#7F77DD
8482,14,2,1494.69,At-Risk,#BA7517
8483,17,3,230.09,At-Risk,#BA7517
8484,35,2,232.02999999999997,At-Risk,#BA7517
8485,54,4,1093.16,At-Risk,#BA7517
8486,155,3,624.6899999999999,New Customers,#7F77DD
8487,160,3,326.29,New Customers,#7F77DD
8488,86,2,118.37,At-Risk,#BA7517
8490,19,1,179.38,At-Risk,#BA7517
8491,265,1,65.77,New Customers,#7F77DD
8492,308,1,248.16,New Customers,#7F77DD
8493,67,3,216.5,At-Risk,#BA7517
8494,25,7,1614.28,At-Risk,#BA7517
8495,76,4,749.09,At-Risk,#BA7517
8496,56,2,445.73,At-Risk,#BA7517
8497,296,2,787.5400000000001,New Customers,#7F77DD
8498,119,2,498.39000000000004,At-Risk,#BA7517
8499,229,2,371.06,New Customers,#7F77DD
8500,51,6,1622.8200000000002,At-Risk,#BA7517
8501,15,4,1664.8799999999999,At-Risk,#BA7517
8502,332,1,336.28,New Customers,#7F77DD
8503,11,2,459.6,At-Risk,#BA7517
8505,38,4,1166.02,At-Risk,#BA7517
8506,1,3,871.94,At-Risk,#BA7517
8507,138,2,200.66,New Customers,#7F77DD
8508,105,3,676.68,At-Risk,#BA7517
8509,16,5,821.8399999999999,At-Risk,#BA7517
8510,100,1,80.5,At-Risk,#BA7517
8511,80,3,466.76,At-Risk,#BA7517
8512,6,2,158.75,At-Risk,#BA7517
8513,188,5,517.42,New Customers,#7F77DD
8514,214,1,61.82,New Customers,#7F77DD
8515,335,1,62.71,New Customers,#7F77DD
8516,75,3,158.10999999999999,At-Risk,#BA7517
8517,35,8,1206.63,At-Risk,#BA7517
8518,13,5,1358.98,At-Risk,#BA7517
8519,6,9,1802.47,At-Risk,#BA7517
8520,127,2,288.93,At-Risk,#BA7517
8521,111,2,128.92,At-Risk,#BA7517
8522,136,5,595.9399999999999,New Customers,#7F77DD
8523,126,2,302.1,At-Risk,#BA7517
8524,86,4,663.27,At-Risk,#BA7517
8526,110,2,768.3299999999999,At-Risk,#BA7517
8527,34,13,2654.04,At-Risk,#BA7517
8528,311,2,352.37,New Customers,#7F77DD
8530,37,15,3970.8247766895843,At-Risk,#BA7517
8531,7,5,2165.96,At-Risk,#BA7517
8533,103,3,332.40999999999997,At-Risk,#BA7517
8534,107,3,528.4200000000001,At-Risk,#BA7517
8535,55,8,2759.36,At-Risk,#BA7517
8536,17,4,550.01,At-Risk,#BA7517
8537,13,7,838.29,At-Risk,#BA7517
8538,57,4,756.46,At-Risk,#BA7517
8539,39,2,259.59000000000003,At-Risk,#BA7517
8541,27,11,1732.69,At-Risk,#BA7517
8542,322,1,133.5,New Customers,#7F77DD
8544,106,2,582.65,At-Risk,#BA7517
8545,4,5,645.87,At-Risk,#BA7517
8546,15,33,5105.15,At-Risk,#BA7517
8547,102,2,227.16000000000003,At-Risk,#BA7517
8548,89,1,237.55,At-Risk,#BA7517
8549,230,1,97.7,New Customers,#7F77DD
8550,5,11,2208.35,At-Risk,#BA7517
8551,74,3,480.44000000000005,At-Risk,#BA7517
8552,139,2,228.26999999999998,New Customers,#7F77DD
8553,24,1,349.58,At-Risk,#BA7517
8554,4,6,719.38,At-Risk,#BA7517
8556,50,2,244.27,At-Risk,#BA7517
8557,289,3,1075.22,New Customers,#7F77DD
8558,40,8,2203.55,At-Risk,#BA7517
8559,43,5,611.3199999999999,At-Risk,#BA7517
8561,58,6,735.28,At-Risk,#BA7517
8563,34,4,328.08,At-Risk,#BA7517
8564,13,5,1502.4899999999998,At-Risk,#BA7517
8565,356,1,232.27,New Customers,#7F77DD
8566,73,3,723.55,At-Risk,#BA7517
8567,188,2,979.71,New Customers,#7F77DD
8568,3,53,16406.293478423086,At-Risk,#BA7517
8569,24,16,2531.91,At-Risk,#BA7517
8570,25,2,168.92000000000002,At-Risk,#BA7517
8571,134,2,245.89999999999998,New Customers,#7F77DD
8572,53,11,1686.99,At-Risk,#BA7517
8574,35,10,2378.04,At-Risk,#BA7517
8575,2,4,637.72,At-Risk,#BA7517
8576,1,9,1554.95,At-Risk,#BA7517
8577,145,2,256.82,New Customers,#7F77DD
8578,101,6,710.4100000000001,At-Risk,#BA7517
8579,244,2,637.76,New Customers,#7F77DD
8581,150,2,141.55,New Customers,#7F77DD
8582,11,6,1155.94,At-Risk,#BA7517
8583,108,5,1560.23,At-Risk,#BA7517
8584,145,3,258.04999999999995,New Customers,#7F77DD
8585,144,3,882.38,New Customers,#7F77DD
8586,40,11,1267.29,At-Risk,#BA7517
8587,21,3,222.64,At-Risk,#BA7517
8588,2,4,1526.81,At-Risk,#BA7517
8589,59,2,258.87,At-Risk,#BA7517
8590,40,12,2158.46,At-Risk,#BA7517
8591,64,4,681.51,At-Risk,#BA7517
8592,133,1,75.8,New Customers,#7F77DD
8594,20,4,1322.48,At-Risk,#BA7517
8595,338,1,126.97,New Customers,#7F77DD
8596,192,2,235.65,New Customers,#7F77DD
8597,120,1,183.12,At-Risk,#BA7517
8599,12,6,716.54,At-Risk,#BA7517
8600,95,1,182.72,At-Risk,#BA7517
8601,28,3,335.61,At-Risk,#BA7517
8602,132,2,266.45000000000005,New Customers,#7F77DD
8603,29,2,306.49,At-Risk,#BA7517
8604,189,2,243.11,New Customers,#7F77DD
8605,64,2,176.2,At-Risk,#BA7517
8606,36,2,593.88,At-Risk,#BA7517
8607,17,5,1458.41,At-Risk,#BA7517
8608,156,1,251.12,New Customers,#7F77DD
8609,210,1,375.72,New Customers,#7F77DD
8610,219,1,141.91,New Customers,#7F77DD
8611,17,16,2361.74,At-Risk,#BA7517
8612,101,2,193.37,At-Risk,#BA7517
8613,21,2,693.5,At-Risk,#BA7517
8614,99,3,462.70000000000005,At-Risk,#BA7517
8615,211,1,162.86,New Customers,#7F77DD
8616,109,4,507.0,At-Risk,#BA7517
8618,25,2,326.95000000000005,At-Risk,#BA7517
8619,4,53,11007.181738200783,At-Risk,#BA7517
8620,33,2,169.55,At-Risk,#BA7517
8621,3,1,65.73,At-Risk,#BA7517
8622,116,1,97.16,At-Risk,#BA7517
8623,10,13,2920.1,At-Risk,#BA7517
8624,29,18,4018.65,At-Risk,#BA7517
8625,251,2,159.89000000000001,New Customers,#7F77DD
8626,144,2,280.94,New Customers,#7F77DD
8627,111,2,146.51,At-Risk,#BA7517
8628,203,3,1664.05,New Customers,#7F77DD
8629,57,1,62.82,At-Risk,#BA7517
8630,28,3,343.41999999999996,At-Risk,#BA7517
8631,101,1,53.93,At-Risk,#BA7517
8632,5,3,392.83,At-Risk,#BA7517
8633,8,7,1261.67,At-Risk,#BA7517
8634,24,12,2224.36,At-Risk,#BA7517
8635,141,2,165.45,New Customers,#7F77DD
8636,121,4,1079.81,At-Risk,#BA7517
8638,13,11,1586.15,At-Risk,#BA7517
8639,227,1,132.64,New Customers,#7F77DD
8640,8,3,1101.3700000000001,At-Risk,#BA7517
8641,54,3,631.11,At-Risk,#BA7517
8642,63,2,299.62,At-Risk,#BA7517
8643,140,2,354.66,New Customers,#7F77DD
8644,100,2,221.02,At-Risk,#BA7517
8645,43,4,1050.85,At-Risk,#BA7517
8646,227,4,832.49,New Customers,#7F77DD
8647,86,1,233.07,At-Risk,#BA7517
8648,194,1,157.06,New Customers,#7F77DD
8649,99,1,206.37,At-Risk,#BA7517
8650,102,3,908.72,At-Risk,#BA7517
8653,55,4,771.6,At-Risk,#BA7517
8654,12,3,709.52,At-Risk,#BA7517
8655,35,5,1186.7,At-Risk,#BA7517
8657,122,2,782.9,At-Risk,#BA7517
8659,34,5,1137.03,At-Risk,#BA7517
8660,32,14,2975.51,At-Risk,#BA7517
8661,13,3,688.36,At-Risk,#BA7517
8663,122,5,557.24,At-Risk,#BA7517
8664,6,6,863.3,At-Risk,#BA7517
8667,275,2,423.49,New Customers,#7F77DD
8668,19,9,1685.48,At-Risk,#BA7517
8669,104,7,3094.113642126352,At-Risk,#BA7517
8671,122,1,113.49,At-Risk,#BA7517
8672,48,1,40.0,At-Risk,#BA7517
8673,31,5,601.6700000000001,At-Risk,#BA7517
8674,70,3,534.96,At-Risk,#BA7517
8675,11,1,164.91,At-Risk,#BA7517
8676,257,1,38.6,New Customers,#7F77DD
8677,76,4,449.33,At-Risk,#BA7517
8678,191,1,243.36,New Customers,#7F77DD
8679,235,1,82.68,New Customers,#7F77DD
8680,208,1,42.16,New Customers,#7F77DD
8681,75,4,1315.12,At-Risk,#BA7517
8684,194,1,34.43,New Customers,#7F77DD
8685,19,3,711.81,At-Risk,#BA7517
8686,155,1,203.61,New Customers,#7F77DD
8688,8,4,773.49,At-Risk,#BA7517
8689,309,2,679.98,New Customers,#7F77DD
8690,101,1,64.77,At-Risk,#BA7517
8691,103,6,1552.8400000000001,At-Risk,#BA7517
8692,19,3,414.58000000000004,At-Risk,#BA7517
8693,14,12,2695.6,At-Risk,#BA7517
8694,301,1,47.67,New Customers,#7F77DD
8695,24,4,1209.58,At-Risk,#BA7517
8696,124,2,385.62,At-Risk,#BA7517
8697,48,3,432.1,At-Risk,#BA7517
8698,108,3,399.78000000000003,At-Risk,#BA7517
8699,20,4,1061.55,At-Risk,#BA7517
8701,112,1,125.16,At-Risk,#BA7517
8702,1,19,3993.77,At-Risk,#BA7517
8703,155,1,278.58,New Customers,#7F77DD
8704,108,3,368.99,At-Risk,#BA7517
8705,17,4,345.46999999999997,At-Risk,#BA7517
8706,42,3,569.04,At-Risk,#BA7517
8707,29,4,572.03,At-Risk,#BA7517
8708,198,2,242.18,New Customers,#7F77DD
8709,160,2,283.94,New Customers,#7F77DD
8710,35,2,433.33,At-Risk,#BA7517
8711,4,3,560.91,At-Risk,#BA7517
8712,33,10,1588.69,At-Risk,#BA7517
8713,4,16,2883.02,At-Risk,#BA7517
8714,240,1,178.62,New Customers,#7F77DD
8715,351,1,54.06,New Customers,#7F77DD
8716,15,6,1561.06,At-Risk,#BA7517
8717,189,2,284.77,New Customers,#7F77DD
8718,204,1,159.98,New Customers,#7F77DD
8719,20,1,60.52,At-Risk,#BA7517
8720,1,416,82760.41757242581,Champions,#378ADD
8722,229,1,280.46,New Customers,#7F77DD
8723,211,2,311.97,New Customers,#7F77DD
8724,284,2,450.25,New Customers,#7F77DD
8725,74,3,268.97,At-Risk,#BA7517
8726,114,4,541.1600000000001,At-Risk,#BA7517
8727,139,2,686.41,New Customers,#7F77DD
8730,16,1,104.06,At-Risk,#BA7517
8731,306,1,83.22,New Customers,#7F77DD
8732,37,4,852.53,At-Risk,#BA7517
8733,18,3,540.54,At-Risk,#BA7517
8734,188,3,326.53,New Customers,#7F77DD
8735,16,4,663.77,At-Risk,#BA7517
8736,3,5,1155.1399999999999,At-Risk,#BA7517
8737,237,1,91.76,New Customers,#7F77DD
8738,48,1,264.94,At-Risk,#BA7517
8739,33,3,249.26,At-Risk,#BA7517
8740,78,7,538.84,At-Risk,#BA7517
8742,335,1,46.53,New Customers,#7F77DD
8743,75,1,191.13,At-Risk,#BA7517
8744,28,9,1183.69,At-Risk,#BA7517
8745,82,1,77.28,At-Risk,#BA7517
8746,166,2,446.15,New Customers,#7F77DD
8748,96,1,99.54,At-Risk,#BA7517
8749,69,4,676.23,At-Risk,#BA7517
8750,53,3,419.43,At-Risk,#BA7517
8751,16,3,246.38,At-Risk,#BA7517
8752,157,2,476.24,New Customers,#7F77DD
8753,62,6,1387.98,At-Risk,#BA7517
8754,42,2,598.69,At-Risk,#BA7517
8755,12,1,200.23,At-Risk,#BA7517
8756,39,3,301.95,At-Risk,#BA7517
8757,41,2,175.07999999999998,At-Risk,#BA7517
8758,3,4,374.34000000000003,At-Risk,#BA7517
8759,13,2,169.21,At-Risk,#BA7517
8760,62,2,623.38,At-Risk,#BA7517
8762,166,3,276.42,New Customers,#7F77DD
8763,142,1,169.3,New Customers,#7F77DD
8764,7,3,461.70000000000005,At-Risk,#BA7517
8765,86,2,474.52,At-Risk,#BA7517
8766,256,3,450.42,New Customers,#7F77DD
8767,156,3,549.62,New Customers,#7F77DD
8768,107,1,54.44,At-Risk,#BA7517
8769,59,3,260.82,At-Risk,#BA7517
8771,187,2,114.59,New Customers,#7F77DD
8772,115,5,836.6800000000001,At-Risk,#BA7517
8773,189,1,179.74,New Customers,#7F77DD
8774,253,1,158.88,New Customers,#7F77DD
8775,102,3,281.63,At-Risk,#BA7517
8776,60,2,282.14,At-Risk,#BA7517
8777,303,1,207.27,New Customers,#7F77DD
8779,220,4,492.26,New Customers,#7F77DD
8780,88,5,499.08,At-Risk,#BA7517
8781,244,1,1087.7,New Customers,#7F77DD
8782,19,6,744.5699999999999,At-Risk,#BA7517
8783,16,19,4979.71,At-Risk,#BA7517
8784,232,1,229.5,New Customers,#7F77DD
8785,139,1,373.35,New Customers,#7F77DD
8786,259,2,516.31,New Customers,#7F77DD
8787,12,5,895.63,At-Risk,#BA7517
8788,64,1,154.36,At-Risk,#BA7517
8789,70,3,949.6300000000001,At-Risk,#BA7517
8790,85,1,241.16,At-Risk,#BA7517
8791,193,3,418.17999999999995,New Customers,#7F77DD
8792,77,4,856.15,At-Risk,#BA7517
8793,109,1,918.2,At-Risk,#BA7517
8794,132,2,244.93,New Customers,#7F77DD
8795,62,3,1029.25,At-Risk,#BA7517
8797,290,1,107.94,New Customers,#7F77DD
8799,253,1,205.92,New Customers,#7F77DD
8800,8,44,9666.09,At-Risk,#BA7517
8801,114,1,240.6,At-Risk,#BA7517
8802,208,2,661.21,New Customers,#7F77DD
8804,224,1,53.97,New Customers,#7F77DD
8805,28,3,132.44,At-Risk,#BA7517
8806,36,7,1254.27,At-Risk,#BA7517
8807,26,1,188.4,At-Risk,#BA7517
8808,208,2,131.5,New Customers,#7F77DD
8809,117,1,124.92,At-Risk,#BA7517
8810,103,4,308.07,At-Risk,#BA7517
8811,25,7,1696.99,At-Risk,#BA7517
8812,7,8,1315.1399999999999,At-Risk,#BA7517
8813,244,2,400.03,New Customers,#7F77DD
8814,226,1,603.84,New Customers,#7F77DD
8816,225,1,59.3,New Customers,#7F77DD
8817,156,3,1153.52,New Customers,#7F77DD
8818,113,1,72.07,At-Risk,#BA7517
8820,77,3,1045.8700000000001,At-Risk,#BA7517
8822,35,4,757.03,At-Risk,#BA7517
8823,21,7,1541.87,At-Risk,#BA7517
8825,85,3,759.25,At-Risk,#BA7517
8827,108,1,254.77,At-Risk,#BA7517
8828,239,1,81.92,New Customers,#7F77DD
8829,4,8,1960.91,At-Risk,#BA7517
8831,26,14,2535.69,At-Risk,#BA7517
8832,46,2,137.26,At-Risk,#BA7517
8833,3,2,166.23000000000002,At-Risk,#BA7517
8835,148,2,348.3,New Customers,#7F77DD
8837,156,4,905.96,New Customers,#7F77DD
8838,44,2,207.6,At-Risk,#BA7517
8839,3,2,983.06,At-Risk,#BA7517
8840,208,2,271.53,New Customers,#7F77DD
8841,94,1,82.4,At-Risk,#BA7517
8842,38,1,788.88,At-Risk,#BA7517
8844,244,2,310.34000000000003,New Customers,#7F77DD
8846,2,5,1130.98,At-Risk,#BA7517
8847,134,3,6750.62737519011,At-Risk,#BA7517
8848,135,3,501.85,New Customers,#7F77DD
8849,2,11,2325.3,At-Risk,#BA7517
8851,70,2,344.3,At-Risk,#BA7517
8852,303,2,297.88,New Customers,#7F77DD
8853,43,5,740.1099999999999,At-Risk,#BA7517
8855,176,2,566.28,New Customers,#7F77DD
8856,65,2,129.96,At-Risk,#BA7517
8857,145,2,194.85,New Customers,#7F77DD
8858,69,1,141.88,At-Risk,#BA7517
8859,53,5,4236.376121732683,At-Risk,#BA7517
8860,3,43,9139.47,At-Risk,#BA7517
8861,216,1,233.24,New Customers,#7F77DD
8862,64,1,344.04,At-Risk,#BA7517
8863,55,2,734.74,At-Risk,#BA7517
8864,172,4,483.07,New Customers,#7F77DD
8865,27,3,1021.9,At-Risk,#BA7517
8867,41,2,828.24,At-Risk,#BA7517
8868,259,3,748.1,New Customers,#7F77DD
8869,70,2,667.88,At-Risk,#BA7517
8870,191,1,530.76,New Customers,#7F77DD
8871,6,4,365.02,At-Risk,#BA7517
8872,65,1,163.22,At-Risk,#BA7517
8873,61,1,304.43,At-Risk,#BA7517
8874,44,1,153.05,At-Risk,#BA7517
8877,58,4,1105.77,At-Risk,#BA7517
8880,54,2,424.46000000000004,At-Risk,#BA7517
8881,3,8,1630.54,At-Risk,#BA7517
8883,80,3,184.44,At-Risk,#BA7517
8884,171,2,240.2,New Customers,#7F77DD
8885,171,2,430.40999999999997,New Customers,#7F77DD
8886,28,4,602.5899999999999,At-Risk,#BA7517
8887,29,6,1130.44,At-Risk,#BA7517
8888,1,1,110.19,At-Risk,#BA7517
8889,116,4,414.65,At-Risk,#BA7517
8890,38,4,372.14,At-Risk,#BA7517
8891,22,2,262.56,At-Risk,#BA7517
8892,187,1,279.49,New Customers,#7F77DD
8893,11,3,327.4,At-Risk,#BA7517
8894,20,5,1932.89,At-Risk,#BA7517
8895,196,2,377.99,New Customers,#7F77DD
8896,54,3,519.97,At-Risk,#BA7517
8897,187,3,367.5,New Customers,#7F77DD
8898,69,4,949.22,At-Risk,#BA7517
8899,1,4,466.79,At-Risk,#BA7517
8900,136,6,796.63,New Customers,#7F77DD
8901,221,2,310.51,New Customers,#7F77DD
8902,249,1,1184.7,New Customers,#7F77DD
8904,55,4,348.05,At-Risk,#BA7517
8905,58,2,429.64,At-Risk,#BA7517
8906,27,2,131.32,At-Risk,#BA7517
8907,147,2,306.35,New Customers,#7F77DD
8908,118,1,30.46,At-Risk,#BA7517
8909,135,4,309.13,New Customers,#7F77DD
8910,204,1,189.14,New Customers,#7F77DD
8911,33,3,294.56,At-Risk,#BA7517
8912,177,3,533.95,New Customers,#7F77DD
8913,76,6,1007.13,At-Risk,#BA7517
8914,17,1,616.29,At-Risk,#BA7517
8915,136,2,925.59,New Customers,#7F77DD
8916,171,2,2022.741272611714,New Customers,#7F77DD
8917,8,4,560.81,At-Risk,#BA7517
8918,147,10,1318.9099999999999,New Customers,#7F77DD
8919,88,2,288.06,At-Risk,#BA7517
8920,168,2,433.11,New Customers,#7F77DD
8921,66,1,219.8,At-Risk,#BA7517
8922,146,1,214.58,New Customers,#7F77DD
8924,64,5,1227.87,At-Risk,#BA7517
8926,79,2,154.19,At-Risk,#BA7517
8927,49,5,364.27,At-Risk,#BA7517
8928,131,2,597.48,At-Risk,#BA7517
8929,128,2,251.91,At-Risk,#BA7517
8930,117,1,83.28,At-Risk,#BA7517
8931,123,5,465.28,At-Risk,#BA7517
8932,105,3,332.21000000000004,At-Risk,#BA7517
8933,71,3,248.19,At-Risk,#BA7517
8934,37,3,652.51,At-Risk,#BA7517
8935,242,1,68.08,New Customers,#7F77DD
8936,6,6,700.0799999999999,At-Risk,#BA7517
8937,5,3,496.78999999999996,At-Risk,#BA7517
8938,86,8,1055.41,At-Risk,#BA7517
8939,32,1,76.58,At-Risk,#BA7517
8940,225,1,40.0,New Customers,#7F77DD
8941,235,1,150.44,New Customers,#7F77DD
8943,178,1,263.81,New Customers,#7F77DD
8944,40,5,1143.98,At-Risk,#BA7517
8946,54,3,320.59,At-Risk,#BA7517
8947,16,2,661.4200000000001,At-Risk,#BA7517
8948,83,2,235.70999999999998,At-Risk,#BA7517
8949,110,1,522.72,At-Risk,#BA7517
8950,13,4,312.12,At-Risk,#BA7517
8951,47,4,499.28999999999996,At-Risk,#BA7517
8952,136,4,616.5,New Customers,#7F77DD
8953,131,4,859.95,At-Risk,#BA7517
8954,48,5,1481.18,At-Risk,#BA7517
8955,248,1,80.02,New Customers,#7F77DD
8957,16,5,898.19,At-Risk,#BA7517
8958,18,1,254.97,At-Risk,#BA7517
8959,221,2,1014.88,New Customers,#7F77DD
8960,1,2,763.79,At-Risk,#BA7517
8961,195,1,149.71,New Customers,#7F77DD
8962,316,1,95.28,New Customers,#7F77DD
8963,207,2,265.92,New Customers,#7F77DD
8964,313,1,440.95,New Customers,#7F77DD
8965,39,4,1629.4522526082897,At-Risk,#BA7517
8966,93,6,899.25,At-Risk,#BA7517
8967,104,1,226.12,At-Risk,#BA7517
8968,46,16,3237.7400000000002,At-Risk,#BA7517
8969,130,1,203.04,New Customers,#7F77DD
8971,221,1,232.39,New Customers,#7F77DD
8972,344,1,241.04,New Customers,#7F77DD
8975,107,2,232.41,At-Risk,#BA7517
8977,115,2,156.17000000000002,At-Risk,#BA7517
8978,177,3,349.33,New Customers,#7F77DD
8980,17,6,917.04,At-Risk,#BA7517
8981,94,3,512.91,At-Risk,#BA7517
8982,117,7,1347.3400000000001,At-Risk,#BA7517
8983,291,1,115.44,New Customers,#7F77DD
8984,40,2,368.0,At-Risk,#BA7517
8985,4,34,6315.7,At-Risk,#BA7517
8986,85,5,1197.86,At-Risk,#BA7517
8987,188,4,459.5,New Customers,#7F77DD
8988,60,3,1021.8299999999999,At-Risk,#BA7517
8989,127,3,409.84,At-Risk,#BA7517
8990,102,1,51.62,At-Risk,#BA7517
8991,92,2,919.97,At-Risk,#BA7517
8992,65,24,8357.24453923445,At-Risk,#BA7517
8995,182,5,728.46,New Customers,#7F77DD
8996,225,1,100.23,New Customers,#7F77DD
8998,123,2,404.23,At-Risk,#BA7517
9000,151,1,183.54,New Customers,#7F77DD
9001,119,2,477.05,At-Risk,#BA7517
9002,59,3,192.07,At-Risk,#BA7517
9003,34,3,603.9,At-Risk,#BA7517
9005,115,3,690.1,At-Risk,#BA7517
9006,87,3,281.82,At-Risk,#BA7517
9007,238,2,121.35,New Customers,#7F77DD
9008,40,2,276.67,At-Risk,#BA7517
9009,40,2,701.99,At-Risk,#BA7517
9010,26,3,274.90999999999997,At-Risk,#BA7517
9012,146,2,261.92,New Customers,#7F77DD
9014,144,1,123.92,New Customers,#7F77DD
9015,24,2,318.28999999999996,At-Risk,#BA7517
9016,124,2,689.5699999999999,At-Risk,#BA7517
9017,45,3,620.25,At-Risk,#BA7517
9018,40,1,176.01,At-Risk,#BA7517
9019,296,1,91.85,New Customers,#7F77DD
9020,207,1,77.7,New Customers,#7F77DD
9021,346,1,429.28,New Customers,#7F77DD
9022,25,9,1836.52,At-Risk,#BA7517
9025,194,2,751.85,New Customers,#7F77DD
9026,171,2,550.9,New Customers,#7F77DD
9027,236,1,6.94,New Customers,#7F77DD
9030,318,1,241.5,New Customers,#7F77DD
9031,17,5,1133.02,At-Risk,#BA7517
9032,100,2,726.04,At-Risk,#BA7517
9033,212,2,563.04,New Customers,#7F77DD
9034,58,3,657.72,At-Risk,#BA7517
9035,105,3,748.86,At-Risk,#BA7517
9036,40,7,883.6099999999999,At-Risk,#BA7517
9037,200,4,1225.16,New Customers,#7F77DD
9038,343,1,163.3,New Customers,#7F77DD
9039,175,1,91.98,New Customers,#7F77DD
9040,83,2,149.92000000000002,At-Risk,#BA7517
9041,118,2,253.42000000000002,At-Risk,#BA7517
9042,15,4,717.5500000000001,At-Risk,#BA7517
9043,71,1,207.27,At-Risk,#BA7517
9044,271,1,178.72,New Customers,#7F77DD
9045,58,2,968.9000000000001,At-Risk,#BA7517
9046,24,5,675.53,At-Risk,#BA7517
9048,5,16,3252.7,At-Risk,#BA7517
9052,269,2,177.01,New Customers,#7F77DD
9053,127,1,478.5,At-Risk,#BA7517
9054,81,2,483.5,At-Risk,#BA7517
9055,34,6,1381.3700000000001,At-Risk,#BA7517
9056,6,3,363.75,At-Risk,#BA7517
9057,32,4,412.26,At-Risk,#BA7517
9059,1,43,10088.34,At-Risk,#BA7517
9060,37,8,2222.27,At-Risk,#BA7517
9062,12,6,2268.21,At-Risk,#BA7517
9064,166,2,255.15,New Customers,#7F77DD
9065,14,6,878.6700000000001,At-Risk,#BA7517
9066,6,7,954.46,At-Risk,#BA7517
9067,117,2,385.69,At-Risk,#BA7517
9068,15,2,307.82,At-Risk,#BA7517
9069,160,2,183.85,New Customers,#7F77DD
9070,81,2,1063.2,At-Risk,#BA7517
9071,278,2,896.5999999999999,New Customers,#7F77DD
9074,34,4,1589.35,At-Risk,#BA7517
9075,275,2,271.76,New Customers,#7F77DD
9076,343,1,165.58,New Customers,#7F77DD
9077,128,2,514.74,At-Risk,#BA7517
9078,51,3,279.56,At-Risk,#BA7517
9079,215,3,952.9,New Customers,#7F77DD
9080,155,2,178.21,New Customers,#7F77DD
9081,18,6,2083.23,At-Risk,#BA7517
9082,224,2,774.61,New Customers,#7F77DD
9083,16,4,1389.17,At-Risk,#BA7517
9084,114,1,75.82,At-Risk,#BA7517
9085,3,16,3004.79,At-Risk,#BA7517
9086,136,2,333.49,New Customers,#7F77DD
9087,163,1,68.43,New Customers,#7F77DD
9088,159,3,294.1,New Customers,#7F77DD
9089,20,1,86.8,At-Risk,#BA7517
9090,256,2,865.24,New Customers,#7F77DD
9091,2,4,478.81,At-Risk,#BA7517
9092,31,6,626.43,At-Risk,#BA7517
9093,23,8,1742.54,At-Risk,#BA7517
9094,57,1,430.65,At-Risk,#BA7517
9095,186,3,420.24,New Customers,#7F77DD
9096,35,5,404.52,At-Risk,#BA7517
9097,151,2,155.49,New Customers,#7F77DD
9098,118,3,424.47,At-Risk,#BA7517
9099,281,1,61.89,New Customers,#7F77DD
9101,139,4,901.83,New Customers,#7F77DD
9102,12,9,2669.54,At-Risk,#BA7517
9103,120,3,369.26,At-Risk,#BA7517
9104,125,3,240.32999999999998,At-Risk,#BA7517
9105,14,3,1026.8600000000001,At-Risk,#BA7517
9106,224,2,438.66999999999996,New Customers,#7F77DD
9107,253,1,68.26,New Customers,#7F77DD
9108,283,1,138.48,New Customers,#7F77DD
9109,346,2,133.87,New Customers,#7F77DD
9110,60,3,1236.8200000000002,At-Risk,#BA7517
9111,199,1,137.97,New Customers,#7F77DD
9112,37,3,582.29,At-Risk,#BA7517
9114,299,1,212.72,New Customers,#7F77DD
9115,30,2,665.7,At-Risk,#BA7517
9116,189,1,175.38,New Customers,#7F77DD
9117,166,1,90.93,New Customers,#7F77DD
9118,352,2,382.91999999999996,New Customers,#7F77DD
9119,29,9,2184.79,At-Risk,#BA7517
9120,112,4,566.1,At-Risk,#BA7517
9121,228,2,449.33000000000004,New Customers,#7F77DD
9123,42,3,438.65,At-Risk,#BA7517
9128,35,3,392.39,At-Risk,#BA7517
9129,230,1,62.89,New Customers,#7F77DD
9130,100,3,703.4399999999999,At-Risk,#BA7517
9131,8,2,496.84,At-Risk,#BA7517
9132,207,2,516.37,New Customers,#7F77DD
9133,289,1,475.54,New Customers,#7F77DD
9134,53,2,308.04999999999995,At-Risk,#BA7517
9135,57,3,706.4200000000001,At-Risk,#BA7517
9137,21,5,1416.64,At-Risk,#BA7517
9139,199,4,576.4,New Customers,#7F77DD
9141,26,1,63.28,At-Risk,#BA7517
9142,93,12,2157.04,At-Risk,#BA7517
9143,39,3,363.59,At-Risk,#BA7517
9144,94,5,1180.81,At-Risk,#BA7517
9146,12,1,796.52,At-Risk,#BA7517
9147,253,1,80.74,New Customers,#7F77DD
9148,91,3,292.57,At-Risk,#BA7517
9149,27,5,1213.6599999999999,At-Risk,#BA7517
9150,44,3,479.34000000000003,At-Risk,#BA7517
9151,66,5,816.5699999999999,At-Risk,#BA7517
9152,119,2,1200.0300000000002,At-Risk,#BA7517
9153,48,4,510.62,At-Risk,#BA7517
9154,141,1,67.94,New Customers,#7F77DD
9155,234,1,67.08,New Customers,#7F77DD
9156,91,2,181.41,At-Risk,#BA7517
9157,73,6,1538.06,At-Risk,#BA7517
9158,54,4,442.97,At-Risk,#BA7517
9159,285,1,210.14,New Customers,#7F77DD
9161,52,3,256.15999999999997,At-Risk,#BA7517
9162,46,2,1399.8799999999999,At-Risk,#BA7517
9163,35,10,1329.17,At-Risk,#BA7517
9164,11,2,300.47,At-Risk,#BA7517
9165,208,3,435.67,New Customers,#7F77DD
9166,135,2,179.1,New Customers,#7F77DD
9167,46,5,762.15,At-Risk,#BA7517
9168,30,7,850.19,At-Risk,#BA7517
9169,128,2,252.84,At-Risk,#BA7517
9170,138,5,1314.69,New Customers,#7F77DD
9171,181,2,439.29999999999995,New Customers,#7F77DD
9172,145,3,361.07,New Customers,#7F77DD
9173,16,5,5398.133232217897,At-Risk,#BA7517
9174,178,2,245.15,New Customers,#7F77DD
9175,132,2,777.1,New Customers,#7F77DD
9176,217,1,91.14,New Customers,#7F77DD
9178,11,4,1616.07,At-Risk,#BA7517
9179,66,2,673.8399999999999,At-Risk,#BA7517
9180,95,4,955.38,At-Risk,#BA7517
9181,172,4,910.94,New Customers,#7F77DD
9182,81,2,782.47,At-Risk,#BA7517
9183,60,10,1163.55,At-Risk,#BA7517
9184,102,1,52.15,At-Risk,#BA7517
9185,4,4,587.58,At-Risk,#BA7517
9186,2,5,1197.53,At-Risk,#BA7517
9187,209,3,494.36,New Customers,#7F77DD
9188,260,1,191.71,New Customers,#7F77DD
9189,21,6,1186.62,At-Risk,#BA7517
9190,75,2,291.63,At-Risk,#BA7517
9191,83,2,149.74,At-Risk,#BA7517
9192,2,763,156527.82162594423,Champions,#378ADD
9193,291,1,50.23,New Customers,#7F77DD
9194,9,6,1304.5,At-Risk,#BA7517
9195,19,5,718.8299999999999,At-Risk,#BA7517
9196,8,4,789.9899999999999,At-Risk,#BA7517
9198,206,3,355.23,New Customers,#7F77DD
9200,8,3,303.45,At-Risk,#BA7517
9201,240,1,117.06,New Customers,#7F77DD
9202,125,2,325.56,At-Risk,#BA7517
9203,205,2,538.9,New Customers,#7F77DD
9204,225,5,806.55,New Customers,#7F77DD
9205,132,3,263.65,New Customers,#7F77DD
9206,34,2,675.37,At-Risk,#BA7517
9207,187,3,347.71999999999997,New Customers,#7F77DD
9208,84,2,380.3,At-Risk,#BA7517
9211,186,2,314.70000000000005,New Customers,#7F77DD
9212,142,4,800.25,New Customers,#7F77DD
9213,38,3,540.97,At-Risk,#BA7517
9214,1,12,2851.79,At-Risk,#BA7517
9215,122,3,625.59,At-Risk,#BA7517
9216,198,2,377.78999999999996,New Customers,#7F77DD
9217,43,3,865.3399999999999,At-Risk,#BA7517
9218,73,4,679.15,At-Risk,#BA7517
9219,114,2,738.29,At-Risk,#BA7517
9220,23,6,923.3299999999999,At-Risk,#BA7517
9221,195,2,311.21999999999997,New Customers,#7F77DD
9222,185,2,873.85,New Customers,#7F77DD
9223,219,1,343.95,New Customers,#7F77DD
9224,9,2,385.64,At-Risk,#BA7517
9226,204,2,172.07999999999998,New Customers,#7F77DD
9227,42,5,408.71000000000004,At-Risk,#BA7517
9228,23,10,2506.37,At-Risk,#BA7517
9230,331,1,257.12,New Customers,#7F77DD
9231,167,5,1300.48,New Customers,#7F77DD
9232,148,1,102.2,New Customers,#7F77DD
9233,27,4,1987.750443147524,At-Risk,#BA7517
9235,157,2,70.42999999999999,New Customers,#7F77DD
9236,48,5,798.23,At-Risk,#BA7517
9237,310,1,60.63,New Customers,#7F77DD
9238,8,3,381.83000000000004,At-Risk,#BA7517
9239,55,2,294.7,At-Risk,#BA7517
9240,25,5,786.4,At-Risk,#BA7517
9241,11,3,405.83,At-Risk,#BA7517
9242,4,3,312.0,At-Risk,#BA7517
9243,14,2,289.68,At-Risk,#BA7517
9244,43,5,1294.1399999999999,At-Risk,#BA7517
9245,102,1,242.96,At-Risk,#BA7517
9246,9,2,495.28999999999996,At-Risk,#BA7517
9247,27,4,772.8,At-Risk,#BA7517
9248,7,4,441.2,At-Risk,#BA7517
9249,175,1,69.83,New Customers,#7F77DD
9250,33,5,1291.03,At-Risk,#BA7517
9251,48,4,720.3299999999999,At-Risk,#BA7517
9252,197,1,250.83,New Customers,#7F77DD
9253,102,2,286.55,At-Risk,#BA7517
9254,102,4,811.78,At-Risk,#BA7517
9255,153,2,410.44,New Customers,#7F77DD
9257,95,2,655.1,At-Risk,#BA7517
9258,75,4,931.22,At-Risk,#BA7517
9259,100,3,397.08000000000004,At-Risk,#BA7517
9260,63,3,1772.81,At-Risk,#BA7517
9261,9,6,1050.34,At-Risk,#BA7517
9262,219,1,234.03,New Customers,#7F77DD
9263,249,1,164.92,New Customers,#7F77DD
9264,363,1,56.24,New Customers,#7F77DD
9265,215,1,119.25,New Customers,#7F77DD
9266,55,1,73.15,At-Risk,#BA7517
9267,222,2,1315.7009024896508,New Customers,#7F77DD
9268,79,1,114.14,At-Risk,#BA7517
9269,92,5,814.5,At-Risk,#BA7517
9270,1,29,5133.21,At-Risk,#BA7517
9271,64,3,834.15,At-Risk,#BA7517
9272,40,3,463.66999999999996,At-Risk,#BA7517
9273,92,3,449.75,At-Risk,#BA7517
9276,189,1,93.84,New Customers,#7F77DD
9277,133,1,86.2,New Customers,#7F77DD
9278,24,3,231.2,At-Risk,#BA7517
9280,91,1,80.5,At-Risk,#BA7517
9282,49,2,380.28,At-Risk,#BA7517
9283,29,4,713.0,At-Risk,#BA7517
9284,42,3,213.85,At-Risk,#BA7517
9285,22,3,437.1,At-Risk,#BA7517
9286,51,4,538.43,At-Risk,#BA7517
9287,216,3,786.29,New Customers,#7F77DD
9289,195,2,269.98,New Customers,#7F77DD
9291,234,1,201.9,New Customers,#7F77DD
9292,74,1,191.16,At-Risk,#BA7517
9293,118,2,124.22,At-Risk,#BA7517
9294,23,12,1759.99,At-Risk,#BA7517
9295,217,2,260.39,New Customers,#7F77DD
9296,12,1,90.86,At-Risk,#BA7517
9297,2,11,2937.5299999999997,At-Risk,#BA7517
9298,98,5,989.94,At-Risk,#BA7517
9299,115,1,47.68,At-Risk,#BA7517
9300,147,3,168.75,New Customers,#7F77DD
9301,229,1,189.64,New Customers,#7F77DD
9302,20,4,931.1600000000001,At-Risk,#BA7517
9303,138,3,829.97,New Customers,#7F77DD
9304,78,2,112.06,At-Risk,#BA7517
9305,225,1,114.87,New Customers,#7F77DD
9306,195,3,3381.7718025681284,New Customers,#7F77DD
9308,98,3,235.01999999999998,At-Risk,#BA7517
9309,66,5,740.46,At-Risk,#BA7517
9310,37,3,2798.1359294475474,At-Risk,#BA7517
9311,144,5,778.9,New Customers,#7F77DD
9312,191,1,116.02,New Customers,#7F77DD
9313,75,2,248.64000000000001,At-Risk,#BA7517
9314,45,6,1435.28,At-Risk,#BA7517
9315,1,4,308.46000000000004,At-Risk,#BA7517
9316,120,3,795.81,At-Risk,#BA7517
9317,50,2,307.64,At-Risk,#BA7517
9318,14,4,1133.68,At-Risk,#BA7517
9319,30,2,252.76,At-Risk,#BA7517
9321,155,2,520.09,New Customers,#7F77DD
9322,158,4,562.14,New Customers,#7F77DD
9323,81,2,747.74,At-Risk,#BA7517
9324,57,3,401.51,At-Risk,#BA7517
9325,6,3,627.84,At-Risk,#BA7517
9326,78,5,1098.25,At-Risk,#BA7517
9327,111,1,34.88,At-Risk,#BA7517
9328,230,2,362.62,New Customers,#7F77DD
9329,39,3,677.0799999999999,At-Risk,#BA7517
9330,38,2,339.4,At-Risk,#BA7517
9331,24,4,971.7,At-Risk,#BA7517
9332,168,4,707.17,New Customers,#7F77DD
9333,179,1,45.18,New Customers,#7F77DD
9334,36,10,1029.27,At-Risk,#BA7517
9335,139,2,233.82,New Customers,#7F77DD
9336,70,4,631.17,At-Risk,#BA7517
9337,55,2,491.12,At-Risk,#BA7517
9338,130,4,688.46,At-Risk,#BA7517
9339,248,1,79.47,New Customers,#7F77DD
9341,82,2,330.64,At-Risk,#BA7517
9342,76,4,504.18,At-Risk,#BA7517
9343,209,2,423.45000000000005,New Customers,#7F77DD
9344,90,3,737.76,At-Risk,#BA7517
9345,55,1,209.71,At-Risk,#BA7517
9346,11,6,1053.77,At-Risk,#BA7517
9347,273,2,162.75,New Customers,#7F77DD
9348,47,8,1509.85,At-Risk,#BA7517
9349,38,3,391.40999999999997,At-Risk,#BA7517
9350,23,3,647.76,At-Risk,#BA7517
9351,50,11,3464.24,At-Risk,#BA7517
9352,56,15,3813.44,At-Risk,#BA7517
9353,3,3,591.05,At-Risk,#BA7517
9354,148,3,467.17,New Customers,#7F77DD
9355,195,2,400.38,New Customers,#7F77DD
9357,175,5,784.22,New Customers,#7F77DD
9359,78,8,1105.01,At-Risk,#BA7517
9360,98,4,866.89,At-Risk,#BA7517
9361,44,6,1549.18,At-Risk,#BA7517
9362,73,4,1108.6100000000001,At-Risk,#BA7517
9364,122,2,318.1,At-Risk,#BA7517
9365,213,2,249.81,New Customers,#7F77DD
9366,194,1,43.0,New Customers,#7F77DD
9367,9,10,2520.96,At-Risk,#BA7517
9368,30,8,1508.9,At-Risk,#BA7517
9369,85,1,111.2,At-Risk,#BA7517
9370,140,2,498.94,New Customers,#7F77DD
9371,30,7,992.5,At-Risk,#BA7517
9372,20,3,421.07,At-Risk,#BA7517
9373,107,3,414.46,At-Risk,#BA7517
9374,88,5,1470.8,At-Risk,#BA7517
9375,54,2,198.55,At-Risk,#BA7517
9376,116,4,651.7,At-Risk,#BA7517
9377,34,5,753.73,At-Risk,#BA7517
9378,163,1,160.42,New Customers,#7F77DD
9379,250,2,413.77,New Customers,#7F77DD
9380,164,1,345.28,New Customers,#7F77DD
9381,1,4,1347.04,At-Risk,#BA7517
9382,153,4,498.45,New Customers,#7F77DD
9383,186,3,970.58,New Customers,#7F77DD
9384,81,2,566.55,At-Risk,#BA7517
9385,313,2,707.1,New Customers,#7F77DD
9386,263,1,134.92,New Customers,#7F77DD
9387,282,1,92.07,New Customers,#7F77DD
9388,57,7,1500.6499999999999,At-Risk,#BA7517
9390,272,3,191.57,New Customers,#7F77DD
9391,297,1,438.3,New Customers,#7F77DD
9394,357,1,258.2,New Customers,#7F77DD
9395,199,1,186.42,New Customers,#7F77DD
9396,118,2,922.0799999999999,At-Risk,#BA7517
9397,4,17,3076.39,At-Risk,#BA7517
9399,342,1,195.15,New Customers,#7F77DD
9400,28,4,1771.93,At-Risk,#BA7517
9402,109,2,152.31,At-Risk,#BA7517
9403,5,4,638.64,At-Risk,#BA7517
9404,3,38,6167.29,At-Risk,#BA7517
9405,103,7,2233.63,At-Risk,#BA7517
9406,59,2,302.76,At-Risk,#BA7517
9407,31,4,1115.52,At-Risk,#BA7517
9408,275,2,552.01,New Customers,#7F77DD
9409,134,1,358.96,New Customers,#7F77DD
9411,197,2,246.64,New Customers,#7F77DD
9413,83,2,334.95000000000005,At-Risk,#BA7517
9414,33,3,323.18,At-Risk,#BA7517
9415,142,2,780.56,New Customers,#7F77DD
9416,180,1,609.66,New Customers,#7F77DD
9417,93,4,598.23,At-Risk,#BA7517
9418,107,2,374.47999999999996,At-Risk,#BA7517
9419,102,2,347.28,At-Risk,#BA7517
9420,135,1,98.48,New Customers,#7F77DD
9422,18,1,158.82,At-Risk,#BA7517
9423,10,4,957.29,At-Risk,#BA7517
9425,242,2,514.43,New Customers,#7F77DD
9426,90,2,447.76,At-Risk,#BA7517
9427,59,4,3012.8910838005845,At-Risk,#BA7517
9428,153,1,695.28,New Customers,#7F77DD
9429,315,2,266.88,New Customers,#7F77DD
9430,52,3,246.79000000000002,At-Risk,#BA7517
9431,105,5,860.5600000000001,At-Risk,#BA7517
9433,12,2,477.88,At-Risk,#BA7517
9434,29,3,623.16,At-Risk,#BA7517
9435,91,2,374.1,At-Risk,#BA7517
9436,59,4,561.29,At-Risk,#BA7517
9438,4,2,843.9100000000001,At-Risk,#BA7517
9439,223,1,55.08,New Customers,#7F77DD
9440,12,4,313.0,At-Risk,#BA7517
9441,182,1,137.48,New Customers,#7F77DD
9442,122,3,246.57,At-Risk,#BA7517
9443,104,2,260.53000000000003,At-Risk,#BA7517
9444,296,1,194.64,New Customers,#7F77DD
9445,47,3,9045.909450938965,At-Risk,#BA7517
9446,337,1,363.28,New Customers,#7F77DD
9447,322,1,151.62,New Customers,#7F77DD
9448,283,2,404.14,New Customers,#7F77DD
9449,247,2,950.0,New Customers,#7F77DD
9450,214,3,1136.59,New Customers,#7F77DD
9451,110,4,548.21,At-Risk,#BA7517
9452,89,6,2085.67,At-Risk,#BA7517
9453,68,7,1279.33,At-Risk,#BA7517
9454,48,1,68.64,At-Risk,#BA7517
9455,22,45,10056.971749823337,At-Risk,#BA7517
9457,175,3,479.81,New Customers,#7F77DD
9458,40,4,629.37,At-Risk,#BA7517
9459,200,2,49.9,New Customers,#7F77DD
9460,33,2,328.02,At-Risk,#BA7517
9461,98,2,377.96000000000004,At-Risk,#BA7517
9462,35,3,764.43,At-Risk,#BA7517
9464,63,4,1261.65,At-Risk,#BA7517
9465,200,1,130.98,New Customers,#7F77DD
9466,3,48,10476.491204308879,At-Risk,#BA7517
9467,170,1,1685.134215766363,New Customers,#7F77DD
9468,121,3,658.44,At-Risk,#BA7517
9469,30,3,363.35,At-Risk,#BA7517
9473,155,2,438.2,New Customers,#7F77DD
9474,2,4,571.46,At-Risk,#BA7517
9477,127,5,1040.53,At-Risk,#BA7517
9479,44,4,653.5,At-Risk,#BA7517
9480,5,20,2871.38,At-Risk,#BA7517
9481,196,2,321.42,New Customers,#7F77DD
9482,63,2,273.38,At-Risk,#BA7517
9483,18,4,378.27,At-Risk,#BA7517
9484,13,3,733.51,At-Risk,#BA7517
9485,254,1,79.56,New Customers,#7F77DD
9486,32,7,1544.77,At-Risk,#BA7517
9487,76,1,85.96,At-Risk,#BA7517
9489,136,2,404.39,New Customers,#7F77DD
9491,61,5,1236.9,At-Risk,#BA7517
9493,146,1,97.68,New Customers,#7F77DD
9494,181,1,110.0,New Customers,#7F77DD
9495,24,2,283.74,At-Risk,#BA7517
9497,255,2,465.03999999999996,New Customers,#7F77DD
9498,74,1,312.21,At-Risk,#BA7517
9499,130,1,252.68,New Customers,#7F77DD
9500,94,2,375.45,At-Risk,#BA7517
9501,203,1,326.92,New Customers,#7F77DD
9502,88,1,137.93,At-Risk,#BA7517
9503,166,1,70.7,New Customers,#7F77DD
9504,12,7,1022.29,At-Risk,#BA7517
9505,2,25,5050.47,At-Risk,#BA7517
9506,40,4,479.43,At-Risk,#BA7517
9507,87,2,116.62,At-Risk,#BA7517
9510,32,2,281.5,At-Risk,#BA7517
9511,121,1,318.84,At-Risk,#BA7517
9512,91,8,1663.68,At-Risk,#BA7517
9513,232,1,39.56,New Customers,#7F77DD
9514,56,3,373.94,At-Risk,#BA7517
9516,51,3,655.96,At-Risk,#BA7517
9517,82,6,1224.12,At-Risk,#BA7517
9518,59,4,606.51,At-Risk,#BA7517
9519,15,3,979.8499999999999,At-Risk,#BA7517
9520,123,5,1370.02,At-Risk,#BA7517
9521,85,1,171.2,At-Risk,#BA7517
9522,94,2,451.56000000000006,At-Risk,#BA7517
9523,95,1,113.46,At-Risk,#BA7517
9524,23,5,825.56,At-Risk,#BA7517
9525,136,1,79.28,New Customers,#7F77DD
9526,186,2,915.62,New Customers,#7F77DD
9527,42,5,961.39,At-Risk,#BA7517
9528,39,4,1023.3,At-Risk,#BA7517
9529,28,6,898.87,At-Risk,#BA7517
9530,306,1,127.22,New Customers,#7F77DD
9531,65,2,352.27,At-Risk,#BA7517
9532,196,2,545.9399999999999,New Customers,#7F77DD
9533,66,8,3133.35,At-Risk,#BA7517
9534,3,12,2538.92,At-Risk,#BA7517
9536,196,1,243.0,New Customers,#7F77DD
9537,184,7,1004.05,New Customers,#7F77DD
9538,157,1,121.29,New Customers,#7F77DD
9539,101,2,294.17,At-Risk,#BA7517
9540,6,5,980.44,At-Risk,#BA7517
9541,197,2,277.35,New Customers,#7F77DD
9542,142,4,801.85,New Customers,#7F77DD
9543,80,4,804.51,At-Risk,#BA7517
9544,44,2,312.26,At-Risk,#BA7517
9545,95,11,2206.45,At-Risk,#BA7517
9546,54,2,322.23,At-Risk,#BA7517
9547,197,1,169.12,New Customers,#7F77DD
9548,52,4,1169.02,At-Risk,#BA7517
9549,215,3,481.82,New Customers,#7F77DD
9551,171,1,204.9,New Customers,#7F77DD
9552,24,4,560.5,At-Risk,#BA7517
9553,26,2,465.94,At-Risk,#BA7517
9554,45,3,752.21,At-Risk,#BA7517
9556,149,2,489.45000000000005,New Customers,#7F77DD
9557,15,1,168.7,At-Risk,#BA7517
9558,100,2,517.44,At-Risk,#BA7517
9561,181,2,332.53,New Customers,#7F77DD
9562,181,1,140.28,New Customers,#7F77DD
9563,354,1,91.08,New Customers,#7F77DD
9564,22,1,91.38,At-Risk,#BA7517
9565,19,5,1089.5,At-Risk,#BA7517
9568,147,2,583.14,New Customers,#7F77DD
9569,15,6,823.21,At-Risk,#BA7517
9570,258,3,2086.942683987658,New Customers,#7F77DD
9571,5,1,156.58,At-Risk,#BA7517
9572,16,6,487.77,At-Risk,#BA7517
9573,62,9,1266.6,At-Risk,#BA7517
9574,89,4,294.33,At-Risk,#BA7517
9577,302,1,81.14,New Customers,#7F77DD
9578,87,3,344.49,At-Risk,#BA7517
9579,19,4,306.46000000000004,At-Risk,#BA7517
9580,128,1,86.36,At-Risk,#BA7517
9581,51,3,334.59,At-Risk,#BA7517
9582,5,3,288.23,At-Risk,#BA7517
9583,22,3,407.4,At-Risk,#BA7517
9584,337,1,193.28,New Customers,#7F77DD
9585,23,3,1018.22,At-Risk,#BA7517
9587,11,5,2309.82,At-Risk,#BA7517
9588,92,2,466.81,At-Risk,#BA7517
9590,58,4,665.4,At-Risk,#BA7517
9591,165,2,372.34000000000003,New Customers,#7F77DD
9592,51,2,175.29,At-Risk,#BA7517
9593,321,1,81.01,New Customers,#7F77DD
9595,21,1,1340.2,At-Risk,#BA7517
9596,184,2,539.44,New Customers,#7F77DD
9597,178,2,201.43,New Customers,#7F77DD
9598,267,2,295.29,New Customers,#7F77DD
9599,263,1,19.31,New Customers,#7F77DD
9600,65,1,72.49,At-Risk,#BA7517
9601,12,3,251.91000000000003,At-Risk,#BA7517
9602,59,3,375.5,At-Risk,#BA7517
9604,236,1,61.4,New Customers,#7F77DD
9605,28,8,943.6,At-Risk,#BA7517
9606,203,1,42.02,New Customers,#7F77DD
9607,92,2,80.88000000000001,At-Risk,#BA7517
9608,93,1,223.36,At-Risk,#BA7517
9609,325,1,71.72,New Customers,#7F77DD
9610,35,4,1084.33,At-Risk,#BA7517
9612,249,1,192.66,New Customers,#7F77DD
9613,320,1,163.23,New Customers,#7F77DD
9614,139,1,190.32,New Customers,#7F77DD
9615,13,2,234.41000000000003,At-Risk,#BA7517
9616,125,1,226.02,At-Risk,#BA7517
9617,45,3,1064.45,At-Risk,#BA7517
9618,133,2,212.62,New Customers,#7F77DD
9619,91,1,56.38,At-Risk,#BA7517
9620,1,6,1470.05,At-Risk,#BA7517
9621,150,4,222.66,New Customers,#7F77DD
9622,233,1,48.38,New Customers,#7F77DD
9623,240,2,140.23000000000002,New Customers,#7F77DD
9624,40,10,2975.17,At-Risk,#BA7517
9625,149,4,450.84,New Customers,#7F77DD
9626,101,2,720.34,At-Risk,#BA7517
9627,55,1,57.94,At-Risk,#BA7517
9628,97,4,725.68,At-Risk,#BA7517
9629,285,1,1176.3,New Customers,#7F77DD
9630,19,7,1525.11,At-Risk,#BA7517
9631,2,3,399.87,At-Risk,#BA7517
9632,173,1,44.47,New Customers,#7F77DD
9633,168,3,727.47,New Customers,#7F77DD
9636,43,2,167.61,At-Risk,#BA7517
9637,188,4,1072.55,New Customers,#7F77DD
9638,56,7,1153.0,At-Risk,#BA7517
9639,95,1,59.88,At-Risk,#BA7517
9640,104,4,685.47,At-Risk,#BA7517
9641,326,1,99.3,New Customers,#7F77DD
9642,90,2,669.21,At-Risk,#BA7517
9644,134,2,205.11,New Customers,#7F77DD
9645,107,6,1667.8899999999999,At-Risk,#BA7517
9646,157,1,128.37,New Customers,#7F77DD
9647,37,1,56.08,At-Risk,#BA7517
9648,226,2,209.93,New Customers,#7F77DD
9649,13,26,5145.64,At-Risk,#BA7517
9650,243,1,124.18,New Customers,#7F77DD
9652,2,2,133.51999999999998,At-Risk,#BA7517
9653,88,2,144.99,At-Risk,#BA7517
9654,5,2,477.17,At-Risk,#BA7517
9655,141,1,765.44,New Customers,#7F77DD
9656,111,3,348.95,At-Risk,#BA7517
9657,314,1,81.72,New Customers,#7F77DD
9658,102,2,531.72,At-Risk,#BA7517
9659,176,1,94.58,New Customers,#7F77DD
9660,63,6,1853.26,At-Risk,#BA7517
9661,5,4,712.3299999999999,At-Risk,#BA7517
9662,26,3,302.98,At-Risk,#BA7517
9663,63,6,1014.14,At-Risk,#BA7517
9665,47,4,596.19,At-Risk,#BA7517
9666,97,2,568.13,At-Risk,#BA7517
9667,147,3,751.0799999999999,New Customers,#7F77DD
9668,31,2,266.96,At-Risk,#BA7517
9669,180,2,244.34,New Customers,#7F77DD
9670,47,5,1130.36,At-Risk,#BA7517
9671,189,2,300.25,New Customers,#7F77DD
9672,9,12,2619.38,At-Risk,#BA7517
9673,1,6,1221.98,At-Risk,#BA7517
9674,129,2,841.6400000000001,At-Risk,#BA7517
9675,140,2,758.12,New Customers,#7F77DD
9676,228,1,60.55,New Customers,#7F77DD
9678,250,2,401.8,New Customers,#7F77DD
9680,49,5,480.15,At-Risk,#BA7517
9681,19,4,451.77,At-Risk,#BA7517
9683,22,2,357.02000000000004,At-Risk,#BA7517
9684,74,2,214.87,At-Risk,#BA7517
9685,4,6,765.21,At-Risk,#BA7517
9686,36,13,3221.96,At-Risk,#BA7517
9687,31,9,956.54,At-Risk,#BA7517
9688,104,4,1473.94,At-Risk,#BA7517
9689,132,1,211.92,New Customers,#7F77DD
9690,76,1,580.1,At-Risk,#BA7517
9691,85,4,1120.92,At-Risk,#BA7517
9692,303,2,184.67000000000002,New Customers,#7F77DD
9693,119,6,1304.82,At-Risk,#BA7517
9694,34,6,1434.8,At-Risk,#BA7517
9695,19,3,568.1,At-Risk,#BA7517
9696,95,4,820.73,At-Risk,#BA7517
9697,170,2,860.72,New Customers,#7F77DD
9698,1,14,2600.17,At-Risk,#BA7517
9699,48,6,5707.852608823407,At-Risk,#BA7517
9700,58,2,236.75,At-Risk,#BA7517
9701,294,1,58.68,New Customers,#7F77DD
9702,127,4,563.19,At-Risk,#BA7517
9703,75,5,1558.1,At-Risk,#BA7517
9704,174,4,656.29,New Customers,#7F77DD
9706,179,2,182.26,New Customers,#7F77DD
9707,100,7,1514.52,At-Risk,#BA7517
9708,61,6,1377.95,At-Risk,#BA7517
9709,190,1,74.34,New Customers,#7F77DD
9710,24,2,259.38,At-Risk,#BA7517
9713,24,5,976.83,At-Risk,#BA7517
9714,7,3,367.6,At-Risk,#BA7517
9715,10,7,2301.46,At-Risk,#BA7517
9716,47,7,866.9200000000001,At-Risk,#BA7517
9717,49,5,3731.94750003646,At-Risk,#BA7517
9718,78,2,763.78,At-Risk,#BA7517
9719,56,5,989.99,At-Risk,#BA7517
9720,12,2,812.03,At-Risk,#BA7517
9721,17,3,487.72,At-Risk,#BA7517
9722,152,2,529.04,New Customers,#7F77DD
9723,45,4,861.74,At-Risk,#BA7517
9724,145,1,129.99,New Customers,#7F77DD
9725,54,4,559.46,At-Risk,#BA7517
9726,215,3,591.12,New Customers,#7F77DD
9727,6,3,789.61,At-Risk,#BA7517
9728,7,2,366.44,At-Risk,#BA7517
9729,3,3,275.3,At-Risk,#BA7517
9730,108,4,996.4100000000001,At-Risk,#BA7517
9731,23,6,1037.4,At-Risk,#BA7517
9733,83,2,259.49,At-Risk,#BA7517
9734,20,2,327.4,At-Risk,#BA7517
9735,257,1,55.48,New Customers,#7F77DD
9736,12,35,8324.11,At-Risk,#BA7517
9737,14,2,554.28,At-Risk,#BA7517
9738,117,5,715.09,At-Risk,#BA7517
9739,270,3,488.65999999999997,New Customers,#7F77DD
9740,15,16,3998.19,At-Risk,#BA7517
9741,11,6,985.94,At-Risk,#BA7517
9742,136,2,410.16999999999996,New Customers,#7F77DD
9743,20,6,1650.33,At-Risk,#BA7517
9744,209,1,261.57,New Customers,#7F77DD
9745,183,2,326.01,New Customers,#7F77DD
9746,27,3,593.3900000000001,At-Risk,#BA7517
9747,18,4,1090.75,At-Risk,#BA7517
9748,111,3,309.95,At-Risk,#BA7517
9749,15,3,801.72,At-Risk,#BA7517
9751,195,1,168.61,New Customers,#7F77DD
9753,99,4,485.66999999999996,At-Risk,#BA7517
9754,128,1,186.58,At-Risk,#BA7517
9755,158,1,46.13,New Customers,#7F77DD
9757,73,3,526.06,At-Risk,#BA7517
9758,309,1,326.22,New Customers,#7F77DD
9759,21,7,954.96,At-Risk,#BA7517
9760,51,2,438.98,At-Risk,#BA7517
9761,221,1,128.77,New Customers,#7F77DD
9762,42,5,1001.76,At-Risk,#BA7517
9764,43,1,545.91,At-Risk,#BA7517
9765,137,4,455.79,New Customers,#7F77DD
9766,167,1,76.12,New Customers,#7F77DD
9767,139,1,632.46,New Customers,#7F77DD
9768,2,55,10965.06,At-Risk,#BA7517
9769,59,2,369.9,At-Risk,#BA7517
9770,6,4,587.73,At-Risk,#BA7517
9771,72,5,1162.44,At-Risk,#BA7517
9772,1,2,251.33,At-Risk,#BA7517
9773,25,3,492.08,At-Risk,#BA7517
9774,336,1,59.09,New Customers,#7F77DD
9775,54,1,40.73,At-Risk,#BA7517
9776,70,10,1410.4,At-Risk,#BA7517
9778,10,3,220.71,At-Risk,#BA7517
9779,117,5,396.28999999999996,At-Risk,#BA7517
9780,174,3,940.94,New Customers,#7F77DD
9781,173,2,111.85,New Customers,#7F77DD
9783,36,15,11397.797786117562,At-Risk,#BA7517
9784,2,3,386.76,At-Risk,#BA7517
9785,11,4,678.94,At-Risk,#BA7517
9787,42,5,518.88,At-Risk,#BA7517
9788,26,1,195.15,At-Risk,#BA7517
9789,45,2,145.92,At-Risk,#BA7517
9791,232,1,42.29,New Customers,#7F77DD
9792,37,9,2350.62,At-Risk,#BA7517
9793,23,3,637.73,At-Risk,#BA7517
9794,35,6,1135.8600000000001,At-Risk,#BA7517
9795,56,5,1404.27,At-Risk,#BA7517
9796,88,4,814.04,At-Risk,#BA7517
9797,67,5,1207.67,At-Risk,#BA7517
9798,106,2,180.03,At-Risk,#BA7517
9799,348,1,393.26,New Customers,#7F77DD
9801,154,2,262.32,New Customers,#7F77DD
9803,115,1,217.07,At-Risk,#BA7517
9804,29,4,752.85,At-Risk,#BA7517
9805,13,3,482.84,At-Risk,#BA7517
9806,50,1,145.65,At-Risk,#BA7517
9807,88,2,326.13,At-Risk,#BA7517
9809,47,5,1061.6100000000001,At-Risk,#BA7517
9810,45,10,1257.0,At-Risk,#BA7517
9811,164,2,203.8,New Customers,#7F77DD
9812,110,2,759.36,At-Risk,#BA7517
9813,239,2,331.84,New Customers,#7F77DD
9814,102,4,842.15,At-Risk,#BA7517
9815,83,1,125.24,At-Risk,#BA7517
9816,193,1,186.04,New Customers,#7F77DD
9818,171,3,312.59000000000003,New Customers,#7F77DD
9819,291,1,404.36,New Customers,#7F77DD
9820,166,2,184.93,New Customers,#7F77DD
9821,157,1,65.62,New Customers,#7F77DD
9822,239,2,271.54,New Customers,#7F77DD
9823,32,14,2027.7,At-Risk,#BA7517
9824,171,2,149.1,New Customers,#7F77DD
9825,7,4,1531.54,At-Risk,#BA7517
9826,159,3,650.8,New Customers,#7F77DD
9828,11,4,599.21,At-Risk,#BA7517
9829,6,27,4062.79,At-Risk,#BA7517
9830,92,2,334.53,At-Risk,#BA7517
9831,54,2,300.38,At-Risk,#BA7517
9832,64,3,410.27,At-Risk,#BA7517
9833,20,2,3206.266450009072,At-Risk,#BA7517
9834,69,4,456.57,At-Risk,#BA7517
9836,1,1,38.78,At-Risk,#BA7517
9837,20,2,187.04000000000002,At-Risk,#BA7517
9838,179,1,35.62,New Customers,#7F77DD
9839,230,2,308.38,New Customers,#7F77DD
9840,62,4,382.93,At-Risk,#BA7517
9841,234,2,112.53999999999999,New Customers,#7F77DD
9842,288,2,129.09,New Customers,#7F77DD
9843,2,4,250.62,At-Risk,#BA7517
9844,63,1,264.1,At-Risk,#BA7517
9845,11,40,6731.2,At-Risk,#BA7517
9847,137,1,62.31,New Customers,#7F77DD
9848,317,1,211.0,New Customers,#7F77DD
9849,264,1,737.61,New Customers,#7F77DD
9850,32,2,559.1,At-Risk,#BA7517
9851,163,1,443.7,New Customers,#7F77DD
9852,4,11,1556.5,At-Risk,#BA7517
9853,164,1,110.97,New Customers,#7F77DD
9854,288,2,236.36,New Customers,#7F77DD
9855,8,3,1795.9521881115022,At-Risk,#BA7517
9856,255,1,91.28,New Customers,#7F77DD
9857,317,1,208.8,New Customers,#7F77DD
9858,73,3,431.18,At-Risk,#BA7517
9859,9,9,1772.92,At-Risk,#BA7517
9860,31,2,232.24,At-Risk,#BA7517
9861,289,2,1145.7,New Customers,#7F77DD
9862,165,2,1157.6599999999999,New Customers,#7F77DD
9863,261,1,45.25,New Customers,#7F77DD
9864,101,2,226.96,At-Risk,#BA7517
9865,16,10,1836.0,At-Risk,#BA7517
9866,270,1,166.18,New Customers,#7F77DD
9867,255,1,369.93,New Customers,#7F77DD
9868,12,6,618.4,At-Risk,#BA7517
9869,40,3,415.16999999999996,At-Risk,#BA7517
9870,87,1,185.18,At-Risk,#BA7517
9871,15,15,7561.449880133165,At-Risk,#BA7517
9872,73,6,762.67,At-Risk,#BA7517
9873,99,5,1231.19,At-Risk,#BA7517
9874,31,15,2994.95,At-Risk,#BA7517
9875,218,2,123.21,New Customers,#7F77DD
9876,100,3,827.51,At-Risk,#BA7517
9877,159,3,465.04999999999995,New Customers,#7F77DD
9878,10,6,1151.2,At-Risk,#BA7517
9879,187,4,677.0699999999999,New Customers,#7F77DD
9880,179,1,121.08,New Customers,#7F77DD
9881,148,2,126.38,New Customers,#7F77DD
9882,193,4,491.11,New Customers,#7F77DD
9883,95,1,112.1,At-Risk,#BA7517
9884,97,1,205.47,At-Risk,#BA7517
9885,67,9,1845.82,At-Risk,#BA7517
9886,53,6,848.26,At-Risk,#BA7517
9887,141,2,266.21999999999997,New Customers,#7F77DD
9889,42,5,1145.78,At-Risk,#BA7517
9890,141,1,180.56,New Customers,#7F77DD
9891,70,2,473.77,At-Risk,#BA7517
9892,9,4,420.57000000000005,At-Risk,#BA7517
9893,156,1,258.28,New Customers,#7F77DD
9894,17,1,294.24,At-Risk,#BA7517
9895,50,7,1564.2900000000002,At-Risk,#BA7517
9896,10,2,523.45,At-Risk,#BA7517
9897,77,2,195.22,At-Risk,#BA7517
9898,16,4,1850.1100000000001,At-Risk,#BA7517
9899,35,2,281.89,At-Risk,#BA7517
9900,27,2,380.40999999999997,At-Risk,#BA7517
9901,170,2,440.86,New Customers,#7F77DD
9902,104,3,400.15,At-Risk,#BA7517
9903,161,2,135.62,New Customers,#7F77DD
9904,114,5,1348.49,At-Risk,#BA7517
9905,93,3,423.03999999999996,At-Risk,#BA7517
9906,43,6,1493.41,At-Risk,#BA7517
9907,201,2,583.65,New Customers,#7F77DD
9908,22,11,2713.7200000000003,At-Risk,#BA7517
9909,70,2,126.93,At-Risk,#BA7517
9910,102,9,2564.86,At-Risk,#BA7517
9911,131,1,95.36,New Customers,#7F77DD
9912,164,1,231.52,New Customers,#7F77DD
9913,13,3,959.6500000000001,At-Risk,#BA7517
9914,49,3,159.62,At-Risk,#BA7517
9915,44,2,380.69,At-Risk,#BA7517
9916,31,7,1692.15,At-Risk,#BA7517
9917,82,2,85.86,At-Risk,#BA7517
9918,55,7,1142.07,At-Risk,#BA7517
9919,162,5,724.38,New Customers,#7F77DD
9920,90,6,1474.12,At-Risk,#BA7517
9923,262,2,230.07,New Customers,#7F77DD
9924,231,4,749.15,New Customers,#7F77DD
9925,40,2,419.54,At-Risk,#BA7517
9926,4,9,2204.79,At-Risk,#BA7517
9927,18,2,881.02,At-Risk,#BA7517
9928,89,4,1090.58,At-Risk,#BA7517
9929,182,1,84.7,New Customers,#7F77DD
9930,26,2,940.377307088181,At-Risk,#BA7517
9931,77,6,883.8399999999999,At-Risk,#BA7517
9932,174,2,238.29000000000002,New Customers,#7F77DD
9933,142,2,138.76,New Customers,#7F77DD
9934,68,3,279.74,At-Risk,#BA7517
9935,124,2,455.53,At-Risk,#BA7517
9936,50,1,112.03,At-Risk,#BA7517
9937,189,2,640.7,New Customers,#7F77DD
9938,44,2,570.6999999999999,At-Risk,#BA7517
9939,2,1,177.04,At-Risk,#BA7517
9940,84,7,1189.3,At-Risk,#BA7517
9941,236,2,201.49,New Customers,#7F77DD
9942,94,1,60.9,At-Risk,#BA7517
9944,293,2,204.10999999999999,New Customers,#7F77DD
9945,15,2,359.76,At-Risk,#BA7517
9946,28,3,225.07,At-Risk,#BA7517
9947,12,6,984.5,At-Risk,#BA7517
9948,29,8,1482.61,At-Risk,#BA7517
9949,42,2,142.13,At-Risk,#BA7517
9950,26,3,662.94,At-Risk,#BA7517
9951,111,2,264.2,At-Risk,#BA7517
9952,93,4,997.9100000000001,At-Risk,#BA7517
9953,45,3,411.22999999999996,At-Risk,#BA7517
9954,196,2,613.71,New Customers,#7F77DD
9955,30,7,1758.0900000000001,At-Risk,#BA7517
9956,161,2,571.12,New Customers,#7F77DD
9957,11,30,4561.67,At-Risk,#BA7517
9958,100,3,905.12,At-Risk,#BA7517
9959,359,1,86.14,New Customers,#7F77DD
9960,58,3,473.79999999999995,At-Risk,#BA7517
9962,7,1,119.81,At-Risk,#BA7517
9963,64,2,209.32,At-Risk,#BA7517
9964,171,1,118.24,New Customers,#7F77DD
9965,153,1,50.22,New Customers,#7F77DD
9966,152,1,71.64,New Customers,#7F77DD
9969,42,4,507.98,At-Risk,#BA7517
9970,209,1,94.55,New Customers,#7F77DD
9973,51,3,537.51,At-Risk,#BA7517
9974,182,3,446.18,New Customers,#7F77DD
9975,96,4,976.12,At-Risk,#BA7517
9976,41,5,954.8199999999999,At-Risk,#BA7517
9977,55,10,1584.16,At-Risk,#BA7517
9978,34,3,632.8199999999999,At-Risk,#BA7517
9979,91,4,520.12,At-Risk,#BA7517
9980,109,2,233.65,At-Risk,#BA7517
9981,10,11,1510.34,At-Risk,#BA7517
9982,149,1,50.72,New Customers,#7F77DD
9983,201,2,308.58,New Customers,#7F77DD
9984,73,2,340.32,At-Risk,#BA7517
9985,76,6,1033.23,At-Risk,#BA7517
9986,11,2,200.68,At-Risk,#BA7517
9988,37,3,339.34,At-Risk,#BA7517
9989,47,4,606.32,At-Risk,#BA7517
9990,157,3,258.93,New Customers,#7F77DD
9991,55,4,452.04,At-Risk,#BA7517
9992,207,1,120.24,New Customers,#7F77DD
9993,108,1,184.49,At-Risk,#BA7517
9994,38,2,662.47,At-Risk,#BA7517
9995,5,2,97.74000000000001,At-Risk,#BA7517
9996,221,1,339.44,New Customers,#7F77DD
9997,217,1,129.06,New Customers,#7F77DD
9998,6,10,2059.36,At-Risk,#BA7517
10000,23,10,1382.01,At-Risk,#BA7517
10001,283,1,122.35,New Customers,#7F77DD
10003,1,292,54610.18,Loyal Customers,#1D9E75
10004,7,7,1809.13,At-Risk,#BA7517
10005,36,3,562.09,At-Risk,#BA7517
10006,72,4,574.79,At-Risk,#BA7517
10007,44,3,787.87,At-Risk,#BA7517
10011,24,1,64.18,At-Risk,#BA7517
10012,151,4,730.8,New Customers,#7F77DD
10013,122,5,1314.3200000000002,At-Risk,#BA7517
10015,48,4,1378.2,At-Risk,#BA7517
10017,35,1,190.82,At-Risk,#BA7517
10018,93,1,119.64,At-Risk,#BA7517
10019,60,2,646.02,At-Risk,#BA7517
10020,109,3,1005.41,At-Risk,#BA7517
10021,302,2,364.36,New Customers,#7F77DD
10022,163,2,268.81,New Customers,#7F77DD
10023,32,3,1902.37,At-Risk,#BA7517
10024,7,5,950.33,At-Risk,#BA7517
10025,44,4,656.98,At-Risk,#BA7517
10026,80,9,2196.02,At-Risk,#BA7517
10027,111,7,1614.98,At-Risk,#BA7517
10028,13,2,233.06,At-Risk,#BA7517
10029,4,2,261.52,At-Risk,#BA7517
10030,342,1,67.37,New Customers,#7F77DD
10031,50,3,337.61,At-Risk,#BA7517
10032,214,1,62.57,New Customers,#7F77DD
10033,218,1,167.57,New Customers,#7F77DD
10034,22,5,568.36,At-Risk,#BA7517
10035,52,1,476.0,At-Risk,#BA7517
10036,33,4,443.45,At-Risk,#BA7517
10037,146,2,208.38,New Customers,#7F77DD
10040,76,3,453.8,At-Risk,#BA7517
10041,68,3,264.77,At-Risk,#BA7517
10043,21,3,742.44,At-Risk,#BA7517
10044,71,4,582.93,At-Risk,#BA7517
10045,8,13,2769.46,At-Risk,#BA7517
10046,78,5,653.84,At-Risk,#BA7517
10047,71,2,517.64,At-Risk,#BA7517
10048,11,3,517.6700000000001,At-Risk,#BA7517
10049,90,3,302.08,At-Risk,#BA7517
10050,182,2,3304.275776242803,New Customers,#7F77DD
10051,27,4,921.97,At-Risk,#BA7517
10053,149,1,64.74,New Customers,#7F77DD
10054,201,1,603.6,New Customers,#7F77DD
10056,29,2,172.97,At-Risk,#BA7517
10057,267,1,58.3,New Customers,#7F77DD
10058,126,4,734.6,At-Risk,#BA7517
10059,123,2,348.62,At-Risk,#BA7517
10060,103,2,628.52,At-Risk,#BA7517
10061,265,1,346.26,New Customers,#7F77DD
10062,59,3,390.1,At-Risk,#BA7517
10063,41,2,1465.72,At-Risk,#BA7517
10064,78,2,376.19,At-Risk,#BA7517
10065,63,2,191.62,At-Risk,#BA7517
10066,26,7,968.23,At-Risk,#BA7517
10068,173,1,72.98,New Customers,#7F77DD
10069,64,3,998.74,At-Risk,#BA7517
10070,39,8,1393.03,At-Risk,#BA7517
10071,177,3,253.01999999999998,New Customers,#7F77DD
10072,192,1,285.6,New Customers,#7F77DD
10073,174,2,1379.28,New Customers,#7F77DD
10074,32,2,521.71,At-Risk,#BA7517
10075,59,3,697.53,At-Risk,#BA7517
10076,15,12,2131.02,At-Risk,#BA7517
10078,278,1,85.79,New Customers,#7F77DD
10079,201,2,553.16,New Customers,#7F77DD
10081,4,6,1058.37,At-Risk,#BA7517
10083,105,3,533.5899999999999,At-Risk,#BA7517
10085,10,6,866.25,At-Risk,#BA7517
10087,112,2,906.94,At-Risk,#BA7517
10088,18,4,552.91,At-Risk,#BA7517
10089,27,2,408.26,At-Risk,#BA7517
10090,80,2,547.0500000000001,At-Risk,#BA7517
10091,269,2,453.71,New Customers,#7F77DD
10092,41,3,621.04,At-Risk,#BA7517
10093,74,2,329.40999999999997,At-Risk,#BA7517
10094,22,4,1051.65,At-Risk,#BA7517
10095,8,5,633.58,At-Risk,#BA7517
10096,252,1,128.9,New Customers,#7F77DD
10097,235,1,62.92,New Customers,#7F77DD
10098,224,3,287.49,New Customers,#7F77DD
10099,114,3,898.25,At-Risk,#BA7517
10100,172,5,1293.1,New Customers,#7F77DD
10102,86,2,515.28,At-Risk,#BA7517
10103,34,7,1325.81,At-Risk,#BA7517
10105,48,13,2433.98,At-Risk,#BA7517
10106,161,1,409.5,New Customers,#7F77DD
10107,100,2,163.93,At-Risk,#BA7517
10109,149,2,224.85,New Customers,#7F77DD
10110,24,4,653.52,At-Risk,#BA7517
10111,143,5,1230.6,New Customers,#7F77DD
10113,21,3,775.28,At-Risk,#BA7517
10114,235,2,1088.84,New Customers,#7F77DD
10115,109,5,600.44,At-Risk,#BA7517
10116,19,1,193.98,At-Risk,#BA7517
10118,47,1,106.49,At-Risk,#BA7517
10119,66,1,243.72,At-Risk,#BA7517
10120,344,1,860.4,New Customers,#7F77DD
10121,41,10,2076.26,At-Risk,#BA7517
10122,26,7,2268.95,At-Risk,#BA7517
10123,31,5,1510.4299999999998,At-Risk,#BA7517
10124,35,2,515.14,At-Risk,#BA7517
10125,164,2,257.1,New Customers,#7F77DD
10126,179,3,1005.22,New Customers,#7F77DD
10127,198,2,1153.6100000000001,New Customers,#7F77DD
10129,3,5,675.3,At-Risk,#BA7517
10130,153,2,713.98,New Customers,#7F77DD
10131,196,2,279.56,New Customers,#7F77DD
10132,8,2,110.07,At-Risk,#BA7517
10134,71,2,162.77,At-Risk,#BA7517
10135,165,1,238.92,New Customers,#7F77DD
10136,41,2,289.96,At-Risk,#BA7517
10137,160,2,212.64,New Customers,#7F77DD
10138,2,1,220.83,At-Risk,#BA7517
10139,100,2,375.97,At-Risk,#BA7517
10140,13,11,2309.67,At-Risk,#BA7517
10141,29,3,696.67,At-Risk,#BA7517
10142,17,6,1087.37,At-Risk,#BA7517
10143,13,13,3029.54,At-Risk,#BA7517
10145,211,1,159.12,New Customers,#7F77DD
10146,197,1,58.4,New Customers,#7F77DD
10147,202,2,228.32999999999998,New Customers,#7F77DD
10149,339,1,100.43,New Customers,#7F77DD
10150,13,7,2267.92,At-Risk,#BA7517
10152,151,2,434.84,New Customers,#7F77DD
10153,49,2,477.72,At-Risk,#BA7517
10155,24,5,1546.02,At-Risk,#BA7517
10156,185,1,261.72,New Customers,#7F77DD
10158,10,1,41.04,At-Risk,#BA7517
10159,18,1,30.61,At-Risk,#BA7517
10160,28,1,1345.45,At-Risk,#BA7517
10161,70,6,1072.22,At-Risk,#BA7517
10162,30,12,12376.065856240106,At-Risk,#BA7517
10163,135,6,1348.2,At-Risk,#BA7517
10164,291,1,54.06,New Customers,#7F77DD
10166,216,2,290.4,New Customers,#7F77DD
10167,128,1,374.45,At-Risk,#BA7517
10168,146,3,465.51,New Customers,#7F77DD
10169,13,9,1766.0100000000002,At-Risk,#BA7517
10170,171,1,67.46,New Customers,#7F77DD
10172,27,5,575.6700000000001,At-Risk,#BA7517
10173,85,3,357.49,At-Risk,#BA7517
10176,57,1,421.02,At-Risk,#BA7517
10177,87,2,213.64999999999998,At-Risk,#BA7517
10178,4,4,852.37,At-Risk,#BA7517
10180,170,4,739.9300000000001,New Customers,#7F77DD
10181,99,3,1205.29,At-Risk,#BA7517
10182,33,25,6252.55,At-Risk,#BA7517
10185,88,7,2284.69,At-Risk,#BA7517
10186,3,16,2984.61,At-Risk,#BA7517
10188,109,3,1844.02,At-Risk,#BA7517
10189,299,2,492.59000000000003,New Customers,#7F77DD
10190,26,3,1084.35,At-Risk,#BA7517
10192,149,4,958.7299999999999,New Customers,#7F77DD
10193,4,35,8502.63,At-Risk,#BA7517
10195,102,3,322.2,At-Risk,#BA7517
10196,14,5,920.76,At-Risk,#BA7517
10197,286,2,812.0,New Customers,#7F77DD
10198,99,3,345.33000000000004,At-Risk,#BA7517
10199,331,1,832.96,New Customers,#7F77DD
10200,161,2,893.02,New Customers,#7F77DD
10201,40,1,193.05,At-Risk,#BA7517
10202,79,6,1114.04,At-Risk,#BA7517
10203,163,2,162.3,New Customers,#7F77DD
10204,9,1,76.54,At-Risk,#BA7517
10205,17,1,152.32,At-Risk,#BA7517
10206,285,2,565.59,New Customers,#7F77DD
10207,139,2,371.69,New Customers,#7F77DD
10208,252,1,124.9,New Customers,#7F77DD
10209,117,2,419.38,At-Risk,#BA7517
10210,16,23,4074.76,At-Risk,#BA7517
10212,224,1,40.41,New Customers,#7F77DD
10213,14,19,4004.34,At-Risk,#BA7517
10214,21,7,909.56,At-Risk,#BA7517
10215,41,4,519.25,At-Risk,#BA7517
10216,78,2,150.98,At-Risk,#BA7517
10217,76,2,389.77,At-Risk,#BA7517
10218,182,9,1596.48,New Customers,#7F77DD
10219,30,3,269.38,At-Risk,#BA7517
10220,10,10,1336.9,At-Risk,#BA7517
10221,73,3,589.29,At-Risk,#BA7517
10222,145,4,755.1600000000001,New Customers,#7F77DD
10223,44,7,1944.97,At-Risk,#BA7517
10224,4,8,1407.89,At-Risk,#BA7517
10226,14,3,394.03,At-Risk,#BA7517
10227,191,2,260.59000000000003,New Customers,#7F77DD
10228,115,3,2025.78,At-Risk,#BA7517
10229,90,3,708.52,At-Risk,#BA7517
10230,44,3,611.67,At-Risk,#BA7517
10231,145,1,364.06,New Customers,#7F77DD
10233,66,3,677.26,At-Risk,#BA7517
10234,38,4,1624.42,At-Risk,#BA7517
10235,2,4,490.22,At-Risk,#BA7517
10236,181,3,779.0,New Customers,#7F77DD
10237,161,1,93.77,New Customers,#7F77DD
10238,135,3,977.62,New Customers,#7F77DD
10239,100,1,299.02,At-Risk,#BA7517
10241,151,2,433.64,New Customers,#7F77DD
10242,134,3,949.62,New Customers,#7F77DD
10243,34,4,1767.63,At-Risk,#BA7517
10244,2,7,792.23,At-Risk,#BA7517
10245,3,2,212.41,At-Risk,#BA7517
10246,38,6,877.04,At-Risk,#BA7517
10247,144,1,430.75,New Customers,#7F77DD
10250,134,3,328.88,New Customers,#7F77DD
10251,114,1,74.53,At-Risk,#BA7517
10252,40,2,770.4599999999999,At-Risk,#BA7517
10253,331,1,178.5,New Customers,#7F77DD
10254,151,3,571.12,New Customers,#7F77DD
10255,126,3,788.1,At-Risk,#BA7517
10256,33,1,626.44,At-Risk,#BA7517
10257,131,3,478.54,At-Risk,#BA7517
10258,315,1,197.93,New Customers,#7F77DD
10259,318,1,370.48,New Customers,#7F77DD
10260,139,2,271.46,New Customers,#7F77DD
10261,133,2,705.944316386169,New Customers,#7F77DD
10262,180,1,249.17,New Customers,#7F77DD
10263,246,2,296.49,New Customers,#7F77DD
10265,116,1,456.64,At-Risk,#BA7517
10266,119,1,160.44,At-Risk,#BA7517
10267,136,2,355.96000000000004,New Customers,#7F77DD
10268,80,3,498.68,At-Risk,#BA7517
10269,25,2,83.00999999999999,At-Risk,#BA7517
10270,116,3,229.64,At-Risk,#BA7517
10271,56,2,574.6800000000001,At-Risk,#BA7517
10273,56,3,568.53,At-Risk,#BA7517
10274,198,2,425.07,New Customers,#7F77DD
10275,13,4,568.68,At-Risk,#BA7517
10276,89,4,530.5,At-Risk,#BA7517
10277,43,2,630.8100000000001,At-Risk,#BA7517
10278,34,2,276.22,At-Risk,#BA7517
10279,63,1,64.71,At-Risk,#BA7517
10280,181,4,862.4100000000001,New Customers,#7F77DD
10281,22,1,101.66,At-Risk,#BA7517
10282,82,3,833.01,At-Risk,#BA7517
10283,206,2,225.14,New Customers,#7F77DD
10284,5,4,1388.24,At-Risk,#BA7517
10285,219,4,449.56,New Customers,#7F77DD
10286,181,2,375.21000000000004,New Customers,#7F77DD
10287,65,1,148.48,At-Risk,#BA7517
10289,26,4,700.96,At-Risk,#BA7517
10290,86,3,213.64,At-Risk,#BA7517
10291,183,3,406.6,New Customers,#7F77DD
10292,135,2,1269.77,New Customers,#7F77DD
10293,18,4,526.3900000000001,At-Risk,#BA7517
10295,64,1,167.96,At-Risk,#BA7517
10296,91,2,384.4,At-Risk,#BA7517
10297,24,8,1478.15,At-Risk,#BA7517
10298,61,2,321.4,At-Risk,#BA7517
10299,60,3,303.43,At-Risk,#BA7517
10300,7,1,81.76,At-Risk,#BA7517
10301,51,3,437.72,At-Risk,#BA7517
10302,285,1,153.6,New Customers,#7F77DD
10303,7,2,239.83999999999997,At-Risk,#BA7517
10304,16,6,1665.6504264785667,At-Risk,#BA7517
10306,335,1,268.44,New Customers,#7F77DD
10307,131,4,614.15,At-Risk,#BA7517
10308,58,1,184.02,At-Risk,#BA7517
10309,108,1,217.35,At-Risk,#BA7517
10311,143,1,861.72,New Customers,#7F77DD
10312,91,2,188.07999999999998,At-Risk,#BA7517
10314,7,2,681.95,At-Risk,#BA7517
10315,64,2,495.41999999999996,At-Risk,#BA7517
10316,5,2,230.70999999999998,At-Risk,#BA7517
10317,80,3,285.03,At-Risk,#BA7517
10319,77,5,829.15,At-Risk,#BA7517
10321,67,6,434.13,At-Risk,#BA7517
10322,57,3,591.3399999999999,At-Risk,#BA7517
10323,156,1,123.8,New Customers,#7F77DD
10324,28,6,1361.92,At-Risk,#BA7517
10325,179,1,145.1,New Customers,#7F77DD
10326,60,5,870.28,At-Risk,#BA7517
10327,40,5,747.32,At-Risk,#BA7517
10328,76,3,497.23,At-Risk,#BA7517
10329,170,1,405.9,New Customers,#7F77DD
10330,75,1,42.55,At-Risk,#BA7517
10331,79,5,833.82,At-Risk,#BA7517
10332,1,1,115.4,At-Risk,#BA7517
10333,11,3,798.12,At-Risk,#BA7517
10334,119,1,202.82,At-Risk,#BA7517
10336,177,2,1055.9,New Customers,#7F77DD
10337,222,1,75.69,New Customers,#7F77DD
10339,18,4,236.51999999999998,At-Risk,#BA7517
10340,91,5,1258.92,At-Risk,#BA7517
10341,80,2,895.46,At-Risk,#BA7517
10342,35,12,2868.27,At-Risk,#BA7517
10343,25,2,388.85,At-Risk,#BA7517
10344,59,1,158.83,At-Risk,#BA7517
10346,126,2,328.14,At-Risk,#BA7517
10348,124,5,1408.96,At-Risk,#BA7517
10349,157,1,93.92,New Customers,#7F77DD
10350,15,30,6901.19,At-Risk,#BA7517
10351,8,13,3624.745623484279,At-Risk,#BA7517
10353,299,1,87.7,New Customers,#7F77DD
10354,19,2,195.24,At-Risk,#BA7517
10355,113,2,390.72,At-Risk,#BA7517
10356,48,18,8132.761224122706,At-Risk,#BA7517
10357,111,8,1604.27,At-Risk,#BA7517
10358,27,10,2627.96,At-Risk,#BA7517
10359,23,62,11549.98,At-Risk,#BA7517
10360,36,2,211.12,At-Risk,#BA7517
10362,45,2,276.32,At-Risk,#BA7517
10363,71,2,499.44,At-Risk,#BA7517
10364,195,2,368.45000000000005,New Customers,#7F77DD
10365,56,3,1350.4099999999999,At-Risk,#BA7517
10366,44,3,280.81,At-Risk,#BA7517
10367,89,6,1010.31,At-Risk,#BA7517
10368,86,2,171.75,At-Risk,#BA7517
10369,246,2,265.39,New Customers,#7F77DD
10370,114,2,566.56,At-Risk,#BA7517
10371,32,5,1461.36,At-Risk,#BA7517
10372,206,1,54.62,New Customers,#7F77DD
10373,42,7,1365.0300000000002,At-Risk,#BA7517
10374,140,2,417.39000000000004,New Customers,#7F77DD
10375,212,1,75.56,New Customers,#7F77DD
10376,2,2,978.76,At-Risk,#BA7517
10377,11,4,420.06,At-Risk,#BA7517
10378,46,1,196.82,At-Risk,#BA7517
10379,18,5,841.78,At-Risk,#BA7517
10380,328,1,104.86,New Customers,#7F77DD
10381,306,1,210.51,New Customers,#7F77DD
10382,197,1,84.45,New Customers,#7F77DD
10383,26,3,320.27,At-Risk,#BA7517
10386,307,1,56.68,New Customers,#7F77DD
10388,67,2,450.21999999999997,At-Risk,#BA7517
10389,25,1,97.37,At-Risk,#BA7517
10390,175,4,751.71,New Customers,#7F77DD
10392,51,16,3667.85,At-Risk,#BA7517
10393,65,2,1353.77,At-Risk,#BA7517
10394,198,3,397.38,New Customers,#7F77DD
10395,23,5,1019.0899999999999,At-Risk,#BA7517
10396,85,4,764.1240430049917,At-Risk,#BA7517
10397,231,3,1474.7199999999998,New Customers,#7F77DD
10398,23,5,1334.94,At-Risk,#BA7517
10399,252,1,67.26,New Customers,#7F77DD
10400,52,2,259.65,At-Risk,#BA7517
10401,326,1,207.45,New Customers,#7F77DD
10402,36,2,274.26,At-Risk,#BA7517
10403,72,3,488.4,At-Risk,#BA7517
10404,38,2,102.91,At-Risk,#BA7517
10405,61,11,1313.74,At-Risk,#BA7517
10406,129,1,72.05,At-Risk,#BA7517
10407,3,6,1422.91,At-Risk,#BA7517
10409,7,1,98.99,At-Risk,#BA7517
10410,188,1,579.35,New Customers,#7F77DD
10411,28,8,1867.01,At-Risk,#BA7517
10412,55,6,791.42,At-Risk,#BA7517
10413,125,3,570.91,At-Risk,#BA7517
10414,71,4,737.95,At-Risk,#BA7517
10415,24,7,1313.56,At-Risk,#BA7517
10416,38,8,1194.16,At-Risk,#BA7517
10417,30,7,1202.1399999999999,At-Risk,#BA7517
10418,27,5,623.01,At-Risk,#BA7517
10419,5,27,5538.7,At-Risk,#BA7517
10421,205,3,447.91,New Customers,#7F77DD
10422,79,1,46.72,At-Risk,#BA7517
10423,11,3,227.11,At-Risk,#BA7517
10424,51,2,902.25,At-Risk,#BA7517
10425,59,10,1892.36,At-Risk,#BA7517
10426,115,3,650.58,At-Risk,#BA7517
10427,27,2,118.99000000000001,At-Risk,#BA7517
10428,3,2,224.61,At-Risk,#BA7517
10429,91,1,42.69,At-Risk,#BA7517
10430,24,3,199.61,At-Risk,#BA7517
10431,65,4,521.64,At-Risk,#BA7517
10432,4,155,38814.05135535789,Loyal Customers,#1D9E75
10433,84,1,283.68,At-Risk,#BA7517
10434,103,2,191.89,At-Risk,#BA7517
10435,184,1,88.92,New Customers,#7F77DD
10436,176,5,1383.4,New Customers,#7F77DD
10437,17,6,1734.1200000000001,At-Risk,#BA7517
10440,19,2,145.76,At-Risk,#BA7517
10441,238,2,513.89,New Customers,#7F77DD
10442,49,2,1963.9569100098693,At-Risk,#BA7517
10443,78,3,572.5600000000001,At-Risk,#BA7517
10444,120,3,334.99,At-Risk,#BA7517
10445,60,6,1284.51,At-Risk,#BA7517
10446,16,2,211.22,At-Risk,#BA7517
10447,21,6,1369.45,At-Risk,#BA7517
10449,248,1,30.74,New Customers,#7F77DD
10450,125,3,340.24,At-Risk,#BA7517
10451,22,3,285.58,At-Risk,#BA7517
10452,22,3,296.75,At-Risk,#BA7517
10453,44,7,5130.9016567253575,At-Risk,#BA7517
10454,144,1,220.81,New Customers,#7F77DD
10455,255,2,258.83,New Customers,#7F77DD
10457,27,1,404.4,At-Risk,#BA7517
10458,235,1,288.86,New Customers,#7F77DD
10459,107,7,2386.7799999999997,At-Risk,#BA7517
10460,208,3,756.9399999999999,New Customers,#7F77DD
10461,29,12,1985.52,At-Risk,#BA7517
10462,3,5,529.3299999999999,At-Risk,#BA7517
10463,253,1,149.63,New Customers,#7F77DD
10464,50,1,496.34,At-Risk,#BA7517
10465,286,1,192.52,New Customers,#7F77DD
10466,188,2,225.31,New Customers,#7F77DD
10467,13,1,244.52,At-Risk,#BA7517
10468,291,1,191.74,New Customers,#7F77DD
10469,94,3,518.59,At-Risk,#BA7517
10470,48,1,117.42,At-Risk,#BA7517
10471,4,20,3890.05,At-Risk,#BA7517
10472,12,48,11019.606235759464,At-Risk,#BA7517
10473,248,1,84.03,New Customers,#7F77DD
10474,333,2,645.52,New Customers,#7F77DD
10475,19,4,700.5799999999999,At-Risk,#BA7517
10476,182,1,253.75,New Customers,#7F77DD
10477,10,9,2280.3,At-Risk,#BA7517
10478,28,7,597.9,At-Risk,#BA7517
10480,235,1,54.99,New Customers,#7F77DD
10481,209,3,1085.33,New Customers,#7F77DD
10482,168,2,671.9,New Customers,#7F77DD
10483,45,2,243.49,At-Risk,#BA7517
10484,275,1,66.55,New Customers,#7F77DD
10485,45,3,188.20999999999998,At-Risk,#BA7517
10487,38,6,1490.21,At-Risk,#BA7517
10488,16,1,43.01,At-Risk,#BA7517
10489,94,2,116.24000000000001,At-Risk,#BA7517
10490,3,3,260.03,At-Risk,#BA7517
10491,109,3,753.6600000000001,At-Risk,#BA7517
10492,49,9,1282.85,At-Risk,#BA7517
10493,3,5,1080.67,At-Risk,#BA7517
10494,7,4,1541.26,At-Risk,#BA7517
10495,45,5,671.32,At-Risk,#BA7517
10496,69,10,6475.424306126576,At-Risk,#BA7517
10497,36,3,1223.09,At-Risk,#BA7517
10498,15,2,213.13,At-Risk,#BA7517
10499,163,4,813.52,New Customers,#7F77DD
10501,38,2,187.87,At-Risk,#BA7517
10502,75,5,1527.84,At-Risk,#BA7517
10503,47,1,72.42,At-Risk,#BA7517
10504,198,4,582.4200000000001,New Customers,#7F77DD
10505,22,16,2565.02,At-Risk,#BA7517
10506,11,1,123.06,At-Risk,#BA7517
10507,39,1,114.7,At-Risk,#BA7517
10508,78,3,805.96,At-Risk,#BA7517
10509,52,4,538.33,At-Risk,#BA7517
10510,2,1,82.75,At-Risk,#BA7517
10511,9,1,576.52,At-Risk,#BA7517
10512,59,1,188.97,At-Risk,#BA7517
10513,165,4,13920.80667054415,At-Risk,#BA7517
10514,52,4,1407.1399999999999,At-Risk,#BA7517
10515,75,3,521.4100000000001,At-Risk,#BA7517
10516,64,1,60.98,At-Risk,#BA7517
10517,100,7,958.8100000000001,At-Risk,#BA7517
10518,154,1,180.45,New Customers,#7F77DD
10519,152,1,138.98,New Customers,#7F77DD
10520,94,2,341.09,At-Risk,#BA7517
10521,103,3,512.99,At-Risk,#BA7517
10522,43,18,2548.5,At-Risk,#BA7517
10523,119,3,388.97,At-Risk,#BA7517
10525,11,1,903.04,At-Risk,#BA7517
10526,99,3,251.20000000000002,At-Risk,#BA7517
10527,77,1,246.03,At-Risk,#BA7517
10528,276,1,349.38,New Customers,#7F77DD
10529,98,3,1223.26,At-Risk,#BA7517
10530,121,4,1748.8,At-Risk,#BA7517
10531,8,5,788.73,At-Risk,#BA7517
10533,30,1,57.52,At-Risk,#BA7517
10534,275,1,95.08,New Customers,#7F77DD
10535,198,1,79.22,New Customers,#7F77DD
10536,31,2,505.67999999999995,At-Risk,#BA7517
10537,45,2,152.95999999999998,At-Risk,#BA7517
10538,237,2,821.31,New Customers,#7F77DD
10539,202,4,846.78,New Customers,#7F77DD
10540,141,3,1976.1299999999999,New Customers,#7F77DD
10541,224,1,87.97,New Customers,#7F77DD
10542,52,2,306.35,At-Risk,#BA7517
10543,132,3,610.28,At-Risk,#BA7517
10544,81,4,215.76,At-Risk,#BA7517
10545,37,1,131.76,At-Risk,#BA7517
10546,44,2,309.75,At-Risk,#BA7517
10547,349,1,162.23,New Customers,#7F77DD
10548,105,2,254.45999999999998,At-Risk,#BA7517
10549,161,4,925.27,New Customers,#7F77DD
10550,7,3,534.84,At-Risk,#BA7517
10551,2,107,24432.35274608159,Loyal Customers,#1D9E75
10552,12,2,229.16000000000003,At-Risk,#BA7517
10553,182,2,468.76,New Customers,#7F77DD
10554,182,1,279.08,New Customers,#7F77DD
10555,69,6,1281.75,At-Risk,#BA7517
10556,222,1,69.01,New Customers,#7F77DD
10557,59,4,845.78,At-Risk,#BA7517
10558,115,3,398.40999999999997,At-Risk,#BA7517
10559,116,4,1329.79,At-Risk,#BA7517
10561,52,4,1038.6799999999998,At-Risk,#BA7517
10562,64,4,456.90999999999997,At-Risk,#BA7517
10564,47,1,55.94,At-Risk,#BA7517
10565,20,3,1053.25,At-Risk,#BA7517
10566,254,1,223.42,New Customers,#7F77DD
10567,134,2,277.8,New Customers,#7F77DD
10568,134,2,526.62,New Customers,#7F77DD
10569,8,3,1155.96,At-Risk,#BA7517
10570,115,3,169.01999999999998,At-Risk,#BA7517
10571,260,2,94.45,New Customers,#7F77DD
10572,139,1,310.7,New Customers,#7F77DD
10573,151,1,206.79,New Customers,#7F77DD
10574,76,1,91.44,At-Risk,#BA7517
10575,72,2,255.89999999999998,At-Risk,#BA7517
10576,183,6,1351.16,New Customers,#7F77DD
10577,36,9,1736.04,At-Risk,#BA7517
10578,8,17,3480.2599999999998,At-Risk,#BA7517
10579,107,2,135.67,At-Risk,#BA7517
10580,346,1,506.82,New Customers,#7F77DD
10581,262,3,414.85,New Customers,#7F77DD
10582,203,1,67.76,New Customers,#7F77DD
10584,63,1,522.92,At-Risk,#BA7517
10585,78,1,100.32,At-Risk,#BA7517
10586,327,1,37.24,New Customers,#7F77DD
10587,14,3,348.34,At-Risk,#BA7517
10588,133,3,258.83,New Customers,#7F77DD
10589,1,3,549.29,At-Risk,#BA7517
10591,53,11,1876.31,At-Risk,#BA7517
10592,47,2,352.42,At-Risk,#BA7517
10593,108,3,333.13,At-Risk,#BA7517
10594,140,1,193.77,New Customers,#7F77DD
10595,50,2,250.16,At-Risk,#BA7517
10596,103,2,126.74000000000001,At-Risk,#BA7517
10597,34,2,137.37,At-Risk,#BA7517
10599,88,4,499.26,At-Risk,#BA7517
10600,7,31,4530.11,At-Risk,#BA7517
10601,142,1,218.44,New Customers,#7F77DD
10602,27,4,447.92,At-Risk,#BA7517
10603,4,6,524.35,At-Risk,#BA7517
10604,10,8,2353.3,At-Risk,#BA7517
10605,209,1,59.02,New Customers,#7F77DD
10606,20,2,335.81,At-Risk,#BA7517
10607,231,1,81.28,New Customers,#7F77DD
10608,47,7,1812.9099999999999,At-Risk,#BA7517
10609,79,1,193.89,At-Risk,#BA7517
10610,48,2,425.71000000000004,At-Risk,#BA7517
10611,61,5,1113.0600000000002,At-Risk,#BA7517
10612,92,3,583.23,At-Risk,#BA7517
10613,5,3,763.35,At-Risk,#BA7517
10615,26,1,358.98,At-Risk,#BA7517
10616,20,3,1257.44,At-Risk,#BA7517
10618,188,2,464.82,New Customers,#7F77DD
10619,68,5,1238.85,At-Risk,#BA7517
10621,73,9,1243.82,At-Risk,#BA7517
10623,57,12,3910.48,At-Risk,#BA7517
10624,27,4,711.29,At-Risk,#BA7517
10625,3,22,3416.23,At-Risk,#BA7517
10626,202,3,672.46,New Customers,#7F77DD
10627,44,5,613.51,At-Risk,#BA7517
10628,62,5,2073.69,At-Risk,#BA7517
10629,84,2,226.73,At-Risk,#BA7517
10630,25,2,358.29,At-Risk,#BA7517
10631,13,11,2199.43,At-Risk,#BA7517
10632,94,2,361.28,At-Risk,#BA7517
10633,136,4,3063.277384509766,At-Risk,#BA7517
10634,1,2,290.44,At-Risk,#BA7517
10635,75,2,206.76999999999998,At-Risk,#BA7517
10637,253,2,683.43,New Customers,#7F77DD
10638,197,2,442.14,New Customers,#7F77DD
10639,75,2,1035.6,At-Risk,#BA7517
10640,22,2,142.54000000000002,At-Risk,#BA7517
10641,4,9,4882.948668927572,At-Risk,#BA7517
10642,91,8,1848.1499999999999,At-Risk,#BA7517
10644,79,1,329.28,At-Risk,#BA7517
10645,56,3,558.52,At-Risk,#BA7517
10646,89,2,415.96999999999997,At-Risk,#BA7517
10647,167,3,156.15,New Customers,#7F77DD
10648,192,1,813.25,New Customers,#7F77DD
10649,259,2,413.20000000000005,New Customers,#7F77DD
10650,66,2,737.86,At-Risk,#BA7517
10651,127,1,174.41,At-Risk,#BA7517
10653,38,6,867.2,At-Risk,#BA7517
10654,227,1,186.78,New Customers,#7F77DD
10655,128,2,158.52,At-Risk,#BA7517
10656,17,4,883.85,At-Risk,#BA7517
10658,25,3,446.27,At-Risk,#BA7517
10659,176,1,592.98,New Customers,#7F77DD
10661,53,8,1260.74,At-Risk,#BA7517
10662,1,4,937.24,At-Risk,#BA7517
10663,17,1,245.7,At-Risk,#BA7517
10664,94,2,195.32,At-Risk,#BA7517
10665,12,1,216.8,At-Risk,#BA7517
10667,53,13,2704.9700000000003,At-Risk,#BA7517
10668,167,4,790.77,New Customers,#7F77DD
10669,144,2,436.45,New Customers,#7F77DD
10670,57,2,284.13,At-Risk,#BA7517
10671,44,1,182.48,At-Risk,#BA7517
10672,216,1,517.32,New Customers,#7F77DD
10673,18,4,296.65,At-Risk,#BA7517
10674,342,1,203.14,New Customers,#7F77DD
10675,52,3,422.11,At-Risk,#BA7517
10677,50,4,340.92999999999995,At-Risk,#BA7517
10678,116,7,1160.44,At-Risk,#BA7517
10679,60,2,239.15,At-Risk,#BA7517
10680,211,2,212.42000000000002,New Customers,#7F77DD
10681,335,1,44.18,New Customers,#7F77DD
10684,110,2,2968.78734786635,At-Risk,#BA7517
10685,200,2,358.26,New Customers,#7F77DD
10686,50,3,643.8199999999999,At-Risk,#BA7517
10687,100,2,277.25,At-Risk,#BA7517
10688,48,5,576.24,At-Risk,#BA7517
10689,194,4,361.15999999999997,New Customers,#7F77DD
10691,173,2,323.68,New Customers,#7F77DD
10692,277,2,449.0,New Customers,#7F77DD
10693,1,10,1611.1799999999998,At-Risk,#BA7517
10694,43,4,653.88,At-Risk,#BA7517
10695,82,1,87.33,At-Risk,#BA7517
10696,121,2,702.8199999999999,At-Risk,#BA7517
10697,118,2,1249.93,At-Risk,#BA7517
10698,23,3,809.9000000000001,At-Risk,#BA7517
10699,124,2,188.19,At-Risk,#BA7517
10700,217,1,77.07,New Customers,#7F77DD
10701,261,1,193.85,New Customers,#7F77DD
10703,1,9,1305.4,At-Risk,#BA7517
10704,83,2,102.50999999999999,At-Risk,#BA7517
10705,112,4,456.1,At-Risk,#BA7517
10706,46,3,607.05,At-Risk,#BA7517
10708,89,8,1652.56,At-Risk,#BA7517
10709,11,3,220.62,At-Risk,#BA7517
10710,21,3,435.88,At-Risk,#BA7517
10711,144,1,206.13,New Customers,#7F77DD
10712,9,3,627.28,At-Risk,#BA7517
10713,77,1,68.88,At-Risk,#BA7517
10714,177,1,64.25,New Customers,#7F77DD
10716,124,3,717.7,At-Risk,#BA7517
10717,22,2,233.92000000000002,At-Risk,#BA7517
10718,18,13,2044.7599999999998,At-Risk,#BA7517
10720,23,2,353.96999999999997,At-Risk,#BA7517
10721,29,3,368.49,At-Risk,#BA7517
10722,1,44,6922.04,At-Risk,#BA7517
10723,97,1,88.43,At-Risk,#BA7517
10724,220,2,440.23,New Customers,#7F77DD
10725,62,5,1292.97,At-Risk,#BA7517
10726,140,2,342.12,New Customers,#7F77DD
10727,26,27,5418.12,At-Risk,#BA7517
10728,137,1,191.74,New Customers,#7F77DD
10729,225,1,90.94,New Customers,#7F77DD
10731,34,6,1048.49,At-Risk,#BA7517
10732,224,1,211.42,New Customers,#7F77DD
10733,340,1,618.96,New Customers,#7F77DD
10735,2,12,1730.79,At-Risk,#BA7517
10736,58,2,1016.4200000000001,At-Risk,#BA7517
10737,187,1,345.12,New Customers,#7F77DD
10738,32,1,838.32,At-Risk,#BA7517
10739,201,2,497.81999999999994,New Customers,#7F77DD
10740,163,1,186.07,New Customers,#7F77DD
10741,56,10,1608.59,At-Risk,#BA7517
10742,159,3,1308.44,New Customers,#7F77DD
10743,87,2,1110.21,At-Risk,#BA7517
10744,212,4,517.5699999999999,New Customers,#7F77DD
10745,120,4,1050.48,At-Risk,#BA7517
10746,25,3,279.2,At-Risk,#BA7517
10748,25,6,1201.24,At-Risk,#BA7517
10749,15,8,4181.372261685961,At-Risk,#BA7517
10750,32,3,414.36,At-Risk,#BA7517
10751,68,2,643.01,At-Risk,#BA7517
10752,230,4,400.96,New Customers,#7F77DD
10754,111,9,3101.54,At-Risk,#BA7517
10755,243,2,163.54,New Customers,#7F77DD
10756,60,6,1378.28,At-Risk,#BA7517
10757,41,3,566.86,At-Risk,#BA7517
10759,40,6,769.51,At-Risk,#BA7517
10760,145,3,769.25,New Customers,#7F77DD
10761,62,7,805.6,At-Risk,#BA7517
10762,304,1,211.06,New Customers,#7F77DD
10763,15,7,934.24,At-Risk,#BA7517
10764,37,7,1300.24,At-Risk,#BA7517
10765,14,3,540.5699999999999,At-Risk,#BA7517
10766,3,6,1021.84,At-Risk,#BA7517
10767,33,10,1262.43,At-Risk,#BA7517
10768,72,3,157.97,At-Risk,#BA7517
10769,202,1,207.64,New Customers,#7F77DD
10770,61,1,108.55,At-Risk,#BA7517
10771,124,6,1286.87,At-Risk,#BA7517
10772,13,7,1068.73,At-Risk,#BA7517
10773,87,4,529.38,At-Risk,#BA7517
10774,152,3,394.15000000000003,New Customers,#7F77DD
10775,95,2,134.03,At-Risk,#BA7517
10776,23,7,967.77,At-Risk,#BA7517
10777,192,2,552.35,New Customers,#7F77DD
10779,91,7,818.49,At-Risk,#BA7517
10780,102,3,309.06,At-Risk,#BA7517
10781,312,1,291.0,New Customers,#7F77DD
10782,5,6,1092.83,At-Risk,#BA7517
10783,164,5,586.91,New Customers,#7F77DD
10784,152,1,236.5,New Customers,#7F77DD
10785,57,1,162.58,At-Risk,#BA7517
10786,6,4,1074.79,At-Risk,#BA7517
10787,3,2,884.71,At-Risk,#BA7517
10788,1,5,1197.85,At-Risk,#BA7517
10789,229,4,1388.42,New Customers,#7F77DD
10790,31,7,1235.32,At-Risk,#BA7517
10791,308,1,54.86,New Customers,#7F77DD
10792,9,1,69.52,At-Risk,#BA7517
10793,36,2,265.23,At-Risk,#BA7517
10794,48,3,848.67,At-Risk,#BA7517
10795,199,2,469.58000000000004,New Customers,#7F77DD
10796,106,1,40.37,At-Risk,#BA7517
10797,84,2,518.23,At-Risk,#BA7517
10798,132,3,637.72,At-Risk,#BA7517
10800,13,3,668.47,At-Risk,#BA7517
10801,95,5,557.12,At-Risk,#BA7517
10802,260,2,458.59000000000003,New Customers,#7F77DD
10803,20,11,2090.85,At-Risk,#BA7517
10804,176,1,51.83,New Customers,#7F77DD
10805,25,2,281.53999999999996,At-Risk,#BA7517
10806,12,3,408.76,At-Risk,#BA7517
10807,51,1,145.82,At-Risk,#BA7517
10808,205,2,281.04,New Customers,#7F77DD
10809,243,1,107.64,New Customers,#7F77DD
10810,44,3,413.13,At-Risk,#BA7517
10811,143,4,414.86,New Customers,#7F77DD
10812,103,3,471.35,At-Risk,#BA7517
10814,7,10,1906.57,At-Risk,#BA7517
10815,157,1,53.1,New Customers,#7F77DD
10816,8,20,4563.05,At-Risk,#BA7517
10817,10,25,4057.33,At-Risk,#BA7517
10819,151,2,157.28,New Customers,#7F77DD
10820,18,4,441.31999999999994,At-Risk,#BA7517
10821,46,2,540.8,At-Risk,#BA7517
10822,45,3,441.83000000000004,At-Risk,#BA7517
10823,132,1,88.48,New Customers,#7F77DD
10824,46,1,212.6,At-Risk,#BA7517
10825,27,3,565.75,At-Risk,#BA7517
10826,11,3,845.86,At-Risk,#BA7517
10827,10,21,3921.04,At-Risk,#BA7517
10828,319,3,482.66999999999996,New Customers,#7F77DD
10830,42,5,507.3,At-Risk,#BA7517
10831,18,13,2828.13,At-Risk,#BA7517
10832,24,3,985.4099243077953,At-Risk,#BA7517
10833,19,2,326.1,At-Risk,#BA7517
10834,153,2,184.86,New Customers,#7F77DD
10835,100,10,1190.93,At-Risk,#BA7517
10836,131,4,543.45,At-Risk,#BA7517
10837,16,5,782.28,At-Risk,#BA7517
10838,262,1,66.25,New Customers,#7F77DD
10839,12,3,421.25,At-Risk,#BA7517
10840,72,7,1565.08,At-Risk,#BA7517
10841,140,2,371.19,New Customers,#7F77DD
10842,178,1,432.96,New Customers,#7F77DD
10843,3,136,32572.898239419308,Loyal Customers,#1D9E75
10844,12,6,1108.6899999999998,At-Risk,#BA7517
10845,21,3,1104.08,At-Risk,#BA7517
10846,60,5,1653.8899999999999,At-Risk,#BA7517
10847,131,1,228.32,New Customers,#7F77DD
10848,205,1,99.3,New Customers,#7F77DD
10850,243,3,963.88,New Customers,#7F77DD
10851,176,1,88.82,New Customers,#7F77DD
10852,60,5,843.04,At-Risk,#BA7517
10853,130,2,336.37,At-Risk,#BA7517
10854,18,7,781.26,At-Risk,#BA7517
10855,45,1,49.82,At-Risk,#BA7517
10856,87,5,2300.46,At-Risk,#BA7517
10857,80,2,396.98,At-Risk,#BA7517
10858,2,1,168.99,At-Risk,#BA7517
10859,36,5,1353.42,At-Risk,#BA7517
10860,57,4,907.62,At-Risk,#BA7517
10861,53,1,117.85,At-Risk,#BA7517
10862,138,8,1805.25,At-Risk,#BA7517
10863,133,6,1014.3499999999999,At-Risk,#BA7517
10864,88,4,1308.1599999999999,At-Risk,#BA7517
10865,131,2,182.8,New Customers,#7F77DD
10866,207,4,1571.4,New Customers,#7F77DD
10868,24,3,449.23,At-Risk,#BA7517
10870,71,10,1478.73,At-Risk,#BA7517
10871,69,2,370.22,At-Risk,#BA7517
10872,56,2,330.99,At-Risk,#BA7517
10873,16,3,402.6,At-Risk,#BA7517
10874,13,17,4412.9608181867725,At-Risk,#BA7517
10875,6,6,1105.5,At-Risk,#BA7517
10876,105,2,180.86,At-Risk,#BA7517
10877,113,3,333.17999999999995,At-Risk,#BA7517
10878,219,1,172.34,New Customers,#7F77DD
10879,75,8,895.4000000000001,At-Risk,#BA7517
10880,258,1,102.56,New Customers,#7F77DD
10881,206,3,258.66,New Customers,#7F77DD
10882,189,2,129.94,New Customers,#7F77DD
10883,25,1,412.55,At-Risk,#BA7517
10884,298,1,103.92,New Customers,#7F77DD
10885,235,2,188.55,New Customers,#7F77DD
10886,27,13,2774.75,At-Risk,#BA7517
10887,49,4,1411.22,At-Risk,#BA7517
10888,9,2,316.87,At-Risk,#BA7517
10889,243,1,126.13,New Customers,#7F77DD
10891,12,9,2308.05,At-Risk,#BA7517
10892,4,14,2138.01,At-Risk,#BA7517
10893,44,8,1102.47,At-Risk,#BA7517
10895,224,3,348.82,New Customers,#7F77DD
10896,233,1,61.98,New Customers,#7F77DD
10897,105,2,249.21,At-Risk,#BA7517
10898,14,3,614.29,At-Risk,#BA7517
10899,95,1,359.82,At-Risk,#BA7517
10900,257,2,206.12,New Customers,#7F77DD
10901,155,2,285.42,New Customers,#7F77DD
10902,3,2,216.62,At-Risk,#BA7517
10903,365,1,127.58,New Customers,#7F77DD
10904,19,7,1731.91,At-Risk,#BA7517
10906,74,2,452.66,At-Risk,#BA7517
10907,59,1,146.05,At-Risk,#BA7517
10908,1,2,208.0,At-Risk,#BA7517
10909,59,2,515.4200000000001,At-Risk,#BA7517
10910,85,3,304.55,At-Risk,#BA7517
10911,44,4,528.41,At-Risk,#BA7517
10912,2,3,372.37,At-Risk,#BA7517
10913,121,2,565.04,At-Risk,#BA7517
10914,78,3,897.67,At-Risk,#BA7517
10915,43,8,1454.17,At-Risk,#BA7517
10916,127,2,672.28,At-Risk,#BA7517
10917,292,1,227.94,New Customers,#7F77DD
10918,134,1,151.51,New Customers,#7F77DD
10919,121,3,385.64,At-Risk,#BA7517
10920,125,6,7447.258732126256,At-Risk,#BA7517
10921,301,3,987.01,New Customers,#7F77DD
10923,3,4,859.7900000000001,At-Risk,#BA7517
10924,46,1,421.76,At-Risk,#BA7517
10925,227,1,70.85,New Customers,#7F77DD
10926,195,1,406.8,New Customers,#7F77DD
10929,134,2,397.75,New Customers,#7F77DD
10931,9,2,341.5,At-Risk,#BA7517
10932,20,2,170.88,At-Risk,#BA7517
10933,4,29,5120.87,At-Risk,#BA7517
10934,129,3,349.86,At-Risk,#BA7517
10935,38,7,959.8000000000001,At-Risk,#BA7517
10936,249,2,732.8100000000001,New Customers,#7F77DD
10937,2,3,479.24,At-Risk,#BA7517
10938,330,1,51.21,New Customers,#7F77DD
10939,11,2,131.14,At-Risk,#BA7517
10940,211,2,243.89,New Customers,#7F77DD
10941,111,9,1777.66,At-Risk,#BA7517
10942,60,5,609.47,At-Risk,#BA7517
10943,101,3,244.18,At-Risk,#BA7517
10944,90,2,284.91999999999996,At-Risk,#BA7517
10945,90,5,1300.66,At-Risk,#BA7517
10946,273,1,62.63,New Customers,#7F77DD
10947,85,1,77.89,At-Risk,#BA7517
10948,63,5,684.53,At-Risk,#BA7517
10949,171,1,161.52,New Customers,#7F77DD
10951,117,2,218.44,At-Risk,#BA7517
10952,243,1,759.5,New Customers,#7F77DD
10953,43,2,453.37,At-Risk,#BA7517
10954,19,1,237.66,At-Risk,#BA7517
10955,26,3,1016.62,At-Risk,#BA7517
10956,64,3,269.90999999999997,At-Risk,#BA7517
10957,88,2,794.8199999999999,At-Risk,#BA7517
10958,42,2,171.32,At-Risk,#BA7517
10959,121,1,275.4,At-Risk,#BA7517
10960,87,3,355.29,At-Risk,#BA7517
10961,23,8,1363.3799999999999,At-Risk,#BA7517
10962,266,1,143.93,New Customers,#7F77DD
10963,228,2,208.01999999999998,New Customers,#7F77DD
10964,203,1,79.01,New Customers,#7F77DD
10965,52,4,611.53,At-Risk,#BA7517
10966,25,3,337.59000000000003,At-Risk,#BA7517
10967,46,2,295.16,At-Risk,#BA7517
10968,26,2,431.62,At-Risk,#BA7517
10969,295,1,58.91,New Customers,#7F77DD
10970,116,3,692.0500000000001,At-Risk,#BA7517
10971,97,4,762.2,At-Risk,#BA7517
10972,46,2,534.49,At-Risk,#BA7517
10973,199,1,203.35,New Customers,#7F77DD
10974,53,1,179.94,At-Risk,#BA7517
10975,13,11,1947.3999999999999,At-Risk,#BA7517
10976,104,1,198.58,At-Risk,#BA7517
10977,69,3,486.61,At-Risk,#BA7517
10978,19,4,859.04,At-Risk,#BA7517
10980,157,1,218.97,New Customers,#7F77DD
10981,54,5,423.5,At-Risk,#BA7517
10982,1,12,1633.67,At-Risk,#BA7517
10983,41,4,580.69,At-Risk,#BA7517
10984,55,4,1091.74,At-Risk,#BA7517
10985,155,1,29.3,New Customers,#7F77DD
10986,230,2,408.15,New Customers,#7F77DD
10988,2,2,157.42000000000002,At-Risk,#BA7517
10989,101,3,737.88,At-Risk,#BA7517
10990,128,3,778.0,At-Risk,#BA7517
10991,17,2,548.6600000000001,At-Risk,#BA7517
10993,29,4,525.48,At-Risk,#BA7517
10994,124,1,445.56,At-Risk,#BA7517
10995,61,2,576.03,At-Risk,#BA7517
10996,56,5,969.78,At-Risk,#BA7517
10997,177,2,1005.18,New Customers,#7F77DD
10998,346,1,57.0,New Customers,#7F77DD
10999,28,10,2168.68,At-Risk,#BA7517
11000,351,1,120.9,New Customers,#7F77DD
11001,164,2,247.48000000000002,New Customers,#7F77DD
11002,3,3,283.03999999999996,At-Risk,#BA7517
11003,59,3,219.51999999999998,At-Risk,#BA7517
11004,99,3,463.94,At-Risk,#BA7517
11005,51,5,1208.46,At-Risk,#BA7517
11006,160,2,257.63,New Customers,#7F77DD
11007,177,4,834.04,New Customers,#7F77DD
11008,1,23,3525.0,At-Risk,#BA7517
11009,63,3,425.19,At-Risk,#BA7517
11010,182,2,450.27,New Customers,#7F77DD
11011,3,3,527.0,At-Risk,#BA7517
11014,1,5,1366.25,At-Risk,#BA7517
11015,152,5,721.82,New Customers,#7F77DD
11016,34,1,209.41,At-Risk,#BA7517
11017,244,2,782.9300000000001,New Customers,#7F77DD
11018,363,1,67.91,New Customers,#7F77DD
11019,8,7,1299.48,At-Risk,#BA7517
11020,125,4,379.96999999999997,At-Risk,#BA7517
11021,123,5,401.3,At-Risk,#BA7517
11022,79,1,183.3,At-Risk,#BA7517
11023,13,13,2045.77,At-Risk,#BA7517
11024,33,5,1831.35,At-Risk,#BA7517
11026,70,4,843.6099999999999,At-Risk,#BA7517
11028,189,1,60.25,New Customers,#7F77DD
11029,130,3,416.94000000000005,At-Risk,#BA7517
11030,106,2,287.2,At-Risk,#BA7517
11031,37,5,1476.61,At-Risk,#BA7517
11032,36,3,187.26999999999998,At-Risk,#BA7517
11033,108,2,297.54,At-Risk,#BA7517
11034,90,8,2088.1800000000003,At-Risk,#BA7517
11035,10,1,184.0,At-Risk,#BA7517
11037,137,1,178.9,New Customers,#7F77DD
11038,125,1,162.12,At-Risk,#BA7517
11039,87,3,497.02,At-Risk,#BA7517
11040,232,1,239.07,New Customers,#7F77DD
11041,9,7,2655.7614570936807,At-Risk,#BA7517
11042,14,4,990.87,At-Risk,#BA7517
11043,129,2,728.94,At-Risk,#BA7517
11044,25,8,1360.31,At-Risk,#BA7517
11045,123,8,1013.61,At-Risk,#BA7517
11046,271,4,640.9300000000001,New Customers,#7F77DD
11048,220,1,181.01,New Customers,#7F77DD
11050,188,1,684.36,New Customers,#7F77DD
11051,226,1,34.81,New Customers,#7F77DD
11052,114,2,78.81,At-Risk,#BA7517
11053,330,1,309.2,New Customers,#7F77DD
11054,78,2,153.68,At-Risk,#BA7517
11055,21,9,1722.85,At-Risk,#BA7517
11056,303,1,151.41,New Customers,#7F77DD
11057,26,1,105.66,At-Risk,#BA7517
11058,36,1,33.71,At-Risk,#BA7517
11061,14,3,275.18,At-Risk,#BA7517
11062,136,1,62.23,New Customers,#7F77DD
11064,184,2,111.19999999999999,New Customers,#7F77DD
11065,45,7,1143.53,At-Risk,#BA7517
11066,206,1,32.98,New Customers,#7F77DD
11068,113,2,175.35999999999999,At-Risk,#BA7517
11069,111,3,460.53999999999996,At-Risk,#BA7517
11070,178,2,491.0,New Customers,#7F77DD
11071,193,1,200.09,New Customers,#7F77DD
11072,106,1,67.94,At-Risk,#BA7517
11073,17,3,731.81,At-Risk,#BA7517
11074,65,3,1006.21,At-Risk,#BA7517
11076,46,3,611.3199999999999,At-Risk,#BA7517
11077,43,2,309.11,At-Risk,#BA7517
11078,39,2,195.95,At-Risk,#BA7517
11079,90,6,1418.63,At-Risk,#BA7517
11080,57,5,1212.74,At-Risk,#BA7517
11081,42,1,192.2,At-Risk,#BA7517
11082,128,2,370.16999999999996,At-Risk,#BA7517
11083,278,2,245.72000000000003,New Customers,#7F77DD
11084,39,4,292.48,At-Risk,#BA7517
11087,156,2,410.17,New Customers,#7F77DD
11088,205,1,167.07,New Customers,#7F77DD
11089,193,2,446.22,New Customers,#7F77DD
11090,207,1,132.98,New Customers,#7F77DD
11091,20,5,1049.29,At-Risk,#BA7517
11092,39,2,543.47,At-Risk,#BA7517
11093,249,2,370.32,New Customers,#7F77DD
11094,4,5,1074.02,At-Risk,#BA7517
11095,91,6,834.37,At-Risk,#BA7517
11097,40,8,1159.1399999999999,At-Risk,#BA7517
11098,49,2,356.63,At-Risk,#BA7517
11099,37,1,173.34,At-Risk,#BA7517
11100,2,5,1428.8,At-Risk,#BA7517
11101,363,1,150.02,New Customers,#7F77DD
11102,341,1,92.33,New Customers,#7F77DD
11103,150,3,219.6,New Customers,#7F77DD
11104,253,3,847.2199999999999,New Customers,#7F77DD
11105,39,2,246.43,At-Risk,#BA7517
11106,179,2,387.53,New Customers,#7F77DD
11107,92,3,561.36,At-Risk,#BA7517
11108,307,1,198.17,New Customers,#7F77DD
11109,74,2,223.32,At-Risk,#BA7517
11110,133,4,632.6500000000001,New Customers,#7F77DD
11111,122,2,317.06,At-Risk,#BA7517
11112,56,2,590.64,At-Risk,#BA7517
11113,111,2,334.06,At-Risk,#BA7517
11114,8,3,459.46000000000004,At-Risk,#BA7517
11115,123,1,116.72,At-Risk,#BA7517
11116,35,1,636.72,At-Risk,#BA7517
11117,67,1,45.07,At-Risk,#BA7517
11118,213,1,46.03,New Customers,#7F77DD
11119,316,2,444.66,New Customers,#7F77DD
11121,35,5,1002.83,At-Risk,#BA7517
11122,39,2,395.56,At-Risk,#BA7517
11123,179,2,241.01,New Customers,#7F77DD
11125,326,1,105.78,New Customers,#7F77DD
11127,30,2,529.95,At-Risk,#BA7517
11128,188,1,130.0,New Customers,#7F77DD
11129,141,3,310.6,New Customers,#7F77DD
11130,39,1,205.04,At-Risk,#BA7517
11131,206,1,166.64,New Customers,#7F77DD
11132,11,5,609.71,At-Risk,#BA7517
11133,100,1,56.26,At-Risk,#BA7517
11134,195,2,247.84,New Customers,#7F77DD
11135,73,5,1014.13,At-Risk,#BA7517
11136,15,5,1123.37,At-Risk,#BA7517
11137,39,8,1306.97,At-Risk,#BA7517
11138,22,2,222.55,At-Risk,#BA7517
11139,45,5,935.64,At-Risk,#BA7517
11140,144,2,267.79999999999995,New Customers,#7F77DD
11141,23,2,801.02,At-Risk,#BA7517
11142,245,1,125.88,New Customers,#7F77DD
11143,26,2,379.28,At-Risk,#BA7517
11144,39,4,709.19,At-Risk,#BA7517
11145,309,1,101.4,New Customers,#7F77DD
11146,249,1,37.98,New Customers,#7F77DD
11147,121,6,844.94,At-Risk,#BA7517
11148,224,2,240.0,New Customers,#7F77DD
11149,13,12,2266.72,At-Risk,#BA7517
11150,59,3,487.67,At-Risk,#BA7517
11152,33,3,1025.52,At-Risk,#BA7517
11153,349,1,703.6,New Customers,#7F77DD
11154,29,3,232.27999999999997,At-Risk,#BA7517
11156,76,2,343.51,At-Risk,#BA7517
11157,10,2,278.24,At-Risk,#BA7517
11158,188,1,108.3,New Customers,#7F77DD
11159,326,1,169.41,New Customers,#7F77DD
11160,97,1,90.49,At-Risk,#BA7517
11161,116,2,306.79,At-Risk,#BA7517
11162,183,1,237.15,New Customers,#7F77DD
11163,24,9,1575.4,At-Risk,#BA7517
11164,181,7,1404.9,New Customers,#7F77DD
11165,148,3,415.6,New Customers,#7F77DD
11166,86,3,438.75,At-Risk,#BA7517
11167,13,5,828.76,At-Risk,#BA7517
11169,252,3,281.44,New Customers,#7F77DD
11170,3,3,2780.0019143096924,At-Risk,#BA7517
11172,157,1,184.34,New Customers,#7F77DD
11173,170,2,158.45,New Customers,#7F77DD
11174,141,4,518.28,New Customers,#7F77DD
11175,91,2,260.59000000000003,At-Risk,#BA7517
11177,202,2,288.3,New Customers,#7F77DD
11178,14,3,440.42999999999995,At-Risk,#BA7517
11179,5,4,673.48,At-Risk,#BA7517
11182,197,2,119.56,New Customers,#7F77DD
11183,74,3,770.92,At-Risk,#BA7517
11184,16,2,884.79,At-Risk,#BA7517
11185,53,2,840.87,At-Risk,#BA7517
11186,351,1,276.5,New Customers,#7F77DD
11187,114,3,279.49,At-Risk,#BA7517
11188,41,24,6840.663096065566,At-Risk,#BA7517
11190,270,1,60.84,New Customers,#7F77DD
11191,233,3,647.63,New Customers,#7F77DD
11192,211,1,435.88,New Customers,#7F77DD
11193,157,1,199.24,New Customers,#7F77DD
11194,76,3,464.53,At-Risk,#BA7517
11195,101,3,406.62,At-Risk,#BA7517
11197,50,11,1507.63,At-Risk,#BA7517
11198,206,1,28.96,New Customers,#7F77DD
11200,68,2,313.12,At-Risk,#BA7517
11201,234,2,828.97,New Customers,#7F77DD
11202,30,3,1882.3,At-Risk,#BA7517
11203,360,1,164.28,New Customers,#7F77DD
11204,34,3,570.02,At-Risk,#BA7517
11205,13,2,325.05,At-Risk,#BA7517
11206,6,1,55.14,At-Risk,#BA7517
11208,89,4,691.64,At-Risk,#BA7517
11209,81,3,642.0799999999999,At-Risk,#BA7517
11210,53,1,492.22,At-Risk,#BA7517
11211,72,4,936.9,At-Risk,#BA7517
11212,363,1,197.25,New Customers,#7F77DD
11213,57,2,426.28,At-Risk,#BA7517
11214,278,1,100.43,New Customers,#7F77DD
11216,316,1,185.01,New Customers,#7F77DD
11217,62,2,417.56,At-Risk,#BA7517
11218,8,2,257.07,At-Risk,#BA7517
11219,44,4,1924.94,At-Risk,#BA7517
11220,6,9,5684.528923910838,At-Risk,#BA7517
11221,41,3,187.14999999999998,At-Risk,#BA7517
11224,19,4,1336.25,At-Risk,#BA7517
11225,21,2,710.95,At-Risk,#BA7517
11226,77,7,1263.87,At-Risk,#BA7517
11227,90,6,1321.75,At-Risk,#BA7517
11228,24,5,820.19,At-Risk,#BA7517
11229,18,5,868.6600000000001,At-Risk,#BA7517
11230,201,2,400.13,New Customers,#7F77DD
11231,173,1,265.1,New Customers,#7F77DD
11232,45,4,259.28,At-Risk,#BA7517
11233,78,10,3470.89,At-Risk,#BA7517
11235,26,5,1121.24,At-Risk,#BA7517
11236,179,3,1340.96,New Customers,#7F77DD
11237,16,10,1654.65,At-Risk,#BA7517
11238,84,1,110.39,At-Risk,#BA7517
11239,45,4,1015.99,At-Risk,#BA7517
11240,146,1,74.83,New Customers,#7F77DD
11241,59,4,608.9,At-Risk,#BA7517
11242,76,4,790.3100000000001,At-Risk,#BA7517
11244,177,2,487.9,New Customers,#7F77DD
11245,155,2,280.64,New Customers,#7F77DD
11246,25,5,1312.03,At-Risk,#BA7517
11247,57,2,810.26,At-Risk,#BA7517
11248,212,1,117.81,New Customers,#7F77DD
11249,292,1,364.36,New Customers,#7F77DD
11250,55,2,247.61,At-Risk,#BA7517
11251,117,1,60.54,At-Risk,#BA7517
11252,238,1,162.02,New Customers,#7F77DD
11253,15,1,74.88,At-Risk,#BA7517
11254,274,3,740.22,New Customers,#7F77DD
11255,129,5,985.93,At-Risk,#BA7517
11256,8,3,862.8199999999999,At-Risk,#BA7517
11257,14,13,5907.5029138153695,At-Risk,#BA7517
11258,22,1,394.54,At-Risk,#BA7517
11259,8,3,907.09,At-Risk,#BA7517
11260,38,5,1975.72,At-Risk,#BA7517
11262,134,6,948.4,At-Risk,#BA7517
11263,55,1,315.3,At-Risk,#BA7517
11264,4,1,81.94,At-Risk,#BA7517
11265,211,4,633.61,New Customers,#7F77DD
11266,260,1,575.08,New Customers,#7F77DD
11267,190,3,879.6,New Customers,#7F77DD
11268,76,4,1080.74,At-Risk,#BA7517
11269,2,7,922.73,At-Risk,#BA7517
11272,183,3,371.89,New Customers,#7F77DD
11273,156,2,240.96999999999997,New Customers,#7F77DD
11274,124,1,337.8,At-Risk,#BA7517
11275,247,1,165.48,New Customers,#7F77DD
11276,190,3,847.06,New Customers,#7F77DD
11277,210,3,953.36,New Customers,#7F77DD
11278,221,2,253.94,New Customers,#7F77DD
11279,15,4,956.1000000000001,At-Risk,#BA7517
11280,30,3,479.56000000000006,At-Risk,#BA7517
11281,176,3,1154.3,New Customers,#7F77DD
11282,42,3,601.01,At-Risk,#BA7517
11283,46,1,179.44,At-Risk,#BA7517
11285,213,1,139.11,New Customers,#7F77DD
11286,21,4,2892.2624506289085,At-Risk,#BA7517
11287,15,15,4639.42,At-Risk,#BA7517
11289,79,3,730.98,At-Risk,#BA7517
11290,71,2,182.19,At-Risk,#BA7517
11291,1,68,13300.89,At-Risk,#BA7517
11292,107,1,151.7,At-Risk,#BA7517
11293,161,5,1734.01,New Customers,#7F77DD
11294,47,7,1065.09,At-Risk,#BA7517
11296,18,2,357.85,At-Risk,#BA7517
11297,158,1,636.36,New Customers,#7F77DD
11298,248,2,638.26,New Customers,#7F77DD
11299,240,1,246.84,New Customers,#7F77DD
11301,7,2,166.76,At-Risk,#BA7517
11302,20,4,671.65,At-Risk,#BA7517
11303,185,1,123.24,New Customers,#7F77DD
11305,39,4,580.0699999999999,At-Risk,#BA7517
11306,74,4,559.3299999999999,At-Risk,#BA7517
11307,167,3,519.7,New Customers,#7F77DD
11308,63,4,763.52,At-Risk,#BA7517
11309,49,16,2510.84,At-Risk,#BA7517
11310,76,3,504.87,At-Risk,#BA7517
11311,17,8,1097.5,At-Risk,#BA7517
11312,27,5,504.67999999999995,At-Risk,#BA7517
11313,125,3,1066.04,At-Risk,#BA7517
11314,146,4,725.75,New Customers,#7F77DD
11315,217,1,80.95,New Customers,#7F77DD
11316,176,1,53.75,New Customers,#7F77DD
11317,279,3,283.17,New Customers,#7F77DD
11318,312,1,221.7,New Customers,#7F77DD
11319,144,4,920.16,New Customers,#7F77DD
11321,13,4,1074.08,At-Risk,#BA7517
11322,342,1,92.75,New Customers,#7F77DD
11324,219,2,306.73,New Customers,#7F77DD
11326,40,3,205.47,At-Risk,#BA7517
11327,27,3,550.5699999999999,At-Risk,#BA7517
11328,14,4,452.22,At-Risk,#BA7517
11329,33,1,416.58,At-Risk,#BA7517
11331,178,1,234.68,New Customers,#7F77DD
11332,26,2,368.72,At-Risk,#BA7517
11333,7,5,707.93,At-Risk,#BA7517
11334,205,3,393.01,New Customers,#7F77DD
11335,3,1,867.42,At-Risk,#BA7517
11336,185,1,197.68,New Customers,#7F77DD
11337,102,3,1070.8899999999999,At-Risk,#BA7517
11339,28,18,3061.29,At-Risk,#BA7517
11340,88,5,1485.4199999999998,At-Risk,#BA7517
11341,16,5,600.66,At-Risk,#BA7517
11343,26,4,461.53,At-Risk,#BA7517
11344,17,15,2558.61,At-Risk,#BA7517
11345,1,3,647.71,At-Risk,#BA7517
11346,36,5,1718.46,At-Risk,#BA7517
11347,184,2,575.6,New Customers,#7F77DD
11348,257,2,342.88,New Customers,#7F77DD
11349,52,4,678.02,At-Risk,#BA7517
11350,262,1,242.31,New Customers,#7F77DD
11351,54,3,297.6,At-Risk,#BA7517
11352,19,3,407.73,At-Risk,#BA7517
11353,14,5,1677.77,At-Risk,#BA7517
11354,27,2,196.93,At-Risk,#BA7517
11356,349,1,50.93,New Customers,#7F77DD
11357,228,1,344.64,New Customers,#7F77DD
11358,66,3,512.57,At-Risk,#BA7517
11359,112,3,293.34000000000003,At-Risk,#BA7517
11360,48,1,657.81,At-Risk,#BA7517
11361,63,3,232.05,At-Risk,#BA7517
11362,154,1,72.0,New Customers,#7F77DD
11363,52,2,236.12,At-Risk,#BA7517
11364,195,2,600.35,New Customers,#7F77DD
11365,229,1,346.15,New Customers,#7F77DD
11367,302,1,398.34,New Customers,#7F77DD
11368,244,1,174.06,New Customers,#7F77DD
11370,187,1,48.54,New Customers,#7F77DD
11371,134,2,202.28,New Customers,#7F77DD
11373,50,2,138.31,At-Risk,#BA7517
11374,31,6,1638.53,At-Risk,#BA7517
11375,99,3,1369.46,At-Risk,#BA7517
11376,29,9,2830.5,At-Risk,#BA7517
11377,39,6,761.73,At-Risk,#BA7517
11378,138,1,182.48,New Customers,#7F77DD
11379,243,1,81.09,New Customers,#7F77DD
11381,243,1,386.0,New Customers,#7F77DD
11382,81,1,54.5,At-Risk,#BA7517
11383,26,8,1523.7,At-Risk,#BA7517
11384,66,2,110.47999999999999,At-Risk,#BA7517
11386,10,3,374.51,At-Risk,#BA7517
11387,237,2,324.79999999999995,New Customers,#7F77DD
11388,113,2,707.18,At-Risk,#BA7517
11389,24,3,354.92,At-Risk,#BA7517
11390,188,1,292.76,New Customers,#7F77DD
11391,99,2,819.12,At-Risk,#BA7517
11392,11,17,2810.59,At-Risk,#BA7517
11393,199,4,1278.93,New Customers,#7F77DD
11394,74,4,1005.1899999999999,At-Risk,#BA7517
11396,56,3,411.52,At-Risk,#BA7517
11397,205,2,508.22,New Customers,#7F77DD
11398,169,2,761.64,New Customers,#7F77DD
11399,64,2,158.7,At-Risk,#BA7517
11400,118,3,496.67,At-Risk,#BA7517
11402,26,1,132.06,At-Risk,#BA7517
11403,11,13,2047.73,At-Risk,#BA7517
11405,147,4,683.95,New Customers,#7F77DD
11406,3,24,3472.87,At-Risk,#BA7517
11407,54,2,911.02,At-Risk,#BA7517
11409,40,9,1508.04,At-Risk,#BA7517
11410,179,2,272.12,New Customers,#7F77DD
11411,71,3,280.03,At-Risk,#BA7517
11412,73,1,85.2,At-Risk,#BA7517
11413,161,2,769.29,New Customers,#7F77DD
11414,17,5,1496.5300000000002,At-Risk,#BA7517
11415,10,2,231.73,At-Risk,#BA7517
11416,66,5,482.95,At-Risk,#BA7517
11417,9,18,4558.96,At-Risk,#BA7517
11418,1,3,458.18,At-Risk,#BA7517
11419,138,5,1284.08,New Customers,#7F77DD
11420,302,1,137.58,New Customers,#7F77DD
11421,149,7,952.03,New Customers,#7F77DD
11422,54,1,52.46,At-Risk,#BA7517
11423,342,1,31.78,New Customers,#7F77DD
11424,48,4,545.5,At-Risk,#BA7517
11425,96,1,59.83,At-Risk,#BA7517
11426,52,8,1513.08,At-Risk,#BA7517
11429,132,1,56.56,New Customers,#7F77DD
11430,18,6,785.1899999999999,At-Risk,#BA7517
11431,93,3,862.8300000000002,At-Risk,#BA7517
11432,190,2,1258.7,New Customers,#7F77DD
11433,38,2,337.37,At-Risk,#BA7517
11434,168,2,902.75,New Customers,#7F77DD
11435,16,2,473.44,At-Risk,#BA7517
11436,246,1,85.45,New Customers,#7F77DD
11437,121,2,1065.55,At-Risk,#BA7517
11438,6,3,974.1500000000001,At-Risk,#BA7517
11439,18,10,1335.39,At-Risk,#BA7517
11440,123,1,69.84,At-Risk,#BA7517
11442,35,8,1044.91,At-Risk,#BA7517
11443,257,1,105.44,New Customers,#7F77DD
11444,40,3,553.0,At-Risk,#BA7517
11445,17,7,924.14,At-Risk,#BA7517
11446,127,2,182.14,At-Risk,#BA7517
11448,15,6,1892.31,At-Risk,#BA7517
11449,8,1,137.74,At-Risk,#BA7517
11450,20,2,366.98,At-Risk,#BA7517
11452,245,1,40.72,New Customers,#7F77DD
11453,264,2,317.52,New Customers,#7F77DD
11454,12,3,972.92,At-Risk,#BA7517
11455,213,3,637.3399999999999,New Customers,#7F77DD
11458,206,1,58.12,New Customers,#7F77DD
11461,177,2,230.52999999999997,New Customers,#7F77DD
11462,59,2,336.04,At-Risk,#BA7517
11463,129,1,92.93,At-Risk,#BA7517
11464,324,1,37.33,New Customers,#7F77DD
11465,245,1,411.2,New Customers,#7F77DD
11466,71,6,490.66999999999996,At-Risk,#BA7517
11467,61,4,550.92,At-Risk,#BA7517
11468,24,10,8887.762661990348,At-Risk,#BA7517
11469,116,5,628.1800000000001,At-Risk,#BA7517
11470,65,1,56.54,At-Risk,#BA7517
11471,62,2,150.43,At-Risk,#BA7517
11472,49,3,767.88,At-Risk,#BA7517
11473,95,3,621.05,At-Risk,#BA7517
11474,63,1,51.5,At-Risk,#BA7517
11475,82,4,392.12,At-Risk,#BA7517
11476,4,9,3179.772046481517,At-Risk,#BA7517
11477,25,3,356.63,At-Risk,#BA7517
11479,105,1,53.89,At-Risk,#BA7517
11480,89,3,739.12,At-Risk,#BA7517
11481,14,16,3268.04,At-Risk,#BA7517
11482,112,1,70.07,At-Risk,#BA7517
11483,134,2,173.56,New Customers,#7F77DD
11484,134,3,903.51,New Customers,#7F77DD
11485,123,3,462.09999999999997,At-Risk,#BA7517
11486,261,2,222.3,New Customers,#7F77DD
11487,55,2,182.19,At-Risk,#BA7517
11488,159,2,434.39,New Customers,#7F77DD
11490,15,3,534.92,At-Risk,#BA7517
11491,108,1,330.5,At-Risk,#BA7517
11492,207,3,356.08,New Customers,#7F77DD
11495,25,3,235.66,At-Risk,#BA7517
11496,24,5,1182.01,At-Risk,#BA7517
11497,77,3,357.48,At-Risk,#BA7517
11498,14,2,243.7,At-Risk,#BA7517
11499,78,1,251.18,At-Risk,#BA7517
11500,52,4,541.45,At-Risk,#BA7517
11501,21,3,662.5,At-Risk,#BA7517
11502,175,2,119.96000000000001,New Customers,#7F77DD
11503,140,5,1246.3500000000001,New Customers,#7F77DD
11504,4,9,1776.88,At-Risk,#BA7517
11505,360,1,77.45,New Customers,#7F77DD
11507,91,4,1427.7800000000002,At-Risk,#BA7517
11508,19,2,173.18,At-Risk,#BA7517
11509,126,4,324.64,At-Risk,#BA7517
11510,187,1,82.24,New Customers,#7F77DD
11512,10,6,1374.6,At-Risk,#BA7517
11513,241,1,176.97,New Customers,#7F77DD
11514,216,5,969.3,New Customers,#7F77DD
11515,148,4,1106.96,New Customers,#7F77DD
11516,6,1,701.7,At-Risk,#BA7517
11517,15,18,3847.19,At-Risk,#BA7517
11518,52,3,1422.07,At-Risk,#BA7517
11519,137,2,474.66999999999996,New Customers,#7F77DD
11520,4,4,291.07,At-Risk,#BA7517
11522,96,3,211.05,At-Risk,#BA7517
11523,10,1,142.27,At-Risk,#BA7517
11524,209,1,177.14,New Customers,#7F77DD
11525,17,2,656.74,At-Risk,#BA7517
11526,222,1,342.93,New Customers,#7F77DD
11528,200,1,110.18,New Customers,#7F77DD
11529,85,1,169.71,At-Risk,#BA7517
11530,41,1,90.76,At-Risk,#BA7517
11531,44,1,46.91,At-Risk,#BA7517
11532,101,4,669.48,At-Risk,#BA7517
11533,33,5,732.22,At-Risk,#BA7517
11534,72,3,724.1,At-Risk,#BA7517
11535,202,2,113.37,New Customers,#7F77DD
11536,194,1,655.92,New Customers,#7F77DD
11537,114,2,702.9300000000001,At-Risk,#BA7517
11538,152,2,145.56,New Customers,#7F77DD
11539,14,1,187.8,At-Risk,#BA7517
11540,103,3,789.54,At-Risk,#BA7517
11541,28,1,50.42,At-Risk,#BA7517
11542,124,4,591.1899999999999,At-Risk,#BA7517
11543,58,3,246.13,At-Risk,#BA7517
11545,84,4,801.87,At-Risk,#BA7517
11546,218,1,126.58,New Customers,#7F77DD
11547,133,2,402.24,New Customers,#7F77DD
11550,47,2,245.85,At-Risk,#BA7517
11551,2,23,4618.23,At-Risk,#BA7517
11552,21,13,2487.25,At-Risk,#BA7517
11553,13,3,469.18,At-Risk,#BA7517
11554,13,2,402.0,At-Risk,#BA7517
11555,26,3,273.24,At-Risk,#BA7517
11556,237,1,88.42,New Customers,#7F77DD
11557,19,2,221.84,At-Risk,#BA7517
11559,28,4,1023.1000000000001,At-Risk,#BA7517
11560,5,5,1080.27,At-Risk,#BA7517
11561,137,2,370.96,New Customers,#7F77DD
11562,133,2,531.8100000000001,New Customers,#7F77DD
11563,179,5,1334.78,New Customers,#7F77DD
11564,10,5,961.39,At-Risk,#BA7517
11565,323,1,484.53,New Customers,#7F77DD
11566,141,3,628.79,New Customers,#7F77DD
11567,90,1,116.5,At-Risk,#BA7517
11568,262,1,190.94,New Customers,#7F77DD
11569,93,6,1192.54,At-Risk,#BA7517
11571,186,3,1145.51,New Customers,#7F77DD
11572,19,4,935.02,At-Risk,#BA7517
11573,67,3,498.87,At-Risk,#BA7517
11574,25,1,559.77,At-Risk,#BA7517
11575,270,1,254.89,New Customers,#7F77DD
11576,124,3,387.26,At-Risk,#BA7517
11577,165,1,68.59,New Customers,#7F77DD
11578,10,3,346.84999999999997,At-Risk,#BA7517
11579,12,1,650.6,At-Risk,#BA7517
11580,70,1,178.78,At-Risk,#BA7517
11581,7,2,171.0,At-Risk,#BA7517
11582,111,1,129.16,At-Risk,#BA7517
11583,8,4,500.93,At-Risk,#BA7517
11584,2,3,292.76,At-Risk,#BA7517
11585,112,2,290.92,At-Risk,#BA7517
11586,88,1,787.7,At-Risk,#BA7517
11587,85,7,1533.17,At-Risk,#BA7517
11588,61,3,1339.8,At-Risk,#BA7517
11589,171,1,135.0,New Customers,#7F77DD
11591,96,1,139.64,At-Risk,#BA7517
11592,91,3,522.44,At-Risk,#BA7517
11593,92,1,152.16,At-Risk,#BA7517
11594,3,4,483.01,At-Risk,#BA7517
11595,42,4,1808.4099999999999,At-Risk,#BA7517
11596,93,3,353.40999999999997,At-Risk,#BA7517
11597,15,7,1704.0,At-Risk,#BA7517
11598,151,2,157.71,New Customers,#7F77DD
11599,145,1,46.0,New Customers,#7F77DD
11600,47,2,563.45,At-Risk,#BA7517
11601,48,4,845.76,At-Risk,#BA7517
11602,20,14,2995.184312097956,At-Risk,#BA7517
11603,8,21,4223.65,At-Risk,#BA7517
11605,53,3,220.04,At-Risk,#BA7517
11607,19,8,1720.62,At-Risk,#BA7517
11608,152,1,205.41,New Customers,#7F77DD
11609,40,1,93.78,At-Risk,#BA7517
11610,65,1,101.36,At-Risk,#BA7517
11611,151,6,1182.3400000000001,New Customers,#7F77DD
11612,20,8,2012.3400000000001,At-Risk,#BA7517
11613,61,2,308.28,At-Risk,#BA7517
11614,308,1,395.36,New Customers,#7F77DD
11615,73,1,28.78,At-Risk,#BA7517
11616,298,2,333.40000000000003,New Customers,#7F77DD
11617,232,1,199.53,New Customers,#7F77DD
11619,292,1,126.96,New Customers,#7F77DD
11620,34,2,545.82,At-Risk,#BA7517
11622,9,10,2016.48,At-Risk,#BA7517
11624,262,1,63.16,New Customers,#7F77DD
11625,162,1,95.32,New Customers,#7F77DD
11626,58,1,49.56,At-Risk,#BA7517
11627,192,2,244.39000000000001,New Customers,#7F77DD
11628,142,2,803.26,New Customers,#7F77DD
11629,9,4,1175.1699999999998,At-Risk,#BA7517
11630,25,2,356.82,At-Risk,#BA7517
11631,140,2,918.28,New Customers,#7F77DD
11632,124,2,464.49,At-Risk,#BA7517
11633,121,1,59.33,At-Risk,#BA7517
11634,295,1,73.06,New Customers,#7F77DD
11635,119,3,872.5699999999999,At-Risk,#BA7517
11636,13,9,2171.34,At-Risk,#BA7517
11637,151,3,462.03999999999996,New Customers,#7F77DD
11638,178,2,279.02,New Customers,#7F77DD
11639,7,6,854.4300000000001,At-Risk,#BA7517
11641,77,4,739.56,At-Risk,#BA7517
11642,17,1,168.9,At-Risk,#BA7517
11643,2,2,195.42,At-Risk,#BA7517
11644,120,1,243.45,At-Risk,#BA7517
11645,22,7,1400.99,At-Risk,#BA7517
11646,187,2,897.7099999999999,New Customers,#7F77DD
11647,99,1,646.86,At-Risk,#BA7517
11649,116,5,843.11,At-Risk,#BA7517
11650,74,2,1419.58,At-Risk,#BA7517
11651,124,1,236.01,At-Risk,#BA7517
11652,109,3,1289.8000000000002,At-Risk,#BA7517
11653,21,4,1042.31,At-Risk,#BA7517
11654,257,2,202.42000000000002,New Customers,#7F77DD
11655,208,2,2093.062007254263,New Customers,#7F77DD
11656,19,34,4979.07,At-Risk,#BA7517
11657,192,4,743.92,New Customers,#7F77DD
11658,1,33,5551.68,At-Risk,#BA7517
11659,1,577,136857.1699302652,Champions,#378ADD
11660,116,1,557.0,At-Risk,#BA7517
11661,55,2,237.8,At-Risk,#BA7517
11662,184,2,194.92000000000002,New Customers,#7F77DD
11663,14,7,1174.03,At-Risk,#BA7517
11664,172,1,195.39,New Customers,#7F77DD
11665,105,3,435.26,At-Risk,#BA7517
11667,14,4,682.79,At-Risk,#BA7517
11668,122,3,768.32,At-Risk,#BA7517
11669,13,3,498.18,At-Risk,#BA7517
11670,89,1,223.88,At-Risk,#BA7517
11671,17,1,252.29,At-Risk,#BA7517
11672,346,1,193.42,New Customers,#7F77DD
11673,10,3,1209.6899999999998,At-Risk,#BA7517
11674,1,2,398.67,At-Risk,#BA7517
11675,13,9,1604.4,At-Risk,#BA7517
11676,3,92,18366.25,Loyal Customers,#1D9E75
11677,178,3,193.95999999999998,New Customers,#7F77DD
11678,50,5,2226.8599999999997,At-Risk,#BA7517
11679,97,7,1731.43,At-Risk,#BA7517
11680,158,2,204.54000000000002,New Customers,#7F77DD
11681,21,2,286.15000000000003,At-Risk,#BA7517
11682,212,3,1217.97,New Customers,#7F77DD
11683,144,1,140.26,New Customers,#7F77DD
11686,90,6,776.1600000000001,At-Risk,#BA7517
11687,22,9,1840.75,At-Risk,#BA7517
11688,82,4,1377.68,At-Risk,#BA7517
11689,29,2,446.71,At-Risk,#BA7517
11690,28,8,1490.53,At-Risk,#BA7517
11691,266,1,93.34,New Customers,#7F77DD
11693,50,5,764.38,At-Risk,#BA7517
11694,33,5,1002.58,At-Risk,#BA7517
11695,62,1,146.5,At-Risk,#BA7517
11696,174,2,666.1600000000001,New Customers,#7F77DD
11697,25,3,644.13,At-Risk,#BA7517
11698,6,33,6773.09,At-Risk,#BA7517
11699,333,1,207.97,New Customers,#7F77DD
11700,23,4,2673.0968119729605,At-Risk,#BA7517
11702,153,4,587.74,New Customers,#7F77DD
11703,233,3,655.63,New Customers,#7F77DD
11704,17,11,1543.23,At-Risk,#BA7517
11705,81,4,484.84999999999997,At-Risk,#BA7517
11706,36,4,771.85,At-Risk,#BA7517
11707,168,3,290.93,New Customers,#7F77DD
11708,59,1,73.55,At-Risk,#BA7517
11709,2,6,1907.6,At-Risk,#BA7517
11710,1,95,16442.41,Loyal Customers,#1D9E75
11711,65,3,299.35,At-Risk,#BA7517
11712,68,3,434.94,At-Risk,#BA7517
11713,96,4,518.13,At-Risk,#BA7517
11714,3,55,10305.98611230516,At-Risk,#BA7517
11716,16,4,1302.9299999999998,At-Risk,#BA7517
11717,136,2,193.91,New Customers,#7F77DD
11718,261,2,639.91,New Customers,#7F77DD
11719,2,2,314.46000000000004,At-Risk,#BA7517
11720,108,2,275.26,At-Risk,#BA7517
11721,257,1,50.49,New Customers,#7F77DD
11722,73,1,134.82,At-Risk,#BA7517
11723,36,7,932.48,At-Risk,#BA7517
11724,20,9,1949.0,At-Risk,#BA7517
11725,24,9,1696.06,At-Risk,#BA7517
11726,2,7,1769.5700000000002,At-Risk,#BA7517
11727,76,2,295.5,At-Risk,#BA7517
11728,199,1,71.32,New Customers,#7F77DD
11729,104,1,61.94,At-Risk,#BA7517
11730,56,1,67.82,At-Risk,#BA7517
11732,114,1,84.78,At-Risk,#BA7517
11733,125,2,585.63,At-Risk,#BA7517
11734,35,4,528.64,At-Risk,#BA7517
11735,88,1,394.8,At-Risk,#BA7517
11736,28,33,5277.54,At-Risk,#BA7517
11737,18,16,3676.11,At-Risk,#BA7517
11740,292,2,176.42000000000002,New Customers,#7F77DD
11741,9,7,1018.6800000000001,At-Risk,#BA7517
11742,352,1,169.35,New Customers,#7F77DD
11743,15,2,415.08000000000004,At-Risk,#BA7517
11744,33,1,256.24,At-Risk,#BA7517
11745,33,3,404.28999999999996,At-Risk,#BA7517
11746,74,5,1115.29,At-Risk,#BA7517
11747,15,2,332.62,At-Risk,#BA7517
11748,1,1,306.68,At-Risk,#BA7517
11749,35,5,1096.38,At-Risk,#BA7517
11751,24,5,944.12,At-Risk,#BA7517
11752,20,11,1990.42,At-Risk,#BA7517
11754,48,1,55.72,At-Risk,#BA7517
11755,204,3,503.79,New Customers,#7F77DD
11756,174,2,81.48,New Customers,#7F77DD
11758,31,5,3210.0029949402738,At-Risk,#BA7517
11759,17,2,287.72,At-Risk,#BA7517
11760,95,7,1473.77,At-Risk,#BA7517
11761,63,2,308.76,At-Risk,#BA7517
11762,101,3,269.28999999999996,At-Risk,#BA7517
11763,15,3,1050.78,At-Risk,#BA7517
11764,27,3,707.75,At-Risk,#BA7517
11765,315,1,203.12,New Customers,#7F77DD
11766,52,2,668.08,At-Risk,#BA7517
11767,8,2,453.23,At-Risk,#BA7517
11768,128,2,167.68,At-Risk,#BA7517
11769,26,2,324.37,At-Risk,#BA7517
11770,16,3,716.0,At-Risk,#BA7517
11771,8,3,349.26,At-Risk,#BA7517
11772,300,1,186.2,New Customers,#7F77DD
11773,60,3,640.53,At-Risk,#BA7517
11774,20,9,1082.3700000000001,At-Risk,#BA7517
11775,240,1,1172.55,New Customers,#7F77DD
11776,81,2,417.47,At-Risk,#BA7517
11777,48,4,383.55,At-Risk,#BA7517
11778,75,3,445.88,At-Risk,#BA7517
11779,170,1,102.94,New Customers,#7F77DD
11780,229,1,181.02,New Customers,#7F77DD
11781,166,1,72.81,New Customers,#7F77DD
11782,5,6,893.6700000000001,At-Risk,#BA7517
11783,19,3,365.0,At-Risk,#BA7517
11784,58,3,556.58,At-Risk,#BA7517
11785,91,3,1276.17,At-Risk,#BA7517
11786,106,2,554.0699999999999,At-Risk,#BA7517
11787,179,3,757.48,New Customers,#7F77DD
11788,10,5,572.39,At-Risk,#BA7517
11789,91,4,350.89,At-Risk,#BA7517
11792,124,3,510.33,At-Risk,#BA7517
11794,8,3,970.4399999999999,At-Risk,#BA7517
11795,18,4,327.62,At-Risk,#BA7517
11796,14,7,1544.57,At-Risk,#BA7517
11797,28,4,943.27,At-Risk,#BA7517
11798,21,3,307.54,At-Risk,#BA7517
11800,83,10,1545.2,At-Risk,#BA7517
11801,187,4,590.56,New Customers,#7F77DD
11802,29,6,635.5600000000001,At-Risk,#BA7517
11803,331,1,171.04,New Customers,#7F77DD
11804,8,5,672.25,At-Risk,#BA7517
11805,19,2,198.23000000000002,At-Risk,#BA7517
11806,48,3,852.02,At-Risk,#BA7517
11808,27,3,269.24,At-Risk,#BA7517
11809,44,6,1452.5400000000002,At-Risk,#BA7517
11810,93,3,392.40999999999997,At-Risk,#BA7517
11811,184,1,200.35,New Customers,#7F77DD
11812,1,2,463.89,At-Risk,#BA7517
11814,63,2,106.53,At-Risk,#BA7517
11815,100,1,63.57,At-Risk,#BA7517
11816,52,3,535.78,At-Risk,#BA7517
11817,39,2,197.22,At-Risk,#BA7517
11818,43,2,967.7,At-Risk,#BA7517
11820,31,1,620.34,At-Risk,#BA7517
11821,74,5,777.86,At-Risk,#BA7517
11822,163,3,638.79,New Customers,#7F77DD
11823,19,3,286.82,At-Risk,#BA7517
11824,10,20,3395.5099999999998,At-Risk,#BA7517
11825,13,4,547.24,At-Risk,#BA7517
11826,210,1,45.52,New Customers,#7F77DD
11827,3,6,750.02,At-Risk,#BA7517
11828,34,1,58.43,At-Risk,#BA7517
11829,163,1,529.26,New Customers,#7F77DD
11830,9,5,735.37,At-Risk,#BA7517
11832,112,2,189.38,At-Risk,#BA7517
11833,121,2,133.22,At-Risk,#BA7517
11834,52,4,800.45,At-Risk,#BA7517
11835,49,9,3191.08,At-Risk,#BA7517
11836,11,2,193.35,At-Risk,#BA7517
11837,147,3,547.4499999999999,New Customers,#7F77DD
11838,158,1,256.35,New Customers,#7F77DD
11839,176,1,58.51,New Customers,#7F77DD
11840,8,4,1272.28,At-Risk,#BA7517
11841,7,5,1428.6200000000001,At-Risk,#BA7517
11843,69,2,195.94,At-Risk,#BA7517
11844,7,4,482.96000000000004,At-Risk,#BA7517
11845,247,1,60.78,New Customers,#7F77DD
11846,107,2,351.3,At-Risk,#BA7517
11847,134,2,163.88,New Customers,#7F77DD
11848,350,1,43.39,New Customers,#7F77DD
11849,88,4,1129.27,At-Risk,#BA7517
11850,135,2,577.68,New Customers,#7F77DD
11851,93,4,970.69,At-Risk,#BA7517
11852,93,3,201.87,At-Risk,#BA7517
11853,6,20,4111.12,At-Risk,#BA7517
11854,107,1,107.73,At-Risk,#BA7517
11855,12,6,566.38,At-Risk,#BA7517
11856,36,15,2840.1,At-Risk,#BA7517
11857,61,5,403.74,At-Risk,#BA7517
11858,28,27,5940.02,At-Risk,#BA7517
11859,126,3,313.87,At-Risk,#BA7517
11860,37,1,53.35,At-Risk,#BA7517
11864,350,1,1041.85,New Customers,#7F77DD
11866,117,4,472.21000000000004,At-Risk,#BA7517
11867,205,3,238.69,New Customers,#7F77DD
11868,9,2,520.77,At-Risk,#BA7517
11869,168,2,422.74,New Customers,#7F77DD
11870,19,16,2112.5299999999997,At-Risk,#BA7517
11871,133,2,833.3299999999999,New Customers,#7F77DD
11872,257,1,382.68,New Customers,#7F77DD
11873,29,1,75.18,At-Risk,#BA7517
11874,90,1,474.7,At-Risk,#BA7517
11875,138,3,728.0600000000001,New Customers,#7F77DD
11876,46,2,229.56,At-Risk,#BA7517
11877,13,1,297.54,At-Risk,#BA7517
11878,1,8,1592.3200000000002,At-Risk,#BA7517
11880,73,1,52.87,At-Risk,#BA7517
11881,36,6,1900.81,At-Risk,#BA7517
11882,44,2,730.4,At-Risk,#BA7517
11883,86,2,366.33000000000004,At-Risk,#BA7517
11884,22,6,1500.27,At-Risk,#BA7517
11885,18,2,494.70000000000005,At-Risk,#BA7517
11887,37,2,610.36,At-Risk,#BA7517
11888,51,2,253.05,At-Risk,#BA7517
11889,158,3,900.78,New Customers,#7F77DD
11890,366,1,152.63,New Customers,#7F77DD
11891,28,3,604.25,At-Risk,#BA7517
11892,235,3,359.56000000000006,New Customers,#7F77DD
11893,82,2,529.26,At-Risk,#BA7517
11894,66,3,369.78000000000003,At-Risk,#BA7517
11895,188,2,245.1,New Customers,#7F77DD
11896,238,1,102.58,New Customers,#7F77DD
11897,178,1,373.8,New Customers,#7F77DD
11898,99,2,419.15000000000003,At-Risk,#BA7517
11899,15,4,984.9900000000001,At-Risk,#BA7517
11901,42,3,469.57,At-Risk,#BA7517
11902,3,6,1923.63,At-Risk,#BA7517
11903,196,1,43.58,New Customers,#7F77DD
11904,141,2,689.98,New Customers,#7F77DD
11905,96,4,1008.1,At-Risk,#BA7517
11906,17,3,320.61,At-Risk,#BA7517
11907,140,3,638.69,New Customers,#7F77DD
11908,85,3,835.51,At-Risk,#BA7517
11909,314,2,167.78,New Customers,#7F77DD
11910,29,2,302.24,At-Risk,#BA7517
11911,31,4,731.28,At-Risk,#BA7517
11912,205,1,41.88,New Customers,#7F77DD
11914,61,3,340.95,At-Risk,#BA7517
11916,304,1,129.41,New Customers,#7F77DD
11917,39,2,128.52,At-Risk,#BA7517
11918,9,8,1034.8899999999999,At-Risk,#BA7517
11919,213,2,294.94,New Customers,#7F77DD
11920,99,3,453.11,At-Risk,#BA7517
11923,85,3,693.61,At-Risk,#BA7517
11924,81,2,4196.817806454127,At-Risk,#BA7517
11925,191,1,44.19,New Customers,#7F77DD
11926,237,3,208.85,New Customers,#7F77DD
11927,120,2,797.46,At-Risk,#BA7517
11928,2,2,308.19,At-Risk,#BA7517
11929,1,4,726.99,At-Risk,#BA7517
11930,55,3,1356.67,At-Risk,#BA7517
11931,133,2,295.01,New Customers,#7F77DD
11932,23,2,170.52,At-Risk,#BA7517
11933,210,2,381.15999999999997,New Customers,#7F77DD
11934,51,10,1708.07,At-Risk,#BA7517
11935,317,1,1017.85,New Customers,#7F77DD
11936,25,3,905.41,At-Risk,#BA7517
11937,46,2,335.78000000000003,At-Risk,#BA7517
11938,9,3,582.63,At-Risk,#BA7517
11939,180,2,142.89000000000001,New Customers,#7F77DD
11940,17,3,942.5338680241895,At-Risk,#BA7517
11941,162,2,177.41,New Customers,#7F77DD
11942,190,1,69.32,New Customers,#7F77DD
11943,9,14,2501.42,At-Risk,#BA7517
11944,224,1,87.56,New Customers,#7F77DD
11945,222,1,181.41,New Customers,#7F77DD
11946,99,3,575.65,At-Risk,#BA7517
11947,274,1,90.93,New Customers,#7F77DD
11948,37,2,151.95,At-Risk,#BA7517
11949,60,3,591.41,At-Risk,#BA7517
11950,84,3,1642.04,At-Risk,#BA7517
11951,34,1,120.74,At-Risk,#BA7517
11952,129,2,269.57,At-Risk,#BA7517
11953,277,1,69.76,New Customers,#7F77DD
11954,151,3,271.31,New Customers,#7F77DD
11955,88,2,155.83,At-Risk,#BA7517
11956,219,2,263.76,New Customers,#7F77DD
11957,53,2,295.52,At-Risk,#BA7517
11958,23,4,241.8,At-Risk,#BA7517
11959,64,6,1212.01,At-Risk,#BA7517
11960,160,5,788.6899999999999,New Customers,#7F77DD
11961,324,1,174.96,New Customers,#7F77DD
11962,190,3,360.20000000000005,New Customers,#7F77DD
11963,210,1,249.04,New Customers,#7F77DD
11964,189,1,178.94,New Customers,#7F77DD
11965,63,3,780.4200000000001,At-Risk,#BA7517
11966,191,2,179.37,New Customers,#7F77DD
11967,50,3,474.64,At-Risk,#BA7517
11968,82,1,54.16,At-Risk,#BA7517
11970,82,6,979.72,At-Risk,#BA7517
11971,31,5,772.5,At-Risk,#BA7517
11972,50,2,400.57,At-Risk,#BA7517
11973,3,13,2768.73,At-Risk,#BA7517
11974,71,2,334.66,At-Risk,#BA7517
11975,107,1,112.44,At-Risk,#BA7517
11976,11,8,1374.3400000000001,At-Risk,#BA7517
11977,6,3,1351.65,At-Risk,#BA7517
11978,128,4,683.6,At-Risk,#BA7517
11979,134,2,311.04,New Customers,#7F77DD
11981,158,3,891.1600000000001,New Customers,#7F77DD
11982,173,2,471.8,New Customers,#7F77DD
11983,219,2,303.79,New Customers,#7F77DD
11984,255,4,598.2,New Customers,#7F77DD
11985,37,2,354.24,At-Risk,#BA7517
11986,83,3,414.36,At-Risk,#BA7517
11988,157,3,565.38,New Customers,#7F77DD
11989,49,3,398.08,At-Risk,#BA7517
11992,196,3,322.58,New Customers,#7F77DD
11993,51,3,477.14,At-Risk,#BA7517
11994,84,1,72.44,At-Risk,#BA7517
11995,104,2,211.75,At-Risk,#BA7517
11996,66,5,1045.44,At-Risk,#BA7517
11997,53,9,946.39,At-Risk,#BA7517
11998,56,18,6418.953181588679,At-Risk,#BA7517
11999,18,4,1298.81,At-Risk,#BA7517
12000,2,2,249.34,At-Risk,#BA7517
12001,13,23,3702.2,At-Risk,#BA7517
12002,193,2,319.87,New Customers,#7F77DD
12003,52,1,83.54,At-Risk,#BA7517
12004,11,2,332.6,At-Risk,#BA7517
12005,272,1,153.1,New Customers,#7F77DD
12006,12,2,259.15999999999997,At-Risk,#BA7517
12007,246,1,748.47,New Customers,#7F77DD
12008,113,1,71.81,At-Risk,#BA7517
12009,1,4,580.32,At-Risk,#BA7517
12010,51,4,799.1700000000001,At-Risk,#BA7517
12011,44,5,2185.62,At-Risk,#BA7517
12012,74,2,508.18,At-Risk,#BA7517
12013,65,2,883.24,At-Risk,#BA7517
12015,236,1,85.87,New Customers,#7F77DD
12016,52,2,144.5,At-Risk,#BA7517
12017,360,1,53.71,New Customers,#7F77DD
12018,53,6,1538.15,At-Risk,#BA7517
12019,25,15,3710.38,At-Risk,#BA7517
12020,156,2,271.96,New Customers,#7F77DD
12021,15,6,1449.52,At-Risk,#BA7517
12022,31,2,508.37,At-Risk,#BA7517
12023,141,1,393.68,New Customers,#7F77DD
12024,15,3,585.03,At-Risk,#BA7517
12025,56,4,581.47,At-Risk,#BA7517
12026,196,3,552.73,New Customers,#7F77DD
12027,2,3,466.18,At-Risk,#BA7517
12028,46,3,622.34,At-Risk,#BA7517
12029,37,3,695.02,At-Risk,#BA7517
12031,90,2,282.8,At-Risk,#BA7517
12032,169,2,462.82,New Customers,#7F77DD
12033,54,2,238.22,At-Risk,#BA7517
12035,10,4,314.32,At-Risk,#BA7517
12036,360,1,114.18,New Customers,#7F77DD
12038,119,5,1292.49,At-Risk,#BA7517
12039,215,1,197.13,New Customers,#7F77DD
12040,71,2,1178.86,At-Risk,#BA7517
12041,11,5,1000.87,At-Risk,#BA7517
12042,101,3,353.1,At-Risk,#BA7517
12043,86,1,148.58,At-Risk,#BA7517
12044,2,2,476.08000000000004,At-Risk,#BA7517
12045,223,1,57.57,New Customers,#7F77DD
12046,209,1,69.88,New Customers,#7F77DD
12047,244,1,618.15,New Customers,#7F77DD
12048,101,3,506.41999999999996,At-Risk,#BA7517
12050,307,1,258.76,New Customers,#7F77DD
12051,138,2,373.5,New Customers,#7F77DD
12052,1,3,1367.83,At-Risk,#BA7517
12053,150,3,567.74,New Customers,#7F77DD
12054,103,1,60.07,At-Risk,#BA7517
12055,56,3,320.31,At-Risk,#BA7517
12056,95,6,657.65,At-Risk,#BA7517
12057,12,58,12301.758655290747,At-Risk,#BA7517
12058,11,4,450.96,At-Risk,#BA7517
12059,29,1,63.65,At-Risk,#BA7517
12060,96,5,913.24,At-Risk,#BA7517
12061,22,9,2306.5,At-Risk,#BA7517
12062,156,1,161.41,New Customers,#7F77DD
12063,217,1,98.54,New Customers,#7F77DD
12064,140,6,1440.77,New Customers,#7F77DD
12065,310,1,265.69,New Customers,#7F77DD
12066,34,2,319.87,At-Risk,#BA7517
12069,137,4,323.99,New Customers,#7F77DD
12070,72,2,290.15,At-Risk,#BA7517
12071,141,2,452.89000000000004,New Customers,#7F77DD
12072,3,13,2254.4,At-Risk,#BA7517
12073,54,3,289.53,At-Risk,#BA7517
12074,8,3,463.9,At-Risk,#BA7517
12075,342,1,138.36,New Customers,#7F77DD
12077,164,6,668.8299999999999,New Customers,#7F77DD
12078,204,2,437.72,New Customers,#7F77DD
12079,81,18,9318.024295977724,At-Risk,#BA7517
12080,206,1,182.6,New Customers,#7F77DD
12081,228,2,264.49,New Customers,#7F77DD
12082,264,2,185.52,New Customers,#7F77DD
12083,33,2,381.63,At-Risk,#BA7517
12085,8,2,149.76,At-Risk,#BA7517
12087,73,1,152.86,At-Risk,#BA7517
12088,18,24,6735.5,At-Risk,#BA7517
12089,105,2,601.9,At-Risk,#BA7517
12090,328,2,183.25,New Customers,#7F77DD
12091,171,2,655.65,New Customers,#7F77DD
12092,83,1,125.3,At-Risk,#BA7517
12093,78,3,680.4399999999999,At-Risk,#BA7517
12094,174,1,94.87,New Customers,#7F77DD
12095,136,2,209.46,New Customers,#7F77DD
12096,225,1,117.87,New Customers,#7F77DD
12097,172,3,492.25,New Customers,#7F77DD
12098,297,1,126.59,New Customers,#7F77DD
12099,263,1,157.64,New Customers,#7F77DD
12100,7,6,705.36,At-Risk,#BA7517
12101,41,3,234.89999999999998,At-Risk,#BA7517
12102,141,2,381.56,New Customers,#7F77DD
12103,38,2,395.57000000000005,At-Risk,#BA7517
12104,309,2,574.36,New Customers,#7F77DD
12107,73,4,1011.94,At-Risk,#BA7517
12108,58,10,2144.57,At-Risk,#BA7517
12109,78,2,230.54000000000002,At-Risk,#BA7517
12110,135,6,542.9300000000001,New Customers,#7F77DD
12111,214,2,281.33000000000004,New Customers,#7F77DD
12112,79,1,690.85,At-Risk,#BA7517
12113,5,3,472.84000000000003,At-Risk,#BA7517
12114,2,13,3107.0,At-Risk,#BA7517
12115,214,3,1108.4199999999998,New Customers,#7F77DD
12116,105,4,1166.18,At-Risk,#BA7517
12117,7,15,3861.839359077518,At-Risk,#BA7517
12118,82,5,1970.6573787478362,At-Risk,#BA7517
12119,303,1,146.5,New Customers,#7F77DD
12121,15,5,1748.66,At-Risk,#BA7517
12122,225,4,332.25,New Customers,#7F77DD
12123,129,4,648.01,At-Risk,#BA7517
12124,87,3,481.39,At-Risk,#BA7517
12125,262,1,37.33,New Customers,#7F77DD
12127,45,5,589.68,At-Risk,#BA7517
12128,9,4,755.48,At-Risk,#BA7517
12129,55,4,1994.99,At-Risk,#BA7517
12130,60,1,41.62,At-Risk,#BA7517
12131,143,2,427.42,New Customers,#7F77DD
12132,181,1,76.92,New Customers,#7F77DD
12133,90,2,327.86,At-Risk,#BA7517
12135,10,3,290.83000000000004,At-Risk,#BA7517
12136,114,3,488.58,At-Risk,#BA7517
12137,52,1,121.69,At-Risk,#BA7517
12138,243,1,167.53,New Customers,#7F77DD
12139,175,3,459.66999999999996,New Customers,#7F77DD
12140,6,7,4035.969936035946,At-Risk,#BA7517
12141,14,2,209.0,At-Risk,#BA7517
12142,50,2,802.22,At-Risk,#BA7517
12143,25,2,266.55,At-Risk,#BA7517
12144,108,5,682.65,At-Risk,#BA7517
12145,43,4,360.78,At-Risk,#BA7517
12146,323,1,158.5,New Customers,#7F77DD
12147,195,1,141.72,New Customers,#7F77DD
12148,40,10,1353.02,At-Risk,#BA7517
12149,16,6,834.6,At-Risk,#BA7517
12150,236,1,95.4,New Customers,#7F77DD
12151,90,2,642.0799999999999,At-Risk,#BA7517
12152,173,2,117.51,New Customers,#7F77DD
12153,316,1,90.91,New Customers,#7F77DD
12154,124,4,499.02,At-Risk,#BA7517
12155,139,4,545.37,New Customers,#7F77DD
12156,119,7,1455.6200000000001,At-Risk,#BA7517
12157,18,12,2791.15,At-Risk,#BA7517
12158,110,4,847.1700000000001,At-Risk,#BA7517
12159,184,1,293.64,New Customers,#7F77DD
12160,29,5,509.79,At-Risk,#BA7517
12161,281,1,256.56,New Customers,#7F77DD
12162,30,3,358.86,At-Risk,#BA7517
12164,150,2,501.68,New Customers,#7F77DD
12167,49,5,875.4000000000001,At-Risk,#BA7517
12168,63,3,169.97,At-Risk,#BA7517
12169,114,2,385.52000000000004,At-Risk,#BA7517
12170,317,1,71.69,New Customers,#7F77DD
12171,151,2,323.16999999999996,New Customers,#7F77DD
12172,25,3,259.88,At-Risk,#BA7517
12173,1,3,4168.062558185225,At-Risk,#BA7517
12174,7,1,40.9,At-Risk,#BA7517
12175,206,2,321.34000000000003,New Customers,#7F77DD
12176,224,2,779.57,New Customers,#7F77DD
12177,111,1,269.94,At-Risk,#BA7517
12178,3,32,5092.14,At-Risk,#BA7517
12179,130,1,80.74,New Customers,#7F77DD
12181,31,3,338.92999999999995,At-Risk,#BA7517
12182,109,3,510.59999999999997,At-Risk,#BA7517
12183,3,155,31220.17325271826,Loyal Customers,#1D9E75
12184,5,55,10247.44,At-Risk,#BA7517
12185,85,3,234.09,At-Risk,#BA7517
12186,216,1,80.32,New Customers,#7F77DD
12187,183,6,1230.31,New Customers,#7F77DD
12188,21,1,61.89,At-Risk,#BA7517
12190,52,2,289.32,At-Risk,#BA7517
12191,258,1,68.96,New Customers,#7F77DD
12192,191,1,271.72,New Customers,#7F77DD
12193,85,3,451.03999999999996,At-Risk,#BA7517
12194,109,2,275.16,At-Risk,#BA7517
12195,81,8,2062.09,At-Risk,#BA7517
12197,9,7,1225.8400000000001,At-Risk,#BA7517
12198,159,1,43.08,New Customers,#7F77DD
12199,115,3,1314.48,At-Risk,#BA7517
12200,3,1,52.78,At-Risk,#BA7517
12201,236,1,103.27,New Customers,#7F77DD
12202,117,2,356.65,At-Risk,#BA7517
12203,35,5,895.93,At-Risk,#BA7517
12204,167,1,328.08,New Customers,#7F77DD
12205,18,1,169.9,At-Risk,#BA7517
12206,20,38,7056.59,At-Risk,#BA7517
12207,143,3,210.14,New Customers,#7F77DD
12208,43,3,956.58,At-Risk,#BA7517
12209,104,1,355.02,At-Risk,#BA7517
12210,348,1,43.62,New Customers,#7F77DD
12211,178,1,154.6,New Customers,#7F77DD
12212,171,9,1029.08,New Customers,#7F77DD
12213,152,1,31.2,New Customers,#7F77DD
12214,37,1,198.22,At-Risk,#BA7517
12216,81,5,524.56,At-Risk,#BA7517
12217,34,10,1799.16,At-Risk,#BA7517
12218,313,1,121.02,New Customers,#7F77DD
12219,80,2,528.64,At-Risk,#BA7517
12220,43,28,4072.4,At-Risk,#BA7517
12221,200,2,201.08,New Customers,#7F77DD
12222,7,2,582.1800000000001,At-Risk,#BA7517
12223,6,5,742.47,At-Risk,#BA7517
12224,127,3,487.15,At-Risk,#BA7517
12225,96,1,228.21,At-Risk,#BA7517
12227,74,10,2156.5,At-Risk,#BA7517
12228,95,1,495.32,At-Risk,#BA7517
12229,189,1,529.38,New Customers,#7F77DD
12230,4,19,3486.8,At-Risk,#BA7517
12231,152,2,285.98,New Customers,#7F77DD
12233,20,6,1157.77,At-Risk,#BA7517
12234,305,2,219.36,New Customers,#7F77DD
12235,251,2,924.3199999999999,New Customers,#7F77DD
12236,22,1,146.64,At-Risk,#BA7517
12238,35,5,684.25,At-Risk,#BA7517
12239,114,2,674.92,At-Risk,#BA7517
12240,124,4,882.9,At-Risk,#BA7517
12241,108,2,405.28000000000003,At-Risk,#BA7517
12243,24,4,1443.26,At-Risk,#BA7517
12244,34,3,627.55,At-Risk,#BA7517
12245,158,3,898.44,New Customers,#7F77DD
12247,218,1,54.06,New Customers,#7F77DD
12248,28,8,2398.21,At-Risk,#BA7517
12249,273,1,70.18,New Customers,#7F77DD
12250,229,2,200.14,New Customers,#7F77DD
12251,189,3,847.41,New Customers,#7F77DD
12252,73,3,219.92,At-Risk,#BA7517
12253,234,1,166.68,New Customers,#7F77DD
12254,254,1,74.17,New Customers,#7F77DD
12255,46,5,1114.8500000000001,At-Risk,#BA7517
12256,20,3,370.84000000000003,At-Risk,#BA7517
12257,128,1,59.52,At-Risk,#BA7517
12259,25,1,179.2,At-Risk,#BA7517
12260,11,14,1881.3,At-Risk,#BA7517
12261,12,9,1555.76,At-Risk,#BA7517
12262,199,2,594.39,New Customers,#7F77DD
12263,126,4,454.39,At-Risk,#BA7517
12266,93,4,586.6899999999999,At-Risk,#BA7517
12267,89,3,668.6800000000001,At-Risk,#BA7517
12268,22,4,988.76,At-Risk,#BA7517
12269,187,2,410.43,New Customers,#7F77DD
12270,229,2,262.65999999999997,New Customers,#7F77DD
12271,89,3,361.54999999999995,At-Risk,#BA7517
12272,29,6,1479.2,At-Risk,#BA7517
12273,49,2,185.10999999999999,At-Risk,#BA7517
12274,129,2,178.05,At-Risk,#BA7517
12275,27,4,689.37,At-Risk,#BA7517
12276,2,19,3663.88,At-Risk,#BA7517
12277,14,8,2104.56,At-Risk,#BA7517
12279,226,1,69.87,New Customers,#7F77DD
12280,129,2,227.45999999999998,At-Risk,#BA7517
12283,10,2,479.64,At-Risk,#BA7517
12284,33,3,482.09000000000003,At-Risk,#BA7517
12285,245,2,467.19000000000005,New Customers,#7F77DD
12286,218,2,568.88,New Customers,#7F77DD
12287,207,4,1225.79,New Customers,#7F77DD
12288,23,12,3097.33,At-Risk,#BA7517
12289,2,18,3283.19,At-Risk,#BA7517
12290,62,1,94.1,At-Risk,#BA7517
12291,63,3,724.99,At-Risk,#BA7517
12292,24,5,1250.29,At-Risk,#BA7517
12293,78,2,98.82,At-Risk,#BA7517
12294,34,11,2922.4623063128465,At-Risk,#BA7517
12295,59,4,519.6999999999999,At-Risk,#BA7517
12296,120,2,275.97,At-Risk,#BA7517
12297,35,4,628.37,At-Risk,#BA7517
12298,46,3,636.11,At-Risk,#BA7517
12299,35,1,176.1,At-Risk,#BA7517
12300,48,1,98.36,At-Risk,#BA7517
12301,13,2,750.6500000000001,At-Risk,#BA7517
12302,92,2,155.31,At-Risk,#BA7517
12303,70,4,679.82,At-Risk,#BA7517
12304,99,2,237.81,At-Risk,#BA7517
12305,191,2,486.63,New Customers,#7F77DD
12308,183,1,171.1,New Customers,#7F77DD
12309,181,2,391.39,New Customers,#7F77DD
12310,32,8,1419.41,At-Risk,#BA7517
12311,125,7,991.55,At-Risk,#BA7517
12312,60,5,1085.61,At-Risk,#BA7517
12313,65,2,784.8299999999999,At-Risk,#BA7517
12314,32,2,110.71000000000001,At-Risk,#BA7517
12315,54,3,1210.1,At-Risk,#BA7517
12317,15,4,968.0799999999999,At-Risk,#BA7517
12318,218,1,159.38,New Customers,#7F77DD
12319,225,1,126.16,New Customers,#7F77DD
12320,20,3,697.98,At-Risk,#BA7517
12321,1,4,273.67,At-Risk,#BA7517
12322,15,5,1385.16,At-Risk,#BA7517
12323,113,1,111.89,At-Risk,#BA7517
12324,181,1,82.4,New Customers,#7F77DD
12325,186,3,349.01,New Customers,#7F77DD
12326,142,7,2009.08,New Customers,#7F77DD
12327,40,4,343.69,At-Risk,#BA7517
12328,180,4,813.16,New Customers,#7F77DD
12329,178,3,331.87,New Customers,#7F77DD
12330,23,5,1814.44,At-Risk,#BA7517
12331,38,5,680.19,At-Risk,#BA7517
12332,168,1,74.93,New Customers,#7F77DD
12333,225,2,220.37,New Customers,#7F77DD
12334,120,1,236.98,At-Risk,#BA7517
12335,16,22,4406.94,At-Risk,#BA7517
12337,44,3,613.34,At-Risk,#BA7517
12339,80,3,821.5999999999999,At-Risk,#BA7517
12340,57,1,121.83,At-Risk,#BA7517
12341,103,2,415.16,At-Risk,#BA7517
12342,19,5,1632.99,At-Risk,#BA7517
12343,33,3,434.44,At-Risk,#BA7517
12344,218,1,88.58,New Customers,#7F77DD
12345,254,1,167.0,New Customers,#7F77DD
12347,188,3,349.22,New Customers,#7F77DD
12348,354,2,225.77999999999997,New Customers,#7F77DD
12349,155,1,141.69,New Customers,#7F77DD
12350,161,1,336.28,New Customers,#7F77DD
12351,64,3,838.74,At-Risk,#BA7517
12352,25,3,768.9200000000001,At-Risk,#BA7517
12354,79,3,171.93,At-Risk,#BA7517
12355,95,2,593.17,At-Risk,#BA7517
12356,154,2,248.08999999999997,New Customers,#7F77DD
12357,148,1,110.59,New Customers,#7F77DD
12358,51,4,1347.38,At-Risk,#BA7517
12359,3,6,403.16,At-Risk,#BA7517
12360,117,1,168.4,At-Risk,#BA7517
12361,15,3,456.22,At-Risk,#BA7517
12362,122,2,538.27,At-Risk,#BA7517
12363,154,1,187.6,New Customers,#7F77DD
12364,86,2,810.36,At-Risk,#BA7517
12365,193,1,191.29,New Customers,#7F77DD
12366,22,2,272.54,At-Risk,#BA7517
12367,129,1,663.88,At-Risk,#BA7517
12368,282,1,129.93,New Customers,#7F77DD
12369,25,3,356.29,At-Risk,#BA7517
12370,14,1,42.43,At-Risk,#BA7517
12371,2,7,674.43,At-Risk,#BA7517
12372,9,3,499.97,At-Risk,#BA7517
12373,10,4,1218.2,At-Risk,#BA7517
12374,17,2,260.53,At-Risk,#BA7517
12375,59,2,188.52999999999997,At-Risk,#BA7517
12377,55,1,92.54,At-Risk,#BA7517
12378,48,4,568.23,At-Risk,#BA7517
12380,180,1,110.43,New Customers,#7F77DD
12381,16,2,236.7,At-Risk,#BA7517
12382,59,5,700.98,At-Risk,#BA7517
12384,109,3,1022.97,At-Risk,#BA7517
12385,20,4,517.01,At-Risk,#BA7517
12387,12,3,364.13,At-Risk,#BA7517
12388,114,3,234.22000000000003,At-Risk,#BA7517
12390,40,1,349.48,At-Risk,#BA7517
12391,129,2,180.7,At-Risk,#BA7517
12393,52,3,803.5,At-Risk,#BA7517
12394,37,4,1462.83,At-Risk,#BA7517
12395,251,4,490.96000000000004,New Customers,#7F77DD
12396,146,1,65.18,New Customers,#7F77DD
12397,217,1,212.22,New Customers,#7F77DD
12398,333,1,360.72,New Customers,#7F77DD
12399,231,2,187.36,New Customers,#7F77DD
12400,97,2,304.69,At-Risk,#BA7517
12401,124,3,290.51,At-Risk,#BA7517
12402,50,4,827.36,At-Risk,#BA7517
12403,101,3,146.54999999999998,At-Risk,#BA7517
12404,135,6,705.71,New Customers,#7F77DD
12405,75,4,486.01000000000005,At-Risk,#BA7517
12406,123,2,623.2,At-Risk,#BA7517
12407,232,1,148.92,New Customers,#7F77DD
12409,161,1,164.07,New Customers,#7F77DD
12410,71,2,330.45,At-Risk,#BA7517
12411,119,3,371.55,At-Risk,#BA7517
12412,191,1,240.37,New Customers,#7F77DD
12413,5,25,4675.12,At-Risk,#BA7517
12414,30,2,325.38,At-Risk,#BA7517
12415,67,3,532.86,At-Risk,#BA7517
12416,328,1,92.27,New Customers,#7F77DD
12417,229,1,256.42,New Customers,#7F77DD
12418,51,3,1216.62,At-Risk,#BA7517
12419,191,6,1065.37,New Customers,#7F77DD
12420,9,4,1073.99,At-Risk,#BA7517
12421,10,2,226.51999999999998,At-Risk,#BA7517
12422,140,1,180.12,New Customers,#7F77DD
12423,48,1,78.6,At-Risk,#BA7517
12424,106,5,2143.44,At-Risk,#BA7517
12425,153,1,62.73,New Customers,#7F77DD
12426,79,1,91.89,At-Risk,#BA7517
12427,101,4,443.14,At-Risk,#BA7517
12428,12,1,72.81,At-Risk,#BA7517
12429,42,1,839.05,At-Risk,#BA7517
12430,255,2,593.25,New Customers,#7F77DD
12431,20,3,555.08,At-Risk,#BA7517
12432,88,2,681.5899999999999,At-Risk,#BA7517
12433,128,2,251.45,At-Risk,#BA7517
12434,42,2,257.79,At-Risk,#BA7517
12435,288,1,44.21,New Customers,#7F77DD
12436,292,1,170.82,New Customers,#7F77DD
12437,54,3,379.96,At-Risk,#BA7517
12439,217,1,51.98,New Customers,#7F77DD
12440,164,2,650.97,New Customers,#7F77DD
12441,308,1,384.36,New Customers,#7F77DD
12442,44,1,46.86,At-Risk,#BA7517
12443,217,2,237.74,New Customers,#7F77DD
12444,235,1,48.52,New Customers,#7F77DD
12445,15,2,217.76,At-Risk,#BA7517
12446,37,4,1110.45,At-Risk,#BA7517
12447,60,2,518.42,At-Risk,#BA7517
12448,72,12,2472.9300000000003,At-Risk,#BA7517
12449,53,2,169.45,At-Risk,#BA7517
12450,41,8,935.03,At-Risk,#BA7517
12451,170,3,1299.08,New Customers,#7F77DD
12452,30,1,173.06,At-Risk,#BA7517
12453,24,4,821.97,At-Risk,#BA7517
12454,148,4,430.36,New Customers,#7F77DD
12455,207,1,425.75,New Customers,#7F77DD
12456,30,2,768.5999999999999,At-Risk,#BA7517
12457,351,1,216.69,New Customers,#7F77DD
12458,171,1,36.79,New Customers,#7F77DD
12459,61,3,616.7,At-Risk,#BA7517
12460,1,6,2361.13,At-Risk,#BA7517
12461,141,1,238.7,New Customers,#7F77DD
12462,140,1,49.77,New Customers,#7F77DD
12463,28,7,3361.572465212701,At-Risk,#BA7517
12464,277,1,72.04,New Customers,#7F77DD
12465,21,2,233.56,At-Risk,#BA7517
12466,359,1,87.66,New Customers,#7F77DD
12467,94,2,477.14,At-Risk,#BA7517
12468,285,1,244.56,New Customers,#7F77DD
12469,42,5,619.49,At-Risk,#BA7517
12471,11,4,749.94,At-Risk,#BA7517
12472,306,1,186.72,New Customers,#7F77DD
12473,29,6,1167.4099999999999,At-Risk,#BA7517
12474,55,4,572.37,At-Risk,#BA7517
12475,125,1,269.39,At-Risk,#BA7517
12476,37,3,217.06,At-Risk,#BA7517
12477,105,1,96.5,At-Risk,#BA7517
12478,182,1,173.92,New Customers,#7F77DD
12479,100,2,432.44,At-Risk,#BA7517
12480,14,5,1080.48,At-Risk,#BA7517
12481,71,6,817.01,At-Risk,#BA7517
12483,127,1,281.04,At-Risk,#BA7517
12484,34,18,4763.82,At-Risk,#BA7517
12485,47,6,974.04,At-Risk,#BA7517
12488,89,5,571.98,At-Risk,#BA7517
12489,15,40,6943.7,At-Risk,#BA7517
12490,257,1,732.65,New Customers,#7F77DD
12491,20,3,432.90999999999997,At-Risk,#BA7517
12493,67,3,646.49,At-Risk,#BA7517
12494,313,1,102.42,New Customers,#7F77DD
12495,338,1,214.72,New Customers,#7F77DD
12496,179,2,271.39,New Customers,#7F77DD
12497,323,1,172.68,New Customers,#7F77DD
12498,71,2,379.16999999999996,At-Risk,#BA7517
12499,174,2,293.90999999999997,New Customers,#7F77DD
12501,99,3,207.75,At-Risk,#BA7517
12502,129,4,636.92,At-Risk,#BA7517
12503,119,2,81.27000000000001,At-Risk,#BA7517
12504,118,5,1417.67,At-Risk,#BA7517
12505,136,2,141.70999999999998,New Customers,#7F77DD
12506,64,2,134.42000000000002,At-Risk,#BA7517
12507,18,10,2348.67,At-Risk,#BA7517
12509,109,2,582.36,At-Risk,#BA7517
12510,56,2,222.94,At-Risk,#BA7517
12511,23,4,466.9,At-Risk,#BA7517
12512,172,1,109.34,New Customers,#7F77DD
12513,160,1,44.35,New Customers,#7F77DD
12514,94,2,188.07999999999998,At-Risk,#BA7517
12515,253,1,148.13,New Customers,#7F77DD
12516,177,1,90.27,New Customers,#7F77DD
12518,203,2,249.4,New Customers,#7F77DD
12519,120,3,540.6899999999999,At-Risk,#BA7517
12520,32,6,1138.0,At-Risk,#BA7517
12521,30,4,679.46,At-Risk,#BA7517
12522,74,7,1070.46,At-Risk,#BA7517
12524,14,6,1135.59,At-Risk,#BA7517
12525,52,2,540.88,At-Risk,#BA7517
12526,12,1,55.47,At-Risk,#BA7517
12527,157,1,157.36,New Customers,#7F77DD
12529,47,3,320.99,At-Risk,#BA7517
12530,224,5,1157.5,New Customers,#7F77DD
12531,247,2,147.75,New Customers,#7F77DD
12532,159,1,699.87,New Customers,#7F77DD
12534,3,28,6534.81,At-Risk,#BA7517
12536,143,2,109.26,New Customers,#7F77DD
12537,31,2,152.4,At-Risk,#BA7517
12538,16,6,1053.34,At-Risk,#BA7517
12539,166,2,279.58,New Customers,#7F77DD
12541,16,1,92.82,At-Risk,#BA7517
12542,155,1,104.82,New Customers,#7F77DD
12543,71,2,579.3399999999999,At-Risk,#BA7517
12544,109,1,526.52,At-Risk,#BA7517
12545,119,1,161.88,At-Risk,#BA7517
12546,152,2,417.63,New Customers,#7F77DD
12547,180,1,197.5,New Customers,#7F77DD
12548,171,2,103.55000000000001,New Customers,#7F77DD
12549,116,1,66.52,At-Risk,#BA7517
12550,183,2,592.5,New Customers,#7F77DD
12551,104,2,213.14999999999998,At-Risk,#BA7517
12552,45,4,1047.1000000000001,At-Risk,#BA7517
12553,168,1,238.31,New Customers,#7F77DD
12554,146,4,725.12,New Customers,#7F77DD
12555,136,2,68.27000000000001,New Customers,#7F77DD
12556,14,10,1745.22,At-Risk,#BA7517
12557,46,2,326.25,At-Risk,#BA7517
12559,14,5,619.1800000000001,At-Risk,#BA7517
12560,106,2,139.79,At-Risk,#BA7517
12561,136,4,1503.48,New Customers,#7F77DD
12563,44,5,676.46,At-Risk,#BA7517
12564,29,3,755.8499999999999,At-Risk,#BA7517
12566,117,2,1151.03,At-Risk,#BA7517
12567,343,1,569.4,New Customers,#7F77DD
12568,31,3,1114.72,At-Risk,#BA7517
12569,50,3,332.36,At-Risk,#BA7517
12570,86,3,613.51,At-Risk,#BA7517
12571,285,4,580.18,New Customers,#7F77DD
12572,44,1,180.58,At-Risk,#BA7517
12573,92,2,515.36,At-Risk,#BA7517
12574,186,1,261.12,New Customers,#7F77DD
12575,138,1,189.07,New Customers,#7F77DD
12576,39,6,945.32,At-Risk,#BA7517
12577,159,1,71.14,New Customers,#7F77DD
12578,11,7,908.3,At-Risk,#BA7517
12579,80,2,410.47,At-Risk,#BA7517
12580,100,1,177.69,At-Risk,#BA7517
12581,138,2,377.08000000000004,New Customers,#7F77DD
12582,89,1,83.06,At-Risk,#BA7517
12583,105,4,401.53999999999996,At-Risk,#BA7517
12585,173,2,245.76,New Customers,#7F77DD
12586,77,2,298.29,At-Risk,#BA7517
12588,46,5,805.6,At-Risk,#BA7517
12590,97,3,455.07,At-Risk,#BA7517
12591,259,1,220.7,New Customers,#7F77DD
12592,272,1,196.76,New Customers,#7F77DD
12593,48,2,193.82999999999998,At-Risk,#BA7517
12594,97,4,929.52,At-Risk,#BA7517
12595,2,51,11343.067347367554,At-Risk,#BA7517
12596,62,3,645.7,At-Risk,#BA7517
12597,313,3,165.45,New Customers,#7F77DD
12598,58,10,813.57,At-Risk,#BA7517
12599,186,2,889.2437804167536,New Customers,#7F77DD
12600,37,9,1070.27,At-Risk,#BA7517
12601,42,1,152.31,At-Risk,#BA7517
12602,158,2,144.07,New Customers,#7F77DD
12603,51,4,1047.06,At-Risk,#BA7517
12604,139,3,346.90999999999997,New Customers,#7F77DD
12605,150,2,269.1,New Customers,#7F77DD
12606,143,2,150.76999999999998,New Customers,#7F77DD
12607,143,3,422.06,New Customers,#7F77DD
12608,200,1,48.56,New Customers,#7F77DD
12610,257,2,586.3199999999999,New Customers,#7F77DD
12611,1,41,6549.64,At-Risk,#BA7517
12613,1,21,5323.904455278478,At-Risk,#BA7517
12614,54,5,1130.18,At-Risk,#BA7517
12615,8,1,54.2,At-Risk,#BA7517
12616,6,1,171.56,At-Risk,#BA7517
12617,106,3,591.0799999999999,At-Risk,#BA7517
12618,32,6,1121.11,At-Risk,#BA7517
12619,35,7,3056.7393796219976,At-Risk,#BA7517
12620,69,3,987.27,At-Risk,#BA7517
12621,82,3,408.25,At-Risk,#BA7517
12622,97,1,142.82,At-Risk,#BA7517
12623,124,5,922.6400000000001,At-Risk,#BA7517
12624,54,1,138.82,At-Risk,#BA7517
12625,7,8,686.02,At-Risk,#BA7517
12626,112,4,927.9399999999999,At-Risk,#BA7517
12627,59,4,685.9300000000001,At-Risk,#BA7517
12628,59,2,477.04,At-Risk,#BA7517
12630,56,2,356.88,At-Risk,#BA7517
12631,133,4,644.97,New Customers,#7F77DD
12632,59,5,982.47,At-Risk,#BA7517
12633,296,1,131.14,New Customers,#7F77DD
12635,199,4,718.15,New Customers,#7F77DD
12636,172,4,1562.99,New Customers,#7F77DD
12637,64,2,322.14,At-Risk,#BA7517
12638,10,8,1862.12,At-Risk,#BA7517
12639,135,4,454.87,New Customers,#7F77DD
12640,79,3,283.74,At-Risk,#BA7517
12641,313,2,707.36,New Customers,#7F77DD
12642,171,2,699.47,New Customers,#7F77DD
12643,191,2,470.92,New Customers,#7F77DD
12644,128,1,97.8,At-Risk,#BA7517
12645,129,2,121.22999999999999,At-Risk,#BA7517
12646,20,3,270.35,At-Risk,#BA7517
12648,14,5,1145.88,At-Risk,#BA7517
12649,79,2,438.91999999999996,At-Risk,#BA7517
12650,1,12,4798.232075132284,At-Risk,#BA7517
12651,22,3,1410.85,At-Risk,#BA7517
12652,15,5,394.58,At-Risk,#BA7517
12656,44,5,445.16,At-Risk,#BA7517
12657,51,5,1161.6499999999999,At-Risk,#BA7517
12658,132,2,400.21999999999997,New Customers,#7F77DD
12659,31,3,1354.1799999999998,At-Risk,#BA7517
12660,187,1,50.66,New Customers,#7F77DD
12661,80,1,87.35,At-Risk,#BA7517
12662,33,3,532.4499999999999,At-Risk,#BA7517
12665,91,1,402.74,At-Risk,#BA7517
12667,45,1,49.53,At-Risk,#BA7517
12669,99,5,975.72,At-Risk,#BA7517
12670,55,3,402.65999999999997,At-Risk,#BA7517
12671,36,1,164.26,At-Risk,#BA7517
12673,4,5,758.42,At-Risk,#BA7517
12674,203,4,1294.6399999999999,New Customers,#7F77DD
12675,37,5,1362.8400000000001,At-Risk,#BA7517
12676,154,1,45.45,New Customers,#7F77DD
12677,1,3,711.41,At-Risk,#BA7517
12678,77,1,66.43,At-Risk,#BA7517
12679,40,2,208.64,At-Risk,#BA7517
12680,129,4,649.0,At-Risk,#BA7517
12681,154,4,1600.82,New Customers,#7F77DD
12682,176,2,429.93,New Customers,#7F77DD
12684,116,5,1850.8,At-Risk,#BA7517
12685,131,3,508.15,At-Risk,#BA7517
12686,15,15,4647.33,At-Risk,#BA7517
12687,30,1,110.55,At-Risk,#BA7517
12688,44,2,418.78,At-Risk,#BA7517
12691,38,3,383.29,At-Risk,#BA7517
12692,35,2,401.26,At-Risk,#BA7517
12693,91,3,366.68,At-Risk,#BA7517
12694,47,2,592.14,At-Risk,#BA7517
12696,42,2,522.4300000000001,At-Risk,#BA7517
12698,64,4,1213.48,At-Risk,#BA7517
12699,11,4,948.65,At-Risk,#BA7517
12700,58,8,2119.9300000000003,At-Risk,#BA7517
12701,39,2,267.4,At-Risk,#BA7517
12702,76,5,899.5500000000001,At-Risk,#BA7517
12703,73,2,174.70999999999998,At-Risk,#BA7517
12704,110,4,707.1700000000001,At-Risk,#BA7517
12705,95,2,264.58000000000004,At-Risk,#BA7517
12706,10,1,33.19,At-Risk,#BA7517
12707,120,2,817.38,At-Risk,#BA7517
12708,46,8,1682.57,At-Risk,#BA7517
12709,326,1,171.92,New Customers,#7F77DD
12711,334,1,1003.65,New Customers,#7F77DD
12712,5,2,296.56,At-Risk,#BA7517
12713,46,2,685.8199999999999,At-Risk,#BA7517
12714,123,1,74.01,At-Risk,#BA7517
12715,114,3,572.79,At-Risk,#BA7517
12716,88,5,2018.18,At-Risk,#BA7517
12717,25,5,441.4,At-Risk,#BA7517
12718,333,1,46.05,New Customers,#7F77DD
12719,81,2,231.61999999999998,At-Risk,#BA7517
12720,227,2,164.3,New Customers,#7F77DD
12722,145,2,197.20000000000002,New Customers,#7F77DD
12723,78,2,256.71,At-Risk,#BA7517
12724,347,1,188.78,New Customers,#7F77DD
12725,111,2,199.94,At-Risk,#BA7517
12726,1,11,1938.89,At-Risk,#BA7517
12728,25,3,277.6,At-Risk,#BA7517
12729,2,3,347.78,At-Risk,#BA7517
12730,15,5,660.1999999999999,At-Risk,#BA7517
12731,5,6,1324.6200000000001,At-Risk,#BA7517
12732,176,1,180.94,New Customers,#7F77DD
12733,25,4,663.22,At-Risk,#BA7517
12734,26,3,904.1,At-Risk,#BA7517
12735,41,40,5694.14,At-Risk,#BA7517
12736,168,3,293.94,New Customers,#7F77DD
12737,113,2,170.66,At-Risk,#BA7517
12738,151,3,386.69,New Customers,#7F77DD
12739,100,3,726.04,At-Risk,#BA7517
12741,175,1,38.89,New Customers,#7F77DD
12742,254,1,205.83,New Customers,#7F77DD
12743,73,8,1023.5,At-Risk,#BA7517
12744,46,8,2043.3100000000002,At-Risk,#BA7517
12745,131,2,205.35000000000002,New Customers,#7F77DD
12747,147,2,401.61,New Customers,#7F77DD
12748,16,4,519.98,At-Risk,#BA7517
12749,98,2,186.56,At-Risk,#BA7517
12750,150,2,230.53,New Customers,#7F77DD
12751,5,4,552.73,At-Risk,#BA7517
12752,301,1,120.06,New Customers,#7F77DD
12753,4,15,5078.68,At-Risk,#BA7517
12754,62,1,35.47,At-Risk,#BA7517
12755,6,61,12986.8,At-Risk,#BA7517
12756,61,4,745.89,At-Risk,#BA7517
12757,2,3,994.59,At-Risk,#BA7517
12759,85,3,387.69,At-Risk,#BA7517
12760,211,1,207.6,New Customers,#7F77DD
12761,35,2,603.31,At-Risk,#BA7517
12762,2,6,1110.04,At-Risk,#BA7517
12763,19,2,448.5,At-Risk,#BA7517
12764,183,1,151.35,New Customers,#7F77DD
12765,166,2,339.68,New Customers,#7F77DD
12766,106,2,854.56,At-Risk,#BA7517
12767,13,2,403.38,At-Risk,#BA7517
12768,154,3,507.19,New Customers,#7F77DD
12769,121,1,62.81,At-Risk,#BA7517
12770,200,3,589.31,New Customers,#7F77DD
12771,311,1,97.18,New Customers,#7F77DD
12772,83,3,1058.74,At-Risk,#BA7517
12773,78,6,1831.44,At-Risk,#BA7517
12774,2,5,775.1600000000001,At-Risk,#BA7517
12775,7,3,643.26,At-Risk,#BA7517
12776,53,5,1045.87,At-Risk,#BA7517
12777,191,1,499.64,New Customers,#7F77DD
12778,42,6,1009.1,At-Risk,#BA7517
12779,268,1,126.64,New Customers,#7F77DD
12780,6,15,10101.665227093961,At-Risk,#BA7517
12781,177,1,634.17,New Customers,#7F77DD
12784,127,3,606.13,At-Risk,#BA7517
12785,13,2,151.3,At-Risk,#BA7517
12787,227,2,235.18,New Customers,#7F77DD
12788,92,4,363.68,At-Risk,#BA7517
12789,72,2,406.5,At-Risk,#BA7517
12791,61,2,235.07999999999998,At-Risk,#BA7517
12792,237,1,128.84,New Customers,#7F77DD
12793,55,4,412.09,At-Risk,#BA7517
12794,116,2,245.94,At-Risk,#BA7517
12795,108,1,139.68,At-Risk,#BA7517
12796,135,2,1475.29,New Customers,#7F77DD
12797,129,1,419.08,At-Risk,#BA7517
12798,15,6,1206.42,At-Risk,#BA7517
12799,5,18,3192.96,At-Risk,#BA7517
12800,50,4,610.72,At-Risk,#BA7517
12801,17,4,1178.77,At-Risk,#BA7517
12802,24,3,326.68,At-Risk,#BA7517
12803,38,6,1489.84,At-Risk,#BA7517
12805,226,2,474.29,New Customers,#7F77DD
12806,160,3,295.16999999999996,New Customers,#7F77DD
12807,310,1,131.94,New Customers,#7F77DD
12809,24,3,442.57000000000005,At-Risk,#BA7517
12810,192,2,500.25,New Customers,#7F77DD
12811,127,1,150.07,At-Risk,#BA7517
12812,125,2,146.4,At-Risk,#BA7517
12813,315,1,198.75,New Customers,#7F77DD
12814,17,5,1112.16,At-Risk,#BA7517
12816,56,5,612.0699999999999,At-Risk,#BA7517
12817,3,1,70.78,At-Risk,#BA7517
12818,147,5,1045.35,New Customers,#7F77DD
12819,7,9,1402.47,At-Risk,#BA7517
12820,4,1,80.36,At-Risk,#BA7517
12822,52,2,294.98,At-Risk,#BA7517
12823,143,4,1266.63,New Customers,#7F77DD
12824,95,9,2356.47,At-Risk,#BA7517
12825,217,1,79.62,New Customers,#7F77DD
12826,62,2,197.85999999999999,At-Risk,#BA7517
12828,84,3,817.29,At-Risk,#BA7517
12830,96,1,52.25,At-Risk,#BA7517
12831,110,1,33.07,At-Risk,#BA7517
12833,177,3,247.81,New Customers,#7F77DD
12834,210,2,171.4,New Customers,#7F77DD
12835,94,6,1578.83,At-Risk,#BA7517
12836,277,1,77.4,New Customers,#7F77DD
12838,8,2,169.19,At-Risk,#BA7517
12839,337,1,128.51,New Customers,#7F77DD
12840,106,1,82.35,At-Risk,#BA7517
